NOMBRE;DIRECCION;TELEFONOS;HORARIOS;TIPO_SERVICIO;X;Y
PUNTA CARRETAS SHOPPING - CUTCSA;Ellauri 350  Local B-1;2 710 92 03;LUNES A DOMINGO 1000 A 2100 HS.   FERIADOS  1115 A 1745 HS.;Atención Integral STM;576756.691436637;6135116.13864084
TERMINAL COLON  - CUTCSA;Garzón 2084 - Locales 1.2.4 Y 5;2320 7551 int. 130;LUNES A VIERNES DE 0800 A 2000 HS. SABADOS  DE 0715 A 1400 HS. DOMINGOS Y FERIADOS CERRADO;Atención Integral STM;571086.247107143;6149003.94607273
SHOPPING TRES CRUCES - CUTCSA;Bv Gral Artigas 1825 Sector Encomiendas Local 17;2 408 17 67;LUNES A SABADO DE 0900 A 2200 HS. DOMINGOS CERRADO. FERIADOS 1115 A 1745.;Atención Integral STM;576214.724837873;6138429.38486144
MONTEVIDEO SHOPPING - CUTCSA;Av Dr Luis Alberto De Herrera 1290, Local Ss7;2 622 20 89;LUNES A SABADO DE 1000 A 2200 HS.  DOMINGOS CERRADO. FERIADOS 1115 A 1745;Atención Integral STM;578819.607934607;6137252.88521943
TERMINAL RIO BRANCO - ;Galicia 935 - Local 25;2 902 93 23;LUNES A VIERNES DE 0900 A 1900 HS.  SÁBADO DE 1015 A 1345 HS. DOMINGOS Y FERIADOS CERRADO;Atención Integral STM;573369.570951527;6137690.60909969
HALL ANEXO IM - CUTCSA;Soriano 1426 Esq. Santiago De Chile ;094 030 886;LUNES A VIERNES DE 0900 A 1700 HS. SABADO DE 0815 A 1145 HS. DOMINGOS Y FERIADOS CERRADO;Atención Integral STM;574470.110804367;6136920.31416235
NUEVO CENTRO SHOPPING - CUTCSA;Av Dr Luis Alberto De Herrera 3365 Esq. Marne - Nivel 3 - Local 336;22013244;LUNES A DOMINGOS DE 1000 A 2200 HS.  FERIADOS 1115 A 1745 HS.;Atención Integral STM;575964.888586993;6141196.86813947
Canelones COPSA;Avda. Batlle Y Ordoñez Y Artigas;43322379;L. a V. de 09:00 a 17:00hs S. de 08:00 a 12:00hs.;Atención Integral STM;565659.761003585;6179352.69146059
Libertad - COME;San Jose 964 (Frente A La Plaza), Libertad, San Jose;2 309 60 32;L. a V. de 07:00 a 14:30 y S. de 09:00 a 13:00;Atención Integral STM;534963.84098631;6167026.29503046
PASO MOLINO - COME;Av Agraciada 4141 Loc. 042 ;2354 3466  int. 180;L. a V. de 09:00 a 16:45;Atención Integral STM;571407.699252132;6142488.33837289
Terminal Belloni - UCOT;Av. 8 De Octubre 4849 P.1  Local 109;22277318;Lunes a Viernes de 9 a 18 hs. ;Atención Integral STM;579267.274994112;6142615.65854493
Terminal Rio Branco - TUSA;Galicia 935 (Terminal Baltasar Brum) ;29029323;L. a V. de 0900 a 1900 Hs. - Sábado de 1015 a 1345Hs. Domingo cerrado;Atención Integral STM;573362.046904259;6137686.72166019
Ciudad Del Plata - COME;Ruta 1 Km 26.500 Manzana 42 Solar Con Frente A Ruta 1 - Local 4;091 770 739;L. a V. de 09:00 a 16:30 y S. 09:00 a 13:00;Atención Integral STM;555587.16558175;6152918.72450352
Las Piedras COETC;Av Artigas 789 Entre Treinta Y Tres Y Dr. Puey;23642070 / 095865762;Lunes a Viernes de 09:00 a 16:30 hs.;Atención Integral STM;571104.786451638;6156923.95145747
Las Piedras - CO. del Este;Jose P. Varela 643;2364 6034 / 2364 0019;Lunes a viernes de 09:00 a 19:00 y sábados de 09:00 a 14:00;Atención Integral STM;572094.853689685;6156806.83695216
Sauce CASANOVA;Carmelo René Gonzalez 2186 - Sauce;222940969 22941761;L a V. de 08:00 a  16:45;Atención Integral STM;585644.427136365;6165365.63058453
Atlántida COPSA;Calle 11 Y Av. Circunvalación;A confirmar;L. a V. de 10:00 a 20:30hs, S. de 08:00 a 12:00hs.;Atención Integral STM;613005.253209976;6151554.90618256
Shopping Costa Urbana- COPSA;Nivel 1 - Zona Norte Paseo De Servicios;A confirmar;L. a V. de 10:00 a 20:30hs, S. de 11:00 a 15:00hs.;Atención Integral STM;592093.78701007;6144234.39207341
Pando - COPSA;Av. Artigas Y Piovene;22924501;L. a V. de 10:00 a 18:00hs S. de 08:00 a 12:00hs.;Atención Integral STM;594356.683714416;6158093.40824209
Terminal Rio Branco - COPSA;Terminal Rio Branco - Anden 8;A confirmar;L. a V. de 09:00 a 19:00hs. S. de 08:00 a 12:00hs.;Atención Integral STM;573369.57095149;6137690.60908265
Pando - TPM;Iturria 1023;22924501;Lunes a Viernes de 9:00 a 17:30;Atención Integral STM;595060.712241292;6157948.80867016
San Ramón - UCOT;Ruta 6 Esq. Baltasar Brum;43122624;Lunes a Viernes de 05:30 a 14:00 hs.;Atención Integral STM;595951.77573629;6205327.70587571
Abitab 12-13;Mario Ferreira Y Calle 8;4375 58 24;Consultar en: www.abitab.com.uy;Recarga y entrega de tarjeta STM COMUN;616921.629853822;6152016.62993473
Abitab 12-14;José Batlle Y Ordóñez S/N Esquina Dr Brause - Ta-Ta;4332 83 35;Consultar en: www.abitab.com.uy;Recarga y entrega de tarjeta STM COMUN;565997.514035892;6180295.0419716
Abitab 12-15;Sarandí S/N Entre Almiratti Y Vicente Gruchi;4334 68 93;Consultar en: www.abitab.com.uy;Recarga y entrega de tarjeta STM COMUN;555996.114899649;6186867.72229198
Abitab 12-18;Ruta Interbalnearia Km 36.200 Manzana 85 Solar 1 - Estación Ancap;4376 02 92;Consultar en: www.abitab.com.uy;Recarga y entrega de tarjeta STM COMUN;604724.874397538;6151023.46072302
Abitab 12-21;Ruta Interbalnearia S/N Entre Del Ambar Y De Las Sirenas Km 40.300;4376 01 54;Consultar en: www.abitab.com.uy;Recarga y entrega de tarjeta STM COMUN;607843.581685774;6151639.13196212
Abitab 12-32;Calle 24 Sin Número Esquina Artigas;4372 3593;Consultar en: www.abitab.com.uy;Recarga y entrega de tarjeta STM COMUN;613263.297382743;6151596.67647814
Abitab 12-34;Rivera 500 Esq. Rep. Argentina;4334 91 55;Consultar en: www.abitab.com.uy;Recarga y entrega de tarjeta STM COMUN;555959.368195928;6187341.73194831
Abitab 12-35;Avda. Rivera 125 Esquina M. Legnani - Super El Dorado;4334 91 56;Consultar en: www.abitab.com.uy;Recarga y entrega de tarjeta STM COMUN;555414.230229174;6187851.91762645
Abitab 12-36;Calle 11 S/N Y Calle 24;4372 21 09;Consultar en: www.abitab.com.uy;Recarga y entrega de tarjeta STM COMUN;612921.13673087;6151336.99920045
Abitab 12-38;Avda. José Batlle Y Ordóñez Esquina G. Penela;4312 20 60;Consultar en: www.abitab.com.uy;Recarga y entrega de tarjeta STM COMUN;595991.6173093;6205488.61488846
Abitab 12-41;Rivera S/N Esquina 25 De Agosto;4373 78 99;Consultar en: www.abitab.com.uy;Recarga y entrega de tarjeta STM COMUN;623027.230689045;6151813.82494347
Abitab 12-45;Artigas S/N Esquina Florida;4315 37 53;Consultar en: www.abitab.com.uy;Recarga y entrega de tarjeta STM COMUN;613606.309913134;6199051.7012006
Abitab 12-46;Avda. Artigas S/N Esquina Las Piedras;4399 34 25;Consultar en: www.abitab.com.uy;Recarga y entrega de tarjeta STM COMUN;603509.305215219;6176732.76555067
Abitab 12-47;Baltasar Brum S/N Entre Batlle Y Ordóñez Y Llambías De Olivar;4313 23 96;Consultar en: www.abitab.com.uy;Recarga y entrega de tarjeta STM COMUN;588021.828974737;6182130.69589566
Abitab 12-48;Maximo Tajes S/N Esquina Artigas;4336 33 03;Consultar en: www.abitab.com.uy;Recarga y entrega de tarjeta STM COMUN;558713.482980085;6170282.60047822
Abitab 12-49;Avda. Artigas S/N E Ildefonso De León;4315 22 85;Consultar en: www.abitab.com.uy;Recarga y entrega de tarjeta STM COMUN;613850.598912048;6199026.3115853
Abitab 12-50;Larrobla S/N Y Makignon;4373 90 81;Consultar en: www.abitab.com.uy;Recarga y entrega de tarjeta STM COMUN;621037.093850601;6152940.6185549
Abitab 12-51;Julieta Entre Mamboreta Y Jacaré;4376 80 50;Consultar en: www.abitab.com.uy;Recarga y entrega de tarjeta STM COMUN;606204.256395069;6151032.88089994
Abitab 12-53;Ruta Interbalnearia Km 37.500 Esquina Colón;4376 87 24;Consultar en: www.abitab.com.uy;Recarga y entrega de tarjeta STM COMUN;605303.640848482;6151101.64127664
Abitab 12-54;Rodó 341 Esquina Treinta Y Tres;4332 80 07;Consultar en: www.abitab.com.uy;Recarga y entrega de tarjeta STM COMUN;566058.162792946;6179468.84388051
Abitab 12-56;Gregorio Migues S/N Esquina José P. Varela;4317 23 07;Consultar en: www.abitab.com.uy;Recarga y entrega de tarjeta STM COMUN;625769.033834599;6182815.32366864
Abitab 12-57;Pedro Maraboto S/N Entre J. P. Álvarez Y Luis A. De Herrera;4313 65 62;Consultar en: www.abitab.com.uy;Recarga y entrega de tarjeta STM COMUN;595579.132180569;6188517.13831365
Abitab 12-72;Avda. Zenon Burgueño S/N Esquina Aparicio Saravia;4374 05 15;Consultar en: www.abitab.com.uy;Recarga y entrega de tarjeta STM COMUN;619015.033182805;6161228.95530788
Abitab 12-74;María Pereira De Marotte Entre J.P. Varela Y Rogelio Martínez - Supermercado Essean;4313 97 00;Consultar en: www.abitab.com.uy;Recarga y entrega de tarjeta STM COMUN;584546.805749088;6187389.81442589
Abitab 12-84;Ruta Interbalnearia Km.49.500;4375 28 91;Consultar en: www.abitab.com.uy;Recarga y entrega de tarjeta STM COMUN;616578.731306269;6153267.74018057
Abitab 12-91;Ruta 87 Esquina Yamandú;4376 80 60;Consultar en: www.abitab.com.uy;Recarga y entrega de tarjeta STM COMUN;606012.620140129;6151610.51967037
Abitab 12-92;Florencio Sanchez 739 Bis;4332 85 14;Consultar en: www.abitab.com.uy;Recarga y entrega de tarjeta STM COMUN;566116.154762783;6179844.08085098
Abitab 12-93;Ruta 11 Km 166;4372 02 81;Consultar en: www.abitab.com.uy;Recarga y entrega de tarjeta STM COMUN;612797.001888506;6153085.57654611
Abitab 26-7;25 De Agosto 970 Entre Evaristo Ciganda Y Medina;4345 43 38;Consultar en: www.abitab.com.uy;Recarga y entrega de tarjeta STM COMUN;534883.180074486;6167430.20250027
Abitab 26-13;Av. Wilson Ferreira S/N Esq. José E. Rodó;4345 49 70;Consultar en: www.abitab.com.uy;Recarga y entrega de tarjeta STM COMUN;534717.712904387;6167128.36782768
Abitab 23-03;Zonamérica Edificio Beta3 S/N;25182727;Consultar en: www.abitab.com.uy;Recarga y entrega de tarjeta STM COMUN;585117.931684093;6149813.4971131
Abitab 11-2;Arenal Grande 2514 - Centro Comercial Reus;2201 86 57;Consultar en: www.abitab.com.uy;Recarga y entrega de tarjeta STM COMUN;575102.714352603;6139610.82895878
Abitab 696;Unidad Agroalimentaria Metropolitana, Nave Polivalente;099643103;Consultar en: www.abitab.com.uy;Recarga y entrega de tarjeta STM COMUN;566783.987063972;6149108.11479839
Abitab 97-30;Avda.Italia4250local11esq.Santanashoppingplazaital;26186019;Consultar en: www.abitab.com.uy;Recarga y entrega de tarjeta STM COMUN;580606.772862026;6139057.74937568
Abitab 694;Gorleros/N1;42443015;Consultar en: www.abitab.com.uy;Recarga y entrega de tarjeta STM COMUN;687611.178192954;6129080.63767384
Abitab 72-17;Eduardomartinezmonegalesquinahectormiranda;43337221;Consultar en: www.abitab.com.uy;Recarga y entrega de tarjeta STM COMUN;566297.41272767;6179680.3577048
Abitab 706;Eduardomartinezmonegal1;43337221;Consultar en: www.abitab.com.uy;Recarga y entrega de tarjeta STM COMUN;566521.100557562;6179706.70255797
Abitab 709;Carafí1148c;23540712;Consultar en: www.abitab.com.uy;Recarga y entrega de tarjeta STM COMUN;570975.815915639;6145993.23932317
Abitab 72-19;Rutainterbalneariakm51estaciónancap;43735524;Consultar en: www.abitab.com.uy;Recarga y entrega de tarjeta STM COMUN;617654.106337161;6153865.41333059
Abitab 72-20;Av.Delparqueesq.Ecuadors/N;26833335;Consultar en: www.abitab.com.uy;Recarga y entrega de tarjeta STM COMUN;591316.392614537;6142515.18283158
Abitab 92-12;Caminopajasblancas8001,Local2;23123037;Consultar en: www.abitab.com.uy;Recarga y entrega de tarjeta STM COMUN;11086654.5392648;29361928.3170539
Abitab 71-3;Avda. De Las Instrucciones 1456 Esq. Edison;2354 03 95;Consultar en: www.abitab.com.uy;Recarga y entrega de tarjeta STM COMUN;573845.584240261;6144841.0292198
Abitab 73-0;Avda. Gral. Flores 2422 Entre Blandengues Y Domingo Aramburú;2200 23 61 - 2200 85 35 - 2200 96 10;Consultar en: www.abitab.com.uy;Recarga y entrega de tarjeta STM COMUN;574679.08543967;6139625.87309925
Abitab 73-1;Avda. 8 De Octubre 3758 Esq. José Serrato;2504 76 81;Consultar en: www.abitab.com.uy;Recarga y entrega de tarjeta STM COMUN;578524.508074753;6140461.96048473
Abitab 74-0;Coronel Mora 571 Esq. Gral. Gregorio Suárez;2710 02 39;Consultar en: www.abitab.com.uy;Recarga y entrega de tarjeta STM COMUN;576904.527440566;6135578.92861786
Abitab 75-0;Justicia 2015 Bis Esq. Lima;2401 09 12;Consultar en: www.abitab.com.uy;Recarga y entrega de tarjeta STM COMUN;575019.153127092;6138581.48974722
Abitab 76-0;Ejido 1520 Entre Avda. Uruguay Y Paysandú;2900 13 13;Consultar en: www.abitab.com.uy;Recarga y entrega de tarjeta STM COMUN;574273.701041938;6137486.31183361
Abitab 76-3;Avda. Agraciada 3778 Entre Zufriategui Y Lozano;2309 33 25;Consultar en: www.abitab.com.uy;Recarga y entrega de tarjeta STM COMUN;572086.229248349;6141913.86531406
Abitab 77-1;Grecia 4249 Entre Japón Y Estados Unidos;2311 15 29 ;Consultar en: www.abitab.com.uy;Recarga y entrega de tarjeta STM COMUN;568423.920714924;6140538.23568765
Abitab 77-2;Avda. Carlos María Ramírez 1698 Esq. Grecia;2311 12 87 ;Consultar en: www.abitab.com.uy;Recarga y entrega de tarjeta STM COMUN;568443.131185315;6140682.35527582
Abitab 77-3;Avda. Luis Batlle Berres 6602 Esq. Camino Tomkinson;2312 40 60;Consultar en: www.abitab.com.uy;Recarga y entrega de tarjeta STM COMUN;566537.479531379;6144925.30122534
Abitab 77-4;Santa Lucía 5374 Entre Honor Y Yugoeslavia;2309 77 03;Consultar en: www.abitab.com.uy;Recarga y entrega de tarjeta STM COMUN;569255.25362776;6144201.21201287
Abitab 78-2;Avda. Gral. Rivera 2684 Bis Esq. Soca;2707 85 77;Consultar en: www.abitab.com.uy;Recarga y entrega de tarjeta STM COMUN;577058.896639709;6137357.51382718
Abitab 78-3;Avda. Gral. Rivera 3060 Esq. Mac Eachen;2623 15 31;Consultar en: www.abitab.com.uy;Recarga y entrega de tarjeta STM COMUN;577699.501779937;6137354.20216733
Abitab 79-0;Bvar Artigas 1649;2400 22 09;Consultar en: www.abitab.com.uy;Recarga y entrega de tarjeta STM COMUN;576277.352397322;6137970.74319517
Abitab 79-1;Avda. Gral. Paz 1449 Esq. Caramurú;2606 28 61 - 2606 27 41;Consultar en: www.abitab.com.uy;Recarga y entrega de tarjeta STM COMUN;584042.467976433;6138462.03427517
Abitab 79-2;Colombes 1433 Esq. Avda. Gral. Rivera;2619 78 02;Consultar en: www.abitab.com.uy;Recarga y entrega de tarjeta STM COMUN;580783.164744204;6138388.57579106
Abitab 79-3;Camino Maldonado 7724 Esq. Camino Repetto - Disco;2222 93 56;Consultar en: www.abitab.com.uy;Recarga y entrega de tarjeta STM COMUN;583527.149487271;6148556.75526222
Abitab 79-4;Almirante Harwood S/N Esq. Avda. Gral. Rivera - Estación Ancap;2604 07 75;Consultar en: www.abitab.com.uy;Recarga y entrega de tarjeta STM COMUN;584797.409455585;6138750.37557191
Abitab 79-5;Cooper 2115 / 17 Entre Avda. Juan B. Alberdi Y Costa Rica;2601 69 60;Consultar en: www.abitab.com.uy;Recarga y entrega de tarjeta STM COMUN;585269.387865191;6139843.21152832
Abitab 79-6;Etiopía N° 190 Esq. Liberia;2311 2727;Consultar en: www.abitab.com.uy;Recarga y entrega de tarjeta STM COMUN;566768.000624576;6139180.14083844
Abitab 80-2;Avda. Uruguay 1032 Bis Entre Julio Herrera Y Obes Y Río Negro;2900 05 81 ;Consultar en: www.abitab.com.uy;Recarga y entrega de tarjeta STM COMUN;573600.74287147;6137367.37053105
Abitab 80-3;Grecia 3816 Esq. Rusia;2312 78 05;Consultar en: www.abitab.com.uy;Recarga y entrega de tarjeta STM COMUN;568583.325740653;6139709.52544736
Abitab 80-4;China 2248 Entre Dinamarca Y Patagonia;2311 54 66;Consultar en: www.abitab.com.uy;Recarga y entrega de tarjeta STM COMUN;567481.23580757;6139797.854261
Abitab 80-5;Avda. José Belloni 4402 Esq. Matilde Pacheco;2222 06 48;Consultar en: www.abitab.com.uy;Recarga y entrega de tarjeta STM COMUN;578623.683431919;6146293.09977203
Abitab 81-0;Avda. Gral. Rivera 2204 Esq. Juan Paullier;2408 87 42 ;Consultar en: www.abitab.com.uy;Recarga y entrega de tarjeta STM COMUN;576043.536845244;6137476.42902405
Abitab 83-0;Avda. 8 De Octubre 2953 Esq. Jaime Cibils;2480 16 14 ;Consultar en: www.abitab.com.uy;Recarga y entrega de tarjeta STM COMUN;577075.865019475;6139413.50742972
Abitab 88-0;Avda. Millán 3782 Esq. Avda. Dr. Luis Alberto De Herrera;2336 33 14;Consultar en: www.abitab.com.uy;Recarga y entrega de tarjeta STM COMUN;573518.215304424;6142369.98211548
Abitab 88-1;Avda. Lezica 6339 Esq. Guanahany;2323 51 89;Consultar en: www.abitab.com.uy;Recarga y entrega de tarjeta STM COMUN;568785.696048968;6149217.57240943
Abitab 88-2;Camino Cibils 5967;2315 55 99 ;Consultar en: www.abitab.com.uy;Recarga y entrega de tarjeta STM COMUN;566826.185834219;6141931.88442157
Abitab 89-0;Bvar. Aparicio Saravia 4620 Esq. Camino Coronel Raíz;2359 79 56;Consultar en: www.abitab.com.uy;Recarga y entrega de tarjeta STM COMUN;573085.702389651;6145814.65381528
Abitab 89-1;Plaza Vidiella 5632 Bis Entre Avda. Eugenio Garzón Y Américo Pasadore;2320 93 78;Consultar en: www.abitab.com.uy;Recarga y entrega de tarjeta STM COMUN;571186.129454356;6148240.62472958
Abitab 89-2;Camino Ariel 4945 Esq. 28 De Febrero;2357 65 60 - 2359 06 09;Consultar en: www.abitab.com.uy;Recarga y entrega de tarjeta STM COMUN;571551.126727185;6145152.39188889
Abitab 90-1;Avda. Dr. Luis Alberto De Herrera 1203 Esq. 26 De Marzo;2623 19 44;Consultar en: www.abitab.com.uy;Recarga y entrega de tarjeta STM COMUN;578841.502733642;6137143.78871878
Abitab 90-2;Avda. Dr. Luis Alberto De Herrera 1290 Local. 6 - Montevideo Shopping;2628 75 24 - 2628 88 80;Consultar en: www.abitab.com.uy;Recarga y entrega de tarjeta STM COMUN;578858.161733754;6137285.06272209
Abitab 90-3;Terminal Omnibus Río Branco - Local 18;2908 54 43;Consultar en: www.abitab.com.uy;Recarga y entrega de tarjeta STM COMUN;573371.741415266;6137714.01487598
Abitab 90-4;Avda. Dr. Luis Alberto De Herrera 1290 Local. 506 - Montevideo Shopping;2628 19 78 - 2628 98 46;Consultar en: www.abitab.com.uy;Recarga y entrega de tarjeta STM COMUN;578856.492245887;6137252.50370957
Abitab 90-5;Br. Batlle Y Ordóñez 5550 - Estación Petrobras;2359 33 12;Consultar en: www.abitab.com.uy;Recarga y entrega de tarjeta STM COMUN;573048.429038952;6144547.4182613
Abitab 91-0;Avda. 18 De Julio 1552 Esq. Tacuarembó;2408 56 77 ;Consultar en: www.abitab.com.uy;Recarga y entrega de tarjeta STM COMUN;574712.229702415;6137238.20470467
Abitab 91-1;Avda. Gral. Flores 5483 Esq. Cabarí;2216 91 69;Consultar en: www.abitab.com.uy;Recarga y entrega de tarjeta STM COMUN;578454.830192516;6145541.00893017
Abitab 91-3;Cristóbal Echevarriarza 3249 Esq. Buxareo;2708 95 59;Consultar en: www.abitab.com.uy;Recarga y entrega de tarjeta STM COMUN;578227.751041322;6136808.16375527
Abitab 92-2;Ruben Darío 3450 Esq. Las Rosas;2313 40 12;Consultar en: www.abitab.com.uy;Recarga y entrega de tarjeta STM COMUN;564444.841949377;6138867.24552247
Abitab 92-10;Camino Ariel 4626 - Devoto;2356 19 26;Consultar en: www.abitab.com.uy;Recarga y entrega de tarjeta STM COMUN;572059.964438635;6144825.62282884
Abitab 93-0;Avda. Bolivia 2140 Entre Avda. Italia Y Carlos Travieso;2601 03 22;Consultar en: www.abitab.com.uy;Recarga y entrega de tarjeta STM COMUN;583798.095908992;6139489.40167126
Abitab 93-1;Camino Carrasco 4337 Esq. 20 De Febrero;2506 67 65;Consultar en: www.abitab.com.uy;Recarga y entrega de tarjeta STM COMUN;579967.674727553;6140686.70098779
Abitab 93-2;21 De Setiembre 2980 Esq. Roque Graceras;2712 08 64;Consultar en: www.abitab.com.uy;Recarga y entrega de tarjeta STM COMUN;577389.420014809;6135516.4553921
Abitab 93-3;Camino Carrasco 4672 Entre Veracierto Y Dr. Berro;2525 26 35;Consultar en: www.abitab.com.uy;Recarga y entrega de tarjeta STM COMUN;580444.81315569;6140743.44330115
Abitab 93-4;Avda. José Belloni 3342 Loc.3 Esq. Saint Rosas;2211 78 49;Consultar en: www.abitab.com.uy;Recarga y entrega de tarjeta STM COMUN;579126.411000342;6143685.56239334
Abitab 93-6;Avda. Millán 5784 Entre Camino Lecocq Y Alzira;2355 28 41;Consultar en: www.abitab.com.uy;Recarga y entrega de tarjeta STM COMUN;569370.460735775;6146344.77036923
Abitab 93-7;Avda. Burgues 3325 Esq. Dr. Magested Y Regimiento Nº 9;2209 33 27;Consultar en: www.abitab.com.uy;Recarga y entrega de tarjeta STM COMUN;574322.336928459;6141883.3435197
Abitab 94-0;Avda. Daniel Fernández Crespo 1759/61 Esq. Paysandú;2402 24 38;Consultar en: www.abitab.com.uy;Recarga y entrega de tarjeta STM COMUN;575063.524707521;6137913.93926111
Abitab 97-20;José L. Terra 2220 Local G90 Mercado Agrícola;2203 6428;Consultar en: www.abitab.com.uy;Recarga y entrega de tarjeta STM COMUN;574615.88014496;6139193.16985007
Abitab 80-6;Camino Carrasco 6955 Esq. Brunel - Local 03 (Strip Center);;Consultar en: www.abitab.com.uy;Recarga y entrega de tarjeta STM COMUN;584822.659317032;6140960.10641565
Abitab 72-12;Bulevar Del Bicentenario Esq. Sauce - Local 21 - Las Piedras Shopping;23621222;Consultar en: www.abitab.com.uy;Recarga y entrega de tarjeta STM COMUN;572917.357502229;6157111.10715893
Abitab 72-13;Juan P. Espino S/N Entre Perú Y Bolivia;43358529;Consultar en: www.abitab.com.uy;Recarga y entrega de tarjeta STM COMUN;568559.21231169;6171633.15955137
Abitab 676;Rutageneralliberseregnikm22.500;26811760;Consultar en: www.abitab.com.uy;Recarga y entrega de tarjeta STM COMUN;591532.109881789;6145899.56452392
Abitab 97-19;Unidadagroalimentariametropolitana,Navepolivalente;23141096;Consultar en: www.abitab.com.uy;Recarga y entrega de tarjeta STM COMUN;567137.277518829;6146954.59816976
Abitab 26-19;Ruta1viejakm31.800*;23467970;Consultar en: www.abitab.com.uy;Recarga y entrega de tarjeta STM COMUN;550905.086361315;6155871.6764199
Abitab 72-15;Av.Giannatassiokm.22.200*;26819344;Consultar en: www.abitab.com.uy;Recarga y entrega de tarjeta STM COMUN;593502.986264692;6145039.09573159
Abitab 92-11;Cnoluiseduardopérez6651;23141096;Consultar en: www.abitab.com.uy;Recarga y entrega de tarjeta STM COMUN;567137.277518829;13853045.4018302
Abitab 26-20;Ruta1km32;23467882;Consultar en: www.abitab.com.uy;Recarga y entrega de tarjeta STM COMUN;11243846.3117373;29808842.7993189
Abitab 12-7;Batlle Y Ordóñez 557 Entre José E. Rodó Y Tomás Berreta;43322847;Consultar en: www.abitab.com.uy;Recarga y entrega de tarjeta STM COMUN;565901.020129801;6179528.33721027
Abitab 12-62;Pedro Maraboto S/N Entre J. P. Álvarez Y Luis A. De Herrera;4313 65 62;Consultar en: www.abitab.com.uy;Recarga y entrega de tarjeta STM COMUN;595579.132180569;6188517.13831365
Abitab 62;Mario Ferreira Y Calle 8;43755824;Consultar en: www.abitab.com.uy;Recarga y entrega de tarjeta STM COMUN;616921.442587911;6152016.29955761
Abitab 12-8;Treinta Y Tres 328;4332 39 04;Consultar en: www.abitab.com.uy;Recarga y entrega de tarjeta STM COMUN;565921.638904006;6178943.80050409
Abitab 10-22;Avda. Gral. Flores 2287 Entre Libres Y Amézaga;2203 38 44 ;Consultar en: www.abitab.com.uy;Recarga y entrega de tarjeta STM COMUN;574542.420575256;6139363.34273551
Abitab 12-22;Montevideo 2170;2294 21 79;Consultar en: www.abitab.com.uy;Recarga y entrega de tarjeta STM COMUN;585714.218868721;6165438.66804215
Abitab 10-23;Avda. Gral. Flores 2540 Esq. Concepción Arenal;2203 49 73 ;Consultar en: www.abitab.com.uy;Recarga y entrega de tarjeta STM COMUN;574777.657353474;6139828.13621567
Abitab 12-23;Ruta 33 Km 22.500 Paraje La Capilla - Toledo;22963382;Consultar en: www.abitab.com.uy;Recarga y entrega de tarjeta STM COMUN;581421.204720168;6154550.25016685
Abitab 10-24;Piedras 405 Entre Zabala Y Misiones;2915 50 48 ;Consultar en: www.abitab.com.uy;Recarga y entrega de tarjeta STM COMUN;572337.341318017;6137241.64529943
Abitab 12-24;Dr. Pouey 662 Esq. Fco. Soca - Estación Ancap;2364 55 70;Consultar en: www.abitab.com.uy;Recarga y entrega de tarjeta STM COMUN;571044.924479729;6156704.57361957
Abitab 10-25;Juncal 1335 Entre Sarandí Y Buenos Aires;2916 18 11;Consultar en: www.abitab.com.uy;Recarga y entrega de tarjeta STM COMUN;572993.773642472;6136996.97493823
Abitab 12-25;Avda. Giannattasio Km. 18.900 M 8 S 5;2683 12 41;Consultar en: www.abitab.com.uy;Recarga y entrega de tarjeta STM COMUN;590856.777313665;6143122.82590981
Abitab 12-30;Pérez Buttler Y Costanera (Pda. 13);2698 82 89;Consultar en: www.abitab.com.uy;Recarga y entrega de tarjeta STM COMUN;599842.568267519;6148274.51916622
Abitab 10-31;Avda. 18 De Julio 1927 Esq. Avda. Daniel Fernández Crespo;2400 28 97 ;Consultar en: www.abitab.com.uy;Recarga y entrega de tarjeta STM COMUN;575409.51559026;6137601.83296231
Abitab 12-31;Avda. Artigas 1056 Entre Zinola Y Zorrilla;2292 63 05 - 2292 00 52;Consultar en: www.abitab.com.uy;Recarga y entrega de tarjeta STM COMUN;595145.834842174;6157450.42373634
Abitab 10-33;Andes 1490 Entre Avda. Uruguay Y Mercedes;2900 08 70;Consultar en: www.abitab.com.uy;Recarga y entrega de tarjeta STM COMUN;573249.423109568;6137324.93002418
Abitab 12-33;Avda. Artigas 308 Esq. Rodó (Local 03);2362 44 87;Consultar en: www.abitab.com.uy;Recarga y entrega de tarjeta STM COMUN;571060.273917386;6153130.04717945
Abitab 10-34;Andes 1422 Entre Colonia Y Mercedes;2900 10 24;Consultar en: www.abitab.com.uy;Recarga y entrega de tarjeta STM COMUN;573266.852657098;6137194.47665422
Abitab 10-37;Avda. Millán 4249 Esq. Ernesto Herrera;2306 07 63;Consultar en: www.abitab.com.uy;Recarga y entrega de tarjeta STM COMUN;573106.138906496;6143565.0572334
Abitab 12-37;Montevideo 2254 Esq. Ansina;2294 01 38;Consultar en: www.abitab.com.uy;Recarga y entrega de tarjeta STM COMUN;585682.841565041;6165604.07399955
Abitab 10-38;Avda. 18 De Julio 1497 Esq. Vázquez;2400 51 16 - 2400 45 77 - 2400 72 02 int 116;Consultar en: www.abitab.com.uy;Recarga y entrega de tarjeta STM COMUN;574568.804661786;6137216.10702368
Abitab 12-39;Avda. Artigas S/N Esq. Brasil;2368 93 83;Consultar en: www.abitab.com.uy;Recarga y entrega de tarjeta STM COMUN;571546.183536858;6163643.00722499
Abitab 10-40;Minas 1479 Esq. Colonia;2408 35 73 - 2408 47 39;Consultar en: www.abitab.com.uy;Recarga y entrega de tarjeta STM COMUN;574829.760622243;6137375.16644167
Abitab 12-40;Luis Alberto De Herrera S/N Esq. J. P. Varela;2295 60 18;Consultar en: www.abitab.com.uy;Recarga y entrega de tarjeta STM COMUN;600854.91679722;6161449.75843002
Abitab 10-42;Avda. 18 De Julio 1969 Esq. Arenal Grande;2401 41 61 - 2408 29 92;Consultar en: www.abitab.com.uy;Recarga y entrega de tarjeta STM COMUN;575522.503515387;6137650.39823392
Abitab 12-42;Municipio 556 Entre Tomás Berreta Y Wilson Ferreira - Supermercado Red Market;2365 7542;Consultar en: www.abitab.com.uy;Recarga y entrega de tarjeta STM COMUN;570715.083484511;6157221.10722875
Abitab 12-43;Avda. Giannattasio Km. 23.500 Esq. Real De Azúa;26965668;Consultar en: www.abitab.com.uy;Recarga y entrega de tarjeta STM COMUN;594583.725375131;6145742.14884438
Abitab 12-44;Camino Carrasco Nro. 72 Entre Avda. Del Lago Y Zersales;2601 49 54;Consultar en: www.abitab.com.uy;Recarga y entrega de tarjeta STM COMUN;586556.764504128;6141877.84611205
Abitab 12-52;Ruta 8 Km. 26 Entre Tacuerambó Y Lorenzo Ventura;2288 58 66;Consultar en: www.abitab.com.uy;Recarga y entrega de tarjeta STM COMUN;591346.916070284;6153866.45704504
Abitab 12-58;Camino De Los Horneros S/N Km.3 Local 12 - Súper El Almacén;2698 42 59;Consultar en: www.abitab.com.uy;Recarga y entrega de tarjeta STM COMUN;593669.119902926;6150450.60743489
Abitab 12-59;Avda. Artigas 673;2364 80 21;Consultar en: www.abitab.com.uy;Recarga y entrega de tarjeta STM COMUN;571636.972059958;6156932.2473427
Abitab 12-60;Avda. Giannattasio Km. 27.300;2696 48 78;Consultar en: www.abitab.com.uy;Recarga y entrega de tarjeta STM COMUN;597989.803274433;6147983.50476869
Abitab 12-61;Ruta 6 Km. 22.900 Esq. Avda. De La Estación;2296 78 09;Consultar en: www.abitab.com.uy;Recarga y entrega de tarjeta STM COMUN;582646.581052;6155108.37976374
Abitab 12-63;Dr. Pouey 849 Esq. Atanasio Sierra;2365 55 08;Consultar en: www.abitab.com.uy;Recarga y entrega de tarjeta STM COMUN;571092.598414379;6155957.51671072
Abitab 12-64;Avda. Gabriela Mistral 2201 Local 6 Entre Matí Y G. Lorca;2601 54 38;Consultar en: www.abitab.com.uy;Recarga y entrega de tarjeta STM COMUN;588304.758982257;6141459.23953451
Abitab 12-65;Ruta 101 Y Ruta 102;2683 83 95;Consultar en: www.abitab.com.uy;Recarga y entrega de tarjeta STM COMUN;590741.842126257;6146629.66984671
Abitab 12-66;Artigas 1063 Esq. Zorrilla De San Martín Local 14;2292 57 71;Consultar en: www.abitab.com.uy;Recarga y entrega de tarjeta STM COMUN;595179.291963208;6157442.8800051
Abitab 12-67;Fiorito S/N Esq. Rómulo Carlo;2297 27 55;Consultar en: www.abitab.com.uy;Recarga y entrega de tarjeta STM COMUN;588234.884098522;6155900.53006176
Abitab 12-68;Ruta 74 Km 24 S/N Casi Ruta 8 - M. 314 - S. 19;2289 13 82;Consultar en: www.abitab.com.uy;Recarga y entrega de tarjeta STM COMUN;589964.656998437;6152818.25636303
Abitab 12-69;Géant Local 26;2601 58 67;Consultar en: www.abitab.com.uy;Recarga y entrega de tarjeta STM COMUN;589229.277485287;6141430.39439168
Abitab 12-71;Avda. Giannattasio Km. 25.200 Entre Los Pinos Y Las Liebres - Supermercado La Familia;2698 45 15;Consultar en: www.abitab.com.uy;Recarga y entrega de tarjeta STM COMUN;596118.512773093;6146743.32238257
Abitab 12-75;Ruta 8 Km. 20.800 Nº 11278 Entre Hércules Y 17 Mts. - Supermercado Redmarket;2222 10 35 - 2222 10 81 ;Consultar en: www.abitab.com.uy;Recarga y entrega de tarjeta STM COMUN;587056.492309521;6151380.16554239
Abitab 12-76;Avda. Al Pque. Roosevelt Nro. 82 Entre Armenia Y La Paloma;2604 05 21/22;Consultar en: www.abitab.com.uy;Recarga y entrega de tarjeta STM COMUN;589188.414360671;6140422.15501148
Abitab 12-77;Paso Carrasco Nro. 26-28 Esq. Garibaldi;2606 14 82;Consultar en: www.abitab.com.uy;Recarga y entrega de tarjeta STM COMUN;587573.360174696;6142648.36442941
Abitab 12-79;Calcagno M 40 S 4 Local 4 Frente A Devoto;2682 39 03;Consultar en: www.abitab.com.uy;Recarga y entrega de tarjeta STM COMUN;591509.988155229;6143081.21309801
Abitab 12-80;Avda. Roosevelt 1033 Esq. Avda. Artigas;2292 36 68;Consultar en: www.abitab.com.uy;Recarga y entrega de tarjeta STM COMUN;595315.577781364;6157143.20164231
Abitab 12-83;Avda. Gral. Artigas 839 Y 841;2292 5238;Consultar en: www.abitab.com.uy;Recarga y entrega de tarjeta STM COMUN;595033.135047062;6157869.59346618
Abitab 12-85;Roosevelt S/N Km 30.700 Ruta 8;2292 59 87;Consultar en: www.abitab.com.uy;Recarga y entrega de tarjeta STM COMUN;594967.838498967;6156923.82215784
Abitab 12-86;Avda. Giannattasio Km. 21.000 Esq. Buenos Aires;2683 28 33;Consultar en: www.abitab.com.uy;Recarga y entrega de tarjeta STM COMUN;592429.662131024;6144320.10678904
Abitab 12-87;Avda. Giannattasio Km. 23.300 - Multiahorro;2698 78 13;Consultar en: www.abitab.com.uy;Recarga y entrega de tarjeta STM COMUN;594264.985076398;6145552.93248294
Abitab 12-88;Avda.Al Parque Roosevelt 2495 - Macromercado;2606 02 97;Consultar en: www.abitab.com.uy;Recarga y entrega de tarjeta STM COMUN;589370.966112123;6140977.57623006
Abitab 62-7;Avda. Gral. San Martín 3222 - Macromercado;2205 36 97;Consultar en: www.abitab.com.uy;Recarga y entrega de tarjeta STM COMUN;575007.929435172;6141759.75292359
Abitab 63-0;Dr. Salvador Ferrer Serra 2320 Esq. Acevedo Díaz;2401 29 11 - 2401 47 50 ;Consultar en: www.abitab.com.uy;Recarga y entrega de tarjeta STM COMUN;576129.410192245;6138288.43473988
Abitab 63-1;Shopping Tres Cruces Loc. 113 (Planta Superior);2402 79 78;Consultar en: www.abitab.com.uy;Recarga y entrega de tarjeta STM COMUN;576120.197208771;6138354.09012165
Abitab 63-2;Shopping Tres Cruces Loc. B-02 (Nivel Terminal);2409 84 29;Consultar en: www.abitab.com.uy;Recarga y entrega de tarjeta STM COMUN;576109.186097786;6138413.41661601
Abitab 64-0;Hocquard 2139 Esq. Cufré;2409 66 28;Consultar en: www.abitab.com.uy;Recarga y entrega de tarjeta STM COMUN;575853.553200127;6138944.8042898
Abitab 65-0;Avda. 18 De Julio 2013 Entre Pablo De María Y Martín C. Martínez;2401 27 36 ;Consultar en: www.abitab.com.uy;Recarga y entrega de tarjeta STM COMUN;575627.446297928;6137696.06745668
Abitab 66-0;Mercedes 1151 Entre Avda. Gral. Rondeau Y Cuareim;2908 50 61 - 2908 07 78;Consultar en: www.abitab.com.uy;Recarga y entrega de tarjeta STM COMUN;573874.680972103;6137322.00899852
Abitab 67-0;Joaquín Requena 2350 Esq. Amézaga;2203 52 26;Consultar en: www.abitab.com.uy;Recarga y entrega de tarjeta STM COMUN;575633.81770451;6139437.80210756
Abitab 67-1;Veracierto 2851 Esq. Capitán Villademoros;2522 32 09;Consultar en: www.abitab.com.uy;Recarga y entrega de tarjeta STM COMUN;580194.587062812;6141757.29670345
Abitab 68-0;Río Negro 1341 Entre Avda. 18 De Julio Y San José;2908 74 14 - 2903 00 28;Consultar en: www.abitab.com.uy;Recarga y entrega de tarjeta STM COMUN;573657.384981546;6137043.27026557
Abitab 69-0;Daniel Muñoz 2200 Esq. Juan Paullier;2409 76 20 - 2401 50 20;Consultar en: www.abitab.com.uy;Recarga y entrega de tarjeta STM COMUN;575824.290807123;6138148.39857568
Abitab 70-1;Yaguarón 1450 Entre Mercedes Y Colonia;2908 09 07;Consultar en: www.abitab.com.uy;Recarga y entrega de tarjeta STM COMUN;574184.045539005;6137305.54231384
Abitab 70-2;Avda. Brasil 3086 Esq. Lázaro Gadea;2709 95 86;Consultar en: www.abitab.com.uy;Recarga y entrega de tarjeta STM COMUN;577652.658612647;6136189.03635872
Abitab 70-3;Avda. Luis Alberto De Herrera 3365 Local 145 - Nuevo Centro Shopping;2201 30 13;Consultar en: www.abitab.com.uy;Recarga y entrega de tarjeta STM COMUN;575954.490863201;6141118.90547372
Abitab 71-0;Avda. 8 De Octubre 4764 Entre Vicenza Y José Bejar;2514 15 89;Consultar en: www.abitab.com.uy;Recarga y entrega de tarjeta STM COMUN;579246.181353848;6142450.85139437
Abitab 71-1;Avda. 8 De Octubre 4639 Esq. Smidel;2506 00 76;Consultar en: www.abitab.com.uy;Recarga y entrega de tarjeta STM COMUN;579158.154919774;6142151.64393488
Abitab 71-2;Avda. Dámaso Antonio Larrañaga 3301 Esq. J. S. Elcano - Multiahorro;2216 96 29;Consultar en: www.abitab.com.uy;Recarga y entrega de tarjeta STM COMUN;577559.635342884;6142158.12830107
Abitab 54-1;Hipólito Yrigoyen 2054 Esq. Iguá;2525 96 97;Consultar en: www.abitab.com.uy;Recarga y entrega de tarjeta STM COMUN;581231.674799064;6139827.72295554
Abitab 55-0;Vázquez 1468 Esq. Colonia;2401 15 21;Consultar en: www.abitab.com.uy;Recarga y entrega de tarjeta STM COMUN;574559.072560118;6137348.18635599
Abitab 55-1;San Quintín 4296 Bis Entre Cnel. Bolognesi Y Freire;2305 48 14;Consultar en: www.abitab.com.uy;Recarga y entrega de tarjeta STM COMUN;571161.773191725;6142808.26826256
Abitab 55-3;José Ellauri 395 Esquina Solano García;2712 65 49;Consultar en: www.abitab.com.uy;Recarga y entrega de tarjeta STM COMUN;576780.961716181;6135181.43499781
Abitab 55-4;Ejido 1000 Esq. Avda. Gonzalo Ramírez;2901 92 46 - 2901 92 47;Consultar en: www.abitab.com.uy;Recarga y entrega de tarjeta STM COMUN;574366.969902317;6136354.69269789
Abitab 55-5;San Quintín 4376 Entre Gregrorio Más Y Trías - Devoto;2304 98 59;Consultar en: www.abitab.com.uy;Recarga y entrega de tarjeta STM COMUN;571020.539716859;6143034.01050836
Abitab 56-0;Avda. Carlos María Ramírez 266 Entre Manuel Herrera Y Obes Y Avda. Luis Batlle Berres;2309 67 49 ;Consultar en: www.abitab.com.uy;Recarga y entrega de tarjeta STM COMUN;570701.525748907;6142414.15209998
Abitab 57-0;Nueva York 1267 Entre Avda. Libertador Lavalleja Y Lima;2924 01 01;Consultar en: www.abitab.com.uy;Recarga y entrega de tarjeta STM COMUN;573986.006922571;6138115.63614256
Abitab 57-1;Avda. Libertador Lavalleja 1945 Entre Lima Y Asunción;2924 03 93;Consultar en: www.abitab.com.uy;Recarga y entrega de tarjeta STM COMUN;574067.176433265;6138281.67030156
Abitab 57-2;Paraguay 1962 Esq. Nicaragua;2924 88 68 - 2924 38 91;Consultar en: www.abitab.com.uy;Recarga y entrega de tarjeta STM COMUN;573688.587430793;6138407.00002788
Abitab 58-0;Dr. Aquiles Lanza 1332 Entre Avda. 18 De Julio Y San José;2901 04 35 - 2901 62 80 ;Consultar en: www.abitab.com.uy;Recarga y entrega de tarjeta STM COMUN;574204.09728851;6137069.73846355
Abitab 58-1;Avda. Mcal. Solano López 1891 Entre Avda. Italia Y Barroso;2506 59 05;Consultar en: www.abitab.com.uy;Recarga y entrega de tarjeta STM COMUN;579509.841840295;6139118.11728263
Abitab 58-3;Avda. Gral. Flores 3405 Entre Andrés Lamas Y Quesada;2203 34 43;Consultar en: www.abitab.com.uy;Recarga y entrega de tarjeta STM COMUN;575774.518471172;6141569.34132031
Abitab 58-4;Avda. Italia 4406 Esq. Atlántico;2613 43 45;Consultar en: www.abitab.com.uy;Recarga y entrega de tarjeta STM COMUN;580959.898692486;6139058.43678431
Abitab 58-5;Avda. Dámaso Antonio Larrañaga 3640 Esq. Tomás Claramount;25082499;Consultar en: www.abitab.com.uy;Recarga y entrega de tarjeta STM COMUN;577498.927868721;6141263.72017512
Abitab 59-0;Avda. Gral. Rivera 4219 Entre Fco. Solano López Y Espinosa;2613 02 38;Consultar en: www.abitab.com.uy;Recarga y entrega de tarjeta STM COMUN;580201.958381339;6138137.30376684
Abitab 59-2;Nancy 4281 Bis Entre Fco. Solano López Y Carlos Lallerman - Disco;2613 84 28;Consultar en: www.abitab.com.uy;Recarga y entrega de tarjeta STM COMUN;579961.804904687;6138617.90378998
Abitab 60-0;Avda. Libertador 1644 Esq. Galicia;2900 69 35;Consultar en: www.abitab.com.uy;Recarga y entrega de tarjeta STM COMUN;573871.581532474;6137738.14030728
Abitab 61-0;Ejido 1315 Entre San José Y Avda. 18 De Julio;2901 25 65 ;Consultar en: www.abitab.com.uy;Recarga y entrega de tarjeta STM COMUN;574271.702934661;6137069.18974801
Abitab 61-1;Bvar. José Batlle Y Ordóñez 5967 Bis Esq. Bell;2356 50 98;Consultar en: www.abitab.com.uy;Recarga y entrega de tarjeta STM COMUN;572202.841181382;6145119.35879763
Abitab 62-1;Avda. Burgues 2757 Esq. Avda. Gral. San Martín;2203 03 73 ;Consultar en: www.abitab.com.uy;Recarga y entrega de tarjeta STM COMUN;574437.632694127;6140457.8987178
Abitab 62-2;Avda. Gral. Garibaldi 2539 Esq. Monte Caseros;2480 32 04;Consultar en: www.abitab.com.uy;Recarga y entrega de tarjeta STM COMUN;576371.103157014;6139305.60275531
Abitab 62-3;Avda. Gral. Flores 4699 Esq. Possolo;2216 64 40;Consultar en: www.abitab.com.uy;Recarga y entrega de tarjeta STM COMUN;577267.010822592;6143807.61551719
Abitab 62-4;Bvar. Artigas 3528 Esq. Lorenzo Fernández;2204 38 15;Consultar en: www.abitab.com.uy;Recarga y entrega de tarjeta STM COMUN;574993.169709343;6141026.62420749
Abitab 62-5;Rafael Eguren 3498 Esq. Avda. Gral. Flores;2215 08 69;Consultar en: www.abitab.com.uy;Recarga y entrega de tarjeta STM COMUN;576219.918616315;6142149.7852868
Abitab 62-6;Avda. Gral. San Martín 3083 Entre El Iniciador Y Ramón De Santiago - Devoto;2208 36 16;Consultar en: www.abitab.com.uy;Recarga y entrega de tarjeta STM COMUN;574751.782623969;6141019.22604683
Abitab 27-3;Capitán Tula 4711 Esq. Caminio Mendoza - Supermercado Ibiza;2227 29 10;Consultar en: www.abitab.com.uy;Recarga y entrega de tarjeta STM COMUN;576602.614809614;6146246.0933707
Abitab 30-3;Avda. José Batlle Y Ordóñez 4123 Entre Celedonio Rojas Y Burgues;2200 43 51 - 2200 33 31;Consultar en: www.abitab.com.uy;Recarga y entrega de tarjeta STM COMUN;574750.73956254;6142938.34580524
Abitab 4-4;Avda. Agraciada 3655 Entre Valentín Gómez Y Francisco Gómez - Devoto;2308 39 32;Consultar en: www.abitab.com.uy;Recarga y entrega de tarjeta STM COMUN;572223.088580338;6141624.68026859
Abitab 6-4;Mississipi 1649 Esq. Avda. Gral. Rivera;2613 87 79;Consultar en: www.abitab.com.uy;Recarga y entrega de tarjeta STM COMUN;582561.096356798;6138633.75171959
Abitab 19-4;Avda. Millán 4518 Esq. Molinos De Raffo;2359 70 69 - 2356 35 80;Consultar en: www.abitab.com.uy;Recarga y entrega de tarjeta STM COMUN;572301.814714579;6144222.11018466
Abitab 30-4;Avda. José Belloni 6400 Esq. Avda. De Las Instrucciones;2222 64 69;Consultar en: www.abitab.com.uy;Recarga y entrega de tarjeta STM COMUN;579034.808948863;6150871.78328431
Abitab 4-5;Avda. Luis Batlle Berres 6149 Entre Camino Al Paso De La Arena Y Camino Las Tropas - Macromercado;2314 65 92;Consultar en: www.abitab.com.uy;Recarga y entrega de tarjeta STM COMUN;567368.148110275;6144563.01812392
Abitab 19-5;Avda. Agraciada 3961 Esq. San Miguel;2305 38 88;Consultar en: www.abitab.com.uy;Recarga y entrega de tarjeta STM COMUN;571730.464624984;6142170.08466412
Abitab 26-5;Ruta 1 Km. 28.800;2347 51 66;Consultar en: www.abitab.com.uy;Recarga y entrega de tarjeta STM COMUN;553801.244164668;6154094.99521447
Abitab 30-5;Avda. Bolivia 1413 Esq. Boston - Devoto;2601 55 26;Consultar en: www.abitab.com.uy;Recarga y entrega de tarjeta STM COMUN;585339.126689185;6138422.26233264
Abitab 4-6;Avda. 8 De Octubre 3621 Local 5 Entre Comercio Y Pernas - Devoto;2508 19 14;Consultar en: www.abitab.com.uy;Recarga y entrega de tarjeta STM COMUN;578252.718331958;6140299.16974682
Abitab 10-6;San José 827 Entre Florida Y Ándes;2908 97 61;Consultar en: www.abitab.com.uy;Recarga y entrega de tarjeta STM COMUN;573222.342355243;6136946.07233435
Abitab 19-6;Río Negro 1457 Entre Mercedes Y Avda. Uruguay;2902 78 87;Consultar en: www.abitab.com.uy;Recarga y entrega de tarjeta STM COMUN;573632.705199282;6137310.85097649
Abitab 4-7;Avda. 8 De Octubre 3340 Esq. Br. Batlle Y Ordóñez - Tata;2482 05 16;Consultar en: www.abitab.com.uy;Recarga y entrega de tarjeta STM COMUN;577811.407177761;6139935.36506979
Abitab 10-7;Avda. Pedro De Mendoza 5365 B Esq. Avda. De Las Instrucciones;2227 26 03;Consultar en: www.abitab.com.uy;Recarga y entrega de tarjeta STM COMUN;576687.998226728;6148020.32160178
Abitab 19-7;Paraguay 1315 Entre San José Y Avda. 18 De Julio;2903 11 51 ;Consultar en: www.abitab.com.uy;Recarga y entrega de tarjeta STM COMUN;573760.339035183;6137016.63287712
Abitab 10-8;Ándes 1373 Entre Avda. 18 De Julio Y Colonia;2900 81 56;Consultar en: www.abitab.com.uy;Recarga y entrega de tarjeta STM COMUN;573245.120584724;6137092.27396244
Abitab 10-9;Avda. Luis Batlle Berres 148 Esq. La Guardia;2312 04 20 ;Consultar en: www.abitab.com.uy;Recarga y entrega de tarjeta STM COMUN;559132.187037885;6150189.27555357
Abitab 19-9;Zelmar Michellini 1344 Entre Avda. 18 De Julio Y San José;2900 66 68;Consultar en: www.abitab.com.uy;Recarga y entrega de tarjeta STM COMUN;573995.678890156;6137070.15151446
Abitab 10-16;Colonia 992 Entre Julio Herrera Y Obes Y Río Branco;2908 09 50 ;Consultar en: www.abitab.com.uy;Recarga y entrega de tarjeta STM COMUN;573532.067862696;6137148.77370705
Abitab 10-10;Alberto Zum Felde 2051;2524 49 60         ;Consultar en: www.abitab.com.uy;Recarga y entrega de tarjeta STM COMUN;582183.340824751;6140007.50649506
Abitab 12-10;José Enrique Rodo 359 Esq. Cesar Mayo Gutiérrez;2362 12 07;Consultar en: www.abitab.com.uy;Recarga y entrega de tarjeta STM COMUN;570690.928945771;6153100.29972667
Abitab 26-10;Ruta 1 Vieja Km.26.100;2347 15 44;Consultar en: www.abitab.com.uy;Recarga y entrega de tarjeta STM COMUN;555147.581657808;6152988.37858108
Abitab 10-11;Piedras 249 Esq. Pérez Castellano;2915 40 66;Consultar en: www.abitab.com.uy;Recarga y entrega de tarjeta STM COMUN;572025.743926656;6137107.87955516
Abitab 12-11;Ruta 101 Km 19.500 S/N Esq. Yacaré - Estación Ancap;2682 89 11;Consultar en: www.abitab.com.uy;Recarga y entrega de tarjeta STM COMUN;589583.798002907;6143722.45693779
Abitab 19-11;Sarandí 633 Entre Juan Carlos Gómez Y Bartolomé Mitre;2915 90 36 - 2915 90 68;Consultar en: www.abitab.com.uy;Recarga y entrega de tarjeta STM COMUN;572860.543146975;6137029.7672246
Abitab 12-16;Gral. Artigas Nº 810 - Hipermercado Ta-Ta;2366 09 33;Consultar en: www.abitab.com.uy;Recarga y entrega de tarjeta STM COMUN;571081.785730781;6156954.73784139
Abitab 10-12;Wilson Ferreira Aldunate 1321 Entre Avda. 18 De Julio Y San José;2900 52 60 -  2902 06 65;Consultar en: www.abitab.com.uy;Recarga y entrega de tarjeta STM COMUN;573456.281507107;6136998.77306237
Abitab 12-12;Avda. Giannattasio Km. 20.500 - Local A 07 - Shopping Costa Urbana;2683 25 83;Consultar en: www.abitab.com.uy;Recarga y entrega de tarjeta STM COMUN;592025.977372766;6144111.85140844
Abitab 19-12;Avda. 18 De Julio 1395 Entre Germán Barbato Y Ejido;2900 64 23 ;Consultar en: www.abitab.com.uy;Recarga y entrega de tarjeta STM COMUN;574338.167531167;6137141.83647325
Abitab 26-12;Avda. Río De La Plata Parada 7 Y 1/2 S 1 Padrón 44;2347 90 02;Consultar en: www.abitab.com.uy;Recarga y entrega de tarjeta STM COMUN;549991.01903526;6154818.31187237
Abitab 10-17;Francisco Aguilar 843 Esq. Scosería;2710 59 29;Consultar en: www.abitab.com.uy;Recarga y entrega de tarjeta STM COMUN;577204.314339019;6136052.79086867
Abitab 12-17;Ruta 101 Km 19.950 Local 1 Sc-02.1 Ubicado En Hall Público De Arribos Sub Centro;2601 17 01;Consultar en: www.abitab.com.uy;Recarga y entrega de tarjeta STM COMUN;589128.327826216;6144651.32629651
Abitab 10-18;Avda. Dámaso Antonio Larrañaga 4508 Esq. Camino Corrales;2514 14 36;Consultar en: www.abitab.com.uy;Recarga y entrega de tarjeta STM COMUN;577903.5418674;6143190.03992607
Abitab 10-19;Convención 1366 Entre Avda. 18 De Julio Y Colonia;2900 32 64;Consultar en: www.abitab.com.uy;Recarga y entrega de tarjeta STM COMUN;573373.04700667;6137094.20982985
Abitab 12-19;Ruta 8 Km. 30.500 - Devoto;2292 91 78;Consultar en: www.abitab.com.uy;Recarga y entrega de tarjeta STM COMUN;594783.672750735;6156848.29392038
Abitab 12-20;José Artigas 749 Apto 003;2362 61 79;Consultar en: www.abitab.com.uy;Recarga y entrega de tarjeta STM COMUN;571215.614828096;6154244.41987169
Abitab 10-21;Colón 1499 Esq. Cerrito;2915 34 59 - 2916 64 03 ;Consultar en: www.abitab.com.uy;Recarga y entrega de tarjeta STM COMUN;572169.816890915;6137036.0863091
Abitab 19-28;Misiones 1414 Entre Rincón Y 25 De Mayo;2915 89 10 - 2915 19 70;Consultar en: www.abitab.com.uy;Recarga y entrega de tarjeta STM COMUN;572514.336897475;6137014.75152551
Abitab 19-29;Avda. Gral. San Martín 2654 Entre Guadalupe Y Vilardebó;2200 92 19 - 2209 10 56;Consultar en: www.abitab.com.uy;Recarga y entrega de tarjeta STM COMUN;574402.698049589;6140278.80461934
Abitab 19-30;Pérez Castellano 1599 Entre Rambla 25 De Agosto Y Piedras;2915 17 15 ;Consultar en: www.abitab.com.uy;Recarga y entrega de tarjeta STM COMUN;572012.876495442;6137156.20236471
Abitab 19-31;Andes 1288 Entre Soriano Y San José;2900 08 52 ;Consultar en: www.abitab.com.uy;Recarga y entrega de tarjeta STM COMUN;573294.095183956;6136897.68629625
Abitab 19-32;Avda. Agracidada 4109 Esq. Emilio Romero;2309 57 88;Consultar en: www.abitab.com.uy;Recarga y entrega de tarjeta STM COMUN;571488.10002705;6142393.23236594
Abitab 19-33;San José 1200 Esq. Zelmar Michelini;2902 13 82;Consultar en: www.abitab.com.uy;Recarga y entrega de tarjeta STM COMUN;573966.735730447;6137025.11395462
Abitab 19-34;Colonia 1854 Esq. Eduardo Acevedo;2402 08 18;Consultar en: www.abitab.com.uy;Recarga y entrega de tarjeta STM COMUN;575229.066270176;6137613.8879612
Abitab 19-36;Colonia 836 Entre Andes Y Florida;2908 52 35;Consultar en: www.abitab.com.uy;Recarga y entrega de tarjeta STM COMUN;573218.562740765;6137126.75635012
Abitab 19-37;Constituyente 1459 Loc. 14 Esq. Barrios Amorín;2400 03 21;Consultar en: www.abitab.com.uy;Recarga y entrega de tarjeta STM COMUN;574525.558211265;6137127.19144612
Abitab 19-42;Avda. Millán 4480 - Hall Sanatorio De Casa De Galicia;2356 19 76;Consultar en: www.abitab.com.uy;Recarga y entrega de tarjeta STM COMUN;572401.140391899;6144131.67163727
Abitab 20-0;Avda. Gral. Rivera 3475 Esq. Marco Bruto;2622 56 50;Consultar en: www.abitab.com.uy;Recarga y entrega de tarjeta STM COMUN;578638.926975626;6137568.298888
Abitab 22-0;Avda. 18 De Julio 2258 Esq. Acevedo Díaz;2409 47 51;Consultar en: www.abitab.com.uy;Recarga y entrega de tarjeta STM COMUN;576138.043512206;6137901.67778877
Abitab 23-0;Avda. Arocena 1568 Entre Carlos F. Sáez Y Otero;2600 58 91;Consultar en: www.abitab.com.uy;Recarga y entrega de tarjeta STM COMUN;586208.079575458;6138771.04572244
Abitab 24-0;Avda. Italia 2801 Esq. Avda. Centenario;2480 71 16 - 2487 86 81 ;Consultar en: www.abitab.com.uy;Recarga y entrega de tarjeta STM COMUN;577293.089492432;6138756.75212364
Abitab 25-0;Avda. Gral. Rivera 2406 Esq. 20 De Setiembre;2707 20 89;Consultar en: www.abitab.com.uy;Recarga y entrega de tarjeta STM COMUN;576434.897317734;6137427.89545831
Abitab 26-14;Ruta 1 Vieja Km 23,200;2347 33 20;Consultar en: www.abitab.com.uy;Recarga y entrega de tarjeta STM COMUN;556033.102089706;6152436.98425786
Abitab 27-0;Justicia 2301 Esq. Juan José De Amézaga;2203 36 64 ;Consultar en: www.abitab.com.uy;Recarga y entrega de tarjeta STM COMUN;574974.438052865;6139165.69648946
Abitab 28-0;Avda. Gral. Flores 2792 Esq. Avda. Gral. Garibaldi;2201 7332;Consultar en: www.abitab.com.uy;Recarga y entrega de tarjeta STM COMUN;574984.597103422;6140320.17224061
Abitab 29-0;Avda. 18 De Julio 1841 Esq. Eduardo Acevedo;2408 33 87;Consultar en: www.abitab.com.uy;Recarga y entrega de tarjeta STM COMUN;575214.67823392;6137517.55142213
Abitab 29-29;Eduardo Acevedo 1527 Esq. Av. 18 De Julio;2400 59 33 - 2401 58 19;Consultar en: www.abitab.com.uy;Recarga y entrega de tarjeta STM COMUN;575266.598941618;6137488.10030874
Abitab 30-0;Avda. Daniel Fernández Crespo 1982 Entre Miguelete Y 9 De Abril;2924 41 49 - 2924 94 95;Consultar en: www.abitab.com.uy;Recarga y entrega de tarjeta STM COMUN;574807.267704955;6138204.57029753
Abitab 31-0;Avda. José Batlle Y Ordóñez S/N Esq. Altamirano;2480 60 68;Consultar en: www.abitab.com.uy;Recarga y entrega de tarjeta STM COMUN;576640.181777245;6141131.88110841
Abitab 32-0;Avda. Agraciada 3054 Bis Entre Grito De Asencio Y Nasazzi;2208 47 07;Consultar en: www.abitab.com.uy;Recarga y entrega de tarjeta STM COMUN;573144.245295813;6140519.09354088
Abitab 32-1;Avda. Agraciada 2329 Entre Gral. Freire Y César Díaz;2924 10 75 ;Consultar en: www.abitab.com.uy;Recarga y entrega de tarjeta STM COMUN;574123.902989412;6139002.55058175
Abitab 32-2;Avda. Suárez 3406 Esq. Cisplatina;2200 44 71;Consultar en: www.abitab.com.uy;Recarga y entrega de tarjeta STM COMUN;573493.117571063;6141501.20129232
Abitab 33-0;Sarandí 546 Entre Ituzaingó Y Treinta Y Tres;2917 02 88 - 2915 77 77 ;Consultar en: www.abitab.com.uy;Recarga y entrega de tarjeta STM COMUN;572716.527885616;6136932.34073905
Abitab 35-0;Avda. Uruguay 1252 Esq. Yí;2900 76 72;Consultar en: www.abitab.com.uy;Recarga y entrega de tarjeta STM COMUN;574076.819288225;6137406.25956503
Abitab 36-1;Avda. Bolivia 2831;2525 72 51;Consultar en: www.abitab.com.uy;Recarga y entrega de tarjeta STM COMUN;582620.827614054;6140694.87943789
Abitab 36-2;21 De Setiembre 2696 Esq. Williman;2711 06 93;Consultar en: www.abitab.com.uy;Recarga y entrega de tarjeta STM COMUN;576846.87489779;6135892.91335352
Abitab 36-3;Avda. Italia 3498 Esq. Estivao;2480 18 33;Consultar en: www.abitab.com.uy;Recarga y entrega de tarjeta STM COMUN;578766.278838674;6139162.62051959
Abitab 36-4;Cooper S/N Esq. Camino Carrasco - Multiahorro;2604 47 91;Consultar en: www.abitab.com.uy;Recarga y entrega de tarjeta STM COMUN;585052.220436655;6140954.20658246
Abitab 37-0;Tristán Narvaja 1661 Esq. Avda. Uruguay;2400 19 78 - 2403 32 24;Consultar en: www.abitab.com.uy;Recarga y entrega de tarjeta STM COMUN;575004.061209401;6137760.43426385
Abitab 37-1;María Orticochea 5643 Entre Antonio Méndez Y Camejo Soto;2309 30 05;Consultar en: www.abitab.com.uy;Recarga y entrega de tarjeta STM COMUN;570284.836671029;6145234.43688287
Abitab 38-0;Constituyente 1726 Esq. Minas;2418 43 53;Consultar en: www.abitab.com.uy;Recarga y entrega de tarjeta STM COMUN;574988.553560092;6137016.79354028
Abitab 38-1;Constituyente 2025 Esq. Juan D. Jackson;2400 06 15 - 2400 69 31;Consultar en: www.abitab.com.uy;Recarga y entrega de tarjeta STM COMUN;575575.844172924;6136892.65802491
Abitab 39-1;Guarapirú 3816 Esq. Avda. Gral. Flores;2215 16 50;Consultar en: www.abitab.com.uy;Recarga y entrega de tarjeta STM COMUN;577748.183441171;6144529.53510673
Abitab 39-2;Avda. Gral. Rivera 3850 Esq. Nicolás Piaggio;2628 15 23;Consultar en: www.abitab.com.uy;Recarga y entrega de tarjeta STM COMUN;579483.856436457;6137692.14453939
Abitab 39-3;Avda. Eugenio Garzón 1367 Entre Pintos Cardeiro Y Albeniz;2355 16 96;Consultar en: www.abitab.com.uy;Recarga y entrega de tarjeta STM COMUN;571283.291773056;6146507.85309949
Abitab 40-0;Colonia 1755 Bis Esq. Gaboto;2400 01 92 - 2400 64 92;Consultar en: www.abitab.com.uy;Recarga y entrega de tarjeta STM COMUN;575017.58848193;6137540.31950469
Abitab 40-1;Rincón 725 Entre Juncal Y Ciudadela;2902 30 20 ;Consultar en: www.abitab.com.uy;Recarga y entrega de tarjeta STM COMUN;573020.407305187;6137190.52500056
Abitab 41-0;Río Negro 1149 Esq. Maldonado;2900 34 06 - 2902 18 87;Consultar en: www.abitab.com.uy;Recarga y entrega de tarjeta STM COMUN;573687.874595634;6136631.79801778
Abitab 41-1;Legrand 4864 Esq. Estanislao López;2619 23 63;Consultar en: www.abitab.com.uy;Recarga y entrega de tarjeta STM COMUN;582091.029082973;6138888.44362154
Abitab 41-2;Córcega 1943 Esq. Mariano Uriarte;2604 38 31;Consultar en: www.abitab.com.uy;Recarga y entrega de tarjeta STM COMUN;585017.606690238;6139262.38393372
Abitab 42-0;Colonia 1169 Entre Avda. Gral. Rondeau Y Cuareim;2902 34 24 ;Consultar en: www.abitab.com.uy;Recarga y entrega de tarjeta STM COMUN;573904.173337268;6137218.97242926
Abitab 42-1;Avda. Carlos María Ramírez 574 Loc.4 Esq. Ameghino - Macromercado;2308 59 56;Consultar en: www.abitab.com.uy;Recarga y entrega de tarjeta STM COMUN;570270.455029521;6141999.05079862
Abitab 42-2;Avda. José Belloni 5344 Esq. Marrubio;2220 1156 - 2227 7210;Consultar en: www.abitab.com.uy;Recarga y entrega de tarjeta STM COMUN;578940.970305;6148102.90276294
Abitab 43-0;Capurro 848 Entre Coraceros Y Pasaje Denis;2309 01 54;Consultar en: www.abitab.com.uy;Recarga y entrega de tarjeta STM COMUN;572094.801588506;6141008.86312444
Abitab 44-1;21 De Setiembre 2458 Esq. Libertad;2711 43 62 ;Consultar en: www.abitab.com.uy;Recarga y entrega de tarjeta STM COMUN;576533.831084805;6136213.69669414
Abitab 44-2;Avda. Gral. Rivera 5647 Esq. Hernani;2600 29 98;Consultar en: www.abitab.com.uy;Recarga y entrega de tarjeta STM COMUN;583514.236302053;6138717.75610415
Abitab 44-3;Felipe Carapé 4600 Esq. Eusebio Valdenegro;2336 73 38;Consultar en: www.abitab.com.uy;Recarga y entrega de tarjeta STM COMUN;573611.914209084;6143006.78678759
Abitab 44-4;Avda. Eugenio Garzón 1697 Entre Camino Casavalle Y Checoeslovaquia;2320 21 97;Consultar en: www.abitab.com.uy;Recarga y entrega de tarjeta STM COMUN;571262.045914033;6147498.4163947
Abitab 45-1;Avda. Garzon 425 Local 1 Esq. Aragon - Estación Esso;2308 81 84;Consultar en: www.abitab.com.uy;Recarga y entrega de tarjeta STM COMUN;571135.177337787;6144243.05819288
Abitab 45-2;Francisco A. De Lemos 4155 Entre Francisco Plá Y Avda. Gral. Flores;2211 42 40 ;Consultar en: www.abitab.com.uy;Recarga y entrega de tarjeta STM COMUN;576603.921391681;6142884.53671329
Abitab 46-0;Avda. 18 De Julio 975 Entre Río Branco Y Julio Herrera Y Obes;2908 42 66;Consultar en: www.abitab.com.uy;Recarga y entrega de tarjeta STM COMUN;573516.911857055;6137084.1711162
Abitab 48-0;Avda. Gral. Flores 2505 Esq. Carlos Reyles;2209 00 34;Consultar en: www.abitab.com.uy;Recarga y entrega de tarjeta STM COMUN;574731.874050232;6139814.12562852
Abitab 49-0;Canelones 2202 Esq. Juan Paullier;2408 33 08;Consultar en: www.abitab.com.uy;Recarga y entrega de tarjeta STM COMUN;576078.770371035;6136935.02469611
Abitab 50-1;Avda. Gral. San Martín 3737 Entre Bruno Méndez Y República De Chipre;2211 75 67;Consultar en: www.abitab.com.uy;Recarga y entrega de tarjeta STM COMUN;575445.991645388;6142579.80413579
Abitab 51-0;Hipólito Yrigoyen 1407 Loc. 001 Esq. Rbla. República De Chile;2619 76 39;Consultar en: www.abitab.com.uy;Recarga y entrega de tarjeta STM COMUN;581485.885797547;6138188.99968596
Abitab 51-1;Bvar. Artigas 3003 Esq. Enrique Martínez;2200 16 67;Consultar en: www.abitab.com.uy;Recarga y entrega de tarjeta STM COMUN;576059.27538986;6140880.76455109
Abitab 52-0;Cádiz 3044 Esq. Avda. Dr. Luis Alberto De Herrera;2480 68 06;Consultar en: www.abitab.com.uy;Recarga y entrega de tarjeta STM COMUN;576894.755018538;6140471.8649486
Abitab 52-1;Camino Maldonado 6817 Esq. Camino Guerra;2513 78 91;Consultar en: www.abitab.com.uy;Recarga y entrega de tarjeta STM COMUN;582114.516120913;6146103.39263075
Abitab 53-0;Avda. 8 De Octubre 2527 Esq. Presidente Berro;2486 03 49;Consultar en: www.abitab.com.uy;Recarga y entrega de tarjeta STM COMUN;576499.046791755;6138597.16454996
Abitab 53-1;Rbla. Baltasar Brum 3038 Esq. 12 De Diciembre - Estación Ancap;2208 61 79;Consultar en: www.abitab.com.uy;Recarga y entrega de tarjeta STM COMUN;572429.656854434;6140279.40823588
Abitab 54-0;Comercio 2102 Esq. Lombardini;2508 94 42;Consultar en: www.abitab.com.uy;Recarga y entrega de tarjeta STM COMUN;579113.261308373;6139578.46752122
Abitab 12-89;Juan Díaz De Solís S/N Esq. Millán - Supermercado Millán;2363 4659;Consultar en: www.abitab.com.uy;Recarga y entrega de tarjeta STM COMUN;571478.282073635;6159936.73190327
Abitab 12-90;Olimar S/N Esq. Elías Regules, Local 2 Y 3;2365 19 72;Consultar en: www.abitab.com.uy;Recarga y entrega de tarjeta STM COMUN;571932.481581232;6160424.37948418
Abitab 12-94;Avda. Gral. Artigas 781 Esq. Treinta Y Tres;2365 10 83;Consultar en: www.abitab.com.uy;Recarga y entrega de tarjeta STM COMUN;571127.278398223;6156920.9608432
Abitab 12-95;República Argentina Solar 13 Manzana 101;2364 33 01;Consultar en: www.abitab.com.uy;Recarga y entrega de tarjeta STM COMUN;572277.437870141;6157055.59987818
Abitab 12-96;Ruta 5 Km 19.200 - Estación Ancap;2362 73 05;Consultar en: www.abitab.com.uy;Recarga y entrega de tarjeta STM COMUN;568199.198277204;6154412.41254758
Abitab 12-97;Ruta 8 Km 28.100;2288 41 82;Consultar en: www.abitab.com.uy;Recarga y entrega de tarjeta STM COMUN;593078.211507366;6155280.82668509
Abitab 12-98;Avda. Giannattasio Km 20.200 Casi Alvear M 15 S 42;2682 64 77;Consultar en: www.abitab.com.uy;Recarga y entrega de tarjeta STM COMUN;591865.312905752;6143977.57519172
Abitab 12-99;Ruta 74 Km. 3.250 S/N - Solar 2 - Padrón 1576;2296 59 87;Consultar en: www.abitab.com.uy;Recarga y entrega de tarjeta STM COMUN;584909.520741832;6154041.9436078
Abitab 10-13;Ejido 1364 Entre Avda. 18 De Julio Y Colonia;2900 38 78;Consultar en: www.abitab.com.uy;Recarga y entrega de tarjeta STM COMUN;574299.277256896;6137160.34098929
Abitab 1-1;Avda. Gral. San Martín 4250 Esq. Chimborazo;2216 60 45;Consultar en: www.abitab.com.uy;Recarga y entrega de tarjeta STM COMUN;575892.590153594;6143447.64243252
Abitab 3-1;Avda. Millán 2971 Esq. Grito De Asencio;2204 51 65;Consultar en: www.abitab.com.uy;Recarga y entrega de tarjeta STM COMUN;574006.578007596;6140876.42130472
Abitab 4-1;Avda. José Belloni 4964 Esq. Previsión;2220 09 18;Consultar en: www.abitab.com.uy;Recarga y entrega de tarjeta STM COMUN;578815.881813193;6147286.46123281
Abitab 5-1;Camino Castro 253 Esq. Molinos De Raffo;2308 56 41;Consultar en: www.abitab.com.uy;Recarga y entrega de tarjeta STM COMUN;572088.892566282;6142739.2485297
Abitab 6-1;Orinoco 5011 Esq. Amazonas;2613 77 17 ;Consultar en: www.abitab.com.uy;Recarga y entrega de tarjeta STM COMUN;582316.626939265;6138158.29536749
Abitab 8-1;Avda. 8 De Octubre 3829 Esq. Larravide;25089504;Consultar en: www.abitab.com.uy;Recarga y entrega de tarjeta STM COMUN;578641.615394651;6140559.41825726
Abitab 11-1;Avda. Italia 6958 Entre Sta. Mónica Y Pérez Buttler - Devoto;2601 89 48;Consultar en: www.abitab.com.uy;Recarga y entrega de tarjeta STM COMUN;586142.084464461;6140130.19302833
Abitab 12-1;Roosevelt 612 Entre Avda. Gral. Artigas Y Gral. Flores;2364 48 31;Consultar en: www.abitab.com.uy;Recarga y entrega de tarjeta STM COMUN;571861.800666055;6156919.07253858
Abitab 13-1;Avda. Dr. Luis Alberto De Herrera 3867 Entre Avda. Gral. San Martín Y Carabelas;2209 47 52;Consultar en: www.abitab.com.uy;Recarga y entrega de tarjeta STM COMUN;575018.474497435;6141853.04868162
Abitab 14-1;Camino Maldonado 5502 Esq. Celiar;2511 71 35 ;Consultar en: www.abitab.com.uy;Recarga y entrega de tarjeta STM COMUN;579939.826282113;6143689.92852008
Abitab 15-1;Avda. Carlos María Ramírez 888;2309 78 97;Consultar en: www.abitab.com.uy;Recarga y entrega de tarjeta STM COMUN;569765.831499364;6141444.88486655
Abitab 16-1;Avda. Dr. Luis Alberto De Herrera 2251 Esq. República Dominicana;2481 16 04;Consultar en: www.abitab.com.uy;Recarga y entrega de tarjeta STM COMUN;577656.12384099;6139307.91136795
Abitab 20-1;Avda. Ramón Anador 3833 Entre Andrés Aguiar Y Avda. José Batlle Y Ordóñez;2480 94 83 ;Consultar en: www.abitab.com.uy;Recarga y entrega de tarjeta STM COMUN;579348.256418021;6138414.67244311
Abitab 23-1;Avda. Italia Esq. Avda. Bolivia Local 286 - Shopping Portones;2601 63 31 ;Consultar en: www.abitab.com.uy;Recarga y entrega de tarjeta STM COMUN;583830.428001966;6139669.76419206
Abitab 26-1;Avda. Daniel Fernández Crespo 2266 Entre Madrid Y Hocquard;2924 91 05;Consultar en: www.abitab.com.uy;Recarga y entrega de tarjeta STM COMUN;574447.297516559;6138603.08393724
Abitab 30-1;Guadalupe 2155 Bis Esq. Avda. Gral. Garibaldi;2200 34 83;Consultar en: www.abitab.com.uy;Recarga y entrega de tarjeta STM COMUN;575709.599764381;6139959.67446257
Abitab 1-2;Nápoles 3402 Esq. Camino Maldonado;2514 30 36;Consultar en: www.abitab.com.uy;Recarga y entrega de tarjeta STM COMUN;580994.080957491;6144849.55212465
Abitab 6-2;Avda. Brasil 2531 Esq. Brito Del Pino;2707 36 48;Consultar en: www.abitab.com.uy;Recarga y entrega de tarjeta STM COMUN;576822.526851676;6136935.57315593
Abitab 8-2;Avda. Uruguay 1199 Esq. Cuareim;2901 00 56;Consultar en: www.abitab.com.uy;Recarga y entrega de tarjeta STM COMUN;573931.023509811;6137393.89747753
Abitab 10-2;Avda. 8 De Octubre 3990 Entre Silvestre Pérez Y Félix Laborde;2506 05 30 ;Consultar en: www.abitab.com.uy;Recarga y entrega de tarjeta STM COMUN;578947.140256758;6140731.94405817
Abitab 13-2;Pablo De María 1446 Esq. Ana Monterroso De Lavalleja;2400 13 32 ;Consultar en: www.abitab.com.uy;Recarga y entrega de tarjeta STM COMUN;575669.613231069;6137526.91983292
Abitab 14-2;Camino Maldonado 5803 Esq. Rafael;2513 26 76;Consultar en: www.abitab.com.uy;Recarga y entrega de tarjeta STM COMUN;580247.016069187;6144310.68261312
Abitab 19-2;Camino Corrales 3003 Esq. Cervantes Saavedra;2507 64 58;Consultar en: www.abitab.com.uy;Recarga y entrega de tarjeta STM COMUN;578504.765673672;6142004.11534081
Abitab 23-2;Avda. Italia Esq. Avda. Bolivia Local K81 - Shopping Portones;2600 98 61;Consultar en: www.abitab.com.uy;Recarga y entrega de tarjeta STM COMUN;584026.438332929;6139688.34107835
Abitab 17-1;Carafí 1148 Bis Entre Bvar. José Batlle Y Ordóñez Y Camino Ariel;2354 07 12;Consultar en: www.abitab.com.uy;Recarga y entrega de tarjeta STM COMUN;570998.86812451;6146001.11252193
Abitab 4-3;Avda. Carlos María Ramírez 2389 Bis Esq. Camino Cibils;2314 08 67;Consultar en: www.abitab.com.uy;Recarga y entrega de tarjeta STM COMUN;567074.508624566;6140425.94863201
Abitab 8-3;Avda. Gonzalo Ramírez 1951 Esq. Jackson;2410 05 87;Consultar en: www.abitab.com.uy;Recarga y entrega de tarjeta STM COMUN;575593.740029164;6136443.62859355
Abitab 15-3;Avda. Italia 7548 Entre Barradas Y Lido - Estación Esso;2604 49 25;Consultar en: www.abitab.com.uy;Recarga y entrega de tarjeta STM COMUN;587843.517954581;6140271.41947379
Abitab 19-3;Constituyente 1661 Esq. José Enrique Rodó;2409 04 80 - 2408 20 07;Consultar en: www.abitab.com.uy;Recarga y entrega de tarjeta STM COMUN;574888.652407787;6137075.5714534
Abitab 12-26;Avda. Giannattasio Entre Km. 21.500 Y Km. 21.600 Esq. Becú ( M. 31 Sol. 2 Acera Sur );26828546;Consultar en: www.abitab.com.uy;Recarga y entrega de tarjeta STM COMUN;593076.248107637;6144751.88544852
Abitab 10-27;Ituzaingó 1433 Entre Rincón Y 25 De Mayo;2915 80 19;Consultar en: www.abitab.com.uy;Recarga y entrega de tarjeta STM COMUN;572662.401007407;6137095.22486468
Abitab 12-27;Avda. César Mayo Gutiérrez 247;2362 44 61;Consultar en: www.abitab.com.uy;Recarga y entrega de tarjeta STM COMUN;570659.485927979;6153041.33083171
Abitab 10-28;Benito Blanco 895 Entre Bvar. España Y  Scosería;27136251;Consultar en: www.abitab.com.uy;Recarga y entrega de tarjeta STM COMUN;577665.957128022;6136001.5240526
Abitab 12-28;Pérez Buttler (Parada 8) (M. 144 Sol 21);2698 79 50;Consultar en: www.abitab.com.uy;Recarga y entrega de tarjeta STM COMUN;598213.723786193;6148656.37825274
Abitab 10-29;Gabriel Pereira 3150 Esq. 26 De Marzo;2708 44 35;Consultar en: www.abitab.com.uy;Recarga y entrega de tarjeta STM COMUN;577815.442188211;6136684.33786171
Abitab 12-29;Wilson Ferreira 952 Esq. Piovene;22914665;Consultar en: www.abitab.com.uy;Recarga y entrega de tarjeta STM COMUN;577665.957128022;6136001.5240526
Abitab 2-0;Avda. Ramón Anador 3410 Esq. Avda. Dr. Luis Alberto De Herrera;2628 71 61;Consultar en: www.abitab.com.uy;Recarga y entrega de tarjeta STM COMUN;578329.910278241;6138197.09649253
Abitab 3-0;Grecia 3401 Esq. Rep. Argentina;2315 30 93;Consultar en: www.abitab.com.uy;Recarga y entrega de tarjeta STM COMUN;568709.300278413;6138935.64861101
Abitab 4-0;Andes 1387 Entre Avda. 18 De Julio Y Colonia;2901 02 40 - 2900 41 29;Consultar en: www.abitab.com.uy;Recarga y entrega de tarjeta STM COMUN;573244.217980974;6137109.62678974
Abitab 6-0;Convención 1410 Entre Colonia Y Mercedes;2900 13 33;Consultar en: www.abitab.com.uy;Recarga y entrega de tarjeta STM COMUN;573365.447722396;6137189.0394479
Abitab 7-0;San José 892 Entre Convención Y Andes;2900 23 43;Consultar en: www.abitab.com.uy;Recarga y entrega de tarjeta STM COMUN;573345.154156428;6136918.859179
Abitab 9-0;Avda. 8 De Octubre 3468 Bis Esq. Carlos Crocker;2508 94 41;Consultar en: www.abitab.com.uy;Recarga y entrega de tarjeta STM COMUN;578015.247376761;6140090.08595266
Abitab 11-0;Blandengues 1751 Esq. Ramón Del Valle Inclán;2203 49 41;Consultar en: www.abitab.com.uy;Recarga y entrega de tarjeta STM COMUN;574859.805887851;6139513.54707421
Abitab 12-0;Zabala 1384 Entre Rincón Y Sarandí;2915 21 66;Consultar en: www.abitab.com.uy;Recarga y entrega de tarjeta STM COMUN;572457.432888486;6136914.09025855
Abitab 13-0;Blandengues 1551 Esq. Rocha;2209 71 19;Consultar en: www.abitab.com.uy;Recarga y entrega de tarjeta STM COMUN;574474.254714083;6139688.04059149
Abitab 14-0;Avda. 8 De Octubre 4142/44 Esq. Enrique Clain;2507 11 17;Consultar en: www.abitab.com.uy;Recarga y entrega de tarjeta STM COMUN;579080.865533124;6141034.97362462
Abitab 16-0;Avda. Italia 3243 Esq. Francisco Simón;2486 07 40;Consultar en: www.abitab.com.uy;Recarga y entrega de tarjeta STM COMUN;578132.361350082;6139105.85731373
Abitab 17-0;Bvar. José Batlle Y Ordóñez 5155 Esq. Zubiria;2355 39 75;Consultar en: www.abitab.com.uy;Recarga y entrega de tarjeta STM COMUN;573753.399867599;6143990.55842439
Abitab 18-0;Bvar. Artigas 2474 Esq. Colorado;2481 19 66;Consultar en: www.abitab.com.uy;Recarga y entrega de tarjeta STM COMUN;576231.973660474;6139846.60784826
Abitab 19-17;Plaza Cagancha S/N Cdo. Suroeste;2900 23 03 ;Consultar en: www.abitab.com.uy;Recarga y entrega de tarjeta STM COMUN;573854.556636475;6137074.67471482
Abitab 19-18;Misiones 1482 Entre Cerrito Y 25 De Mayo;2916 81 31;Consultar en: www.abitab.com.uy;Recarga y entrega de tarjeta STM COMUN;572470.651771132;6137131.8586987
Abitab 19-23;Avda. Agraciada 2545 Esq. Aguilar;2203 35 16;Consultar en: www.abitab.com.uy;Recarga y entrega de tarjeta STM COMUN;573669.944979421;6139469.47764146
Abitab 19-25;Paysandú 1341 Entre Ejido Y Yaguarón;2901 10 40;Consultar en: www.abitab.com.uy;Recarga y entrega de tarjeta STM COMUN;574227.273769958;6137563.69041859
Abitab 19-26;Dr. Aquiles Lanza 1281 Entre Soriano Y San José;2908 50 56;Consultar en: www.abitab.com.uy;Recarga y entrega de tarjeta STM COMUN;574178.473206977;6136962.05728273
Abitab 19-27;Avda. 18 De Julio 1204 Entre Zelmar Michelini Y Carlos Quijano;2902 09 09 - 2901 45 14;Consultar en: www.abitab.com.uy;Recarga y entrega de tarjeta STM COMUN;574000.357436966;6137088.30218187
Agencia de Quinielas 76/006;Cotopaxi 0000;094691379;Horario de atención del local;Recarga;576466.989319816;6143691.41841841
Agencia de Quinielas 81/008;Brandzen, Cnel. 2130;094175316;Horario de atención del local;Recarga;575922.539063362;6137763.05048688
Agencia de Quinielas 01/037;Tibidabo 3886;25070302;Horario de atención del local;Recarga;579177.952661696;6140200.36114194
Agencia de Quinielas 02/040;Larravide 2605;094681582;Horario de atención del local;Recarga;578625.771512592;6140673.92101801
Agencia de Quinielas 08/003;Larravide 2199;25089070;Horario de atención del local;Recarga;579236.508291312;6140017.30215714
Agencia de Quinielas 20/026;Av Dr Luis Alberto De Herrera  Esq. Av Gral Rivera;26220453;Horario de atención del local;Recarga;578704.796358832;6137544.8967529
Agencia de Quinielas 21/006;Montero, Dr. Jose Ma. 2702;27117147;Horario de atención del local;Recarga;576620.39380147;6135641.58103815
Agencia de Quinielas 22/015;Av 18 De Julio 2204;24002611;Horario de atención del local;Recarga;576055.962336419;6137864.30860757
Agencia de Quinielas 09/003;Comercio 2464;25080871;Horario de atención del local;Recarga;578451.239247994;6140220.5906818
Agencia de Quinielas 22/023;20 De Setiembre 1523;27074095;Horario de atención del local;Recarga;576500.877615323;6137702.44693185
Agencia de Quinielas 24/002;Av Italia 2675;24871695;Horario de atención del local;Recarga;576909.064215894;6138640.61904669
Agencia de Quinielas 24/028;Av Italia 2929;24875390;Horario de atención del local;Recarga;577539.915248031;6138818.29119316
Agencia de Quinielas 09/023;Asilo 3702;25077489;Horario de atención del local;Recarga;578461.946858794;6140307.56048624
Agencia de Quinielas 25/017;Canaro, Francisco 2260;24008450;Horario de atención del local;Recarga;576241.074759922;6137830.16149636
Agencia de Quinielas 11/034;Justicia 2198;22033393;Horario de atención del local;Recarga;575022.177417163;6138924.7844031
Agencia de Quinielas 25/040;Av Italia 2378;24819780;Horario de atención del local;Recarga;576461.882848537;6138339.1526241
Agencia de Quinielas 14/003;Comercio 2300;098595067;Horario de atención del local;Recarga;578747.593215352;6139927.9151737
Agencia de Quinielas 26/010;Lenguas, Dr. Luis Pedro 1448;29244015;Horario de atención del local;Recarga;574420.19819382;6138785.63291615
Agencia de Quinielas 16/028;Comercio 2184 Bis;25094929;Horario de atención del local;Recarga;578938.311781041;6139745.05130061
Agencia de Quinielas 26/023;Av Agraciada 2821 Bis;22033299;Horario de atención del local;Recarga;573454.83169881;6140071.723592979
Agencia de Quinielas 29/003;Barbato, Agr. German 1380;29031120;Horario de atención del local;Recarga;574370.482699419;6137177.68467877
Agencia de Quinielas 24/006;Av Dr Luis Alberto De Herrera 2202;24873858;Horario de atención del local;Recarga;577779.977101292;6139172.81832501
Agencia de Quinielas 91/016;Cebollati 1677;094071970;Horario de atención del local;Recarga;575034.192567587;6136278.80576048
Agencia de Quinielas 29/036;Eduardo Acevedo 1616;24011311;Horario de atención del local;Recarga;575158.636491316;6137737.1952616
Agencia de Quinielas 32/026;Uruguayana 3104;22084503;Horario de atención del local;Recarga;573015.749004894;6140515.86027759
Agencia de Quinielas 32/043;Ounanian, Nerses 1042;22040403;Horario de atención del local;Recarga;573438.272786022;6140126.643392
Agencia de Quinielas 32/047;Uruguayana 3399 Bis;23090505;Horario de atención del local;Recarga;572432.497902157;6140881.2647376
Agencia de Quinielas 33/011;Gomez, Juan Carlos 1243;29153329;Horario de atención del local;Recarga;572908.274788578;6136777.99782633
Agencia de Quinielas 94/047;Paysandu 1848;24011251;Horario de atención del local;Recarga;575084.661454304;6137875.21497208
Agencia de Quinielas 40/007;Constituyente 1552;24106262;Horario de atención del local;Recarga;574724.107971197;6137048.1482185
Agencia de Quinielas 35/029;Mayo Gutierrez, Ruta Cesar 2164;23209113;Horario de atención del local;Recarga;570920.334238006;6149181.68429038
Agencia de Quinielas 35/040;Garibaldi, Av. Gral. 1751;22025653;Horario de atención del local;Recarga;574837.024263014;6140444.04079982
Agencia de Quinielas 37/012;Lavalleja, Liber.Brig.Gral. 2065;92434309;Horario de atención del local;Recarga;574169.827509347;6138517.05628684
Agencia de Quinielas 16/014;Servidumbre 7203;25139210;Horario de atención del local;Recarga;583496.048275725;6146710.76075461
Agencia de Quinielas 06/043;China 2258;23110112;Horario de atención del local;Recarga;567422.195287011;6139797.51293721
Agencia de Quinielas 80/016;Concordia 4226;23089453;Horario de atención del local;Recarga;569602.268278748;6140993.93070801
Agencia de Quinielas 40/022;Tapes 1038;98523288;Horario de atención del local;Recarga;573457.927595813;6140001.93948169
Agencia de Quinielas 41/029;Av Italia 5758;26006714;Horario de atención del local;Recarga;583828.460734718;6139546.75162217
Agencia de Quinielas 43/006;Av Carlos Maria Ramirez 179;23041585;Horario de atención del local;Recarga;570874.352773787;6142545.70184599
Agencia de Quinielas 43/023;Castro, Cno.;23091583;Horario de atención del local;Recarga;571875.9960756716;6142110.475566572
Agencia de Quinielas 58/006;Paraguay 1376;29015453;Horario de atención del local;Recarga;573776.452933989;6137136.35852056
Agencia de Quinielas 48/011;Av Gral Flores 4151;22150496;Horario de atención del local;Recarga;576674.502728738;6142911.01848533
Agencia de Quinielas 88/031;Av Gral Flores 3646;22158138;Horario de atención del local;Recarga;576091.384578935;6141995.36428649
Agencia de Quinielas 15/008;Concordia 4341;;Horario de atención del local;Recarga;569457.331361314;6141262.75232763
Agencia de Quinielas 48/041;Hum 3324;22152356;Horario de atención del local;Recarga;576667.584178617;6143165.93699973
Agencia de Quinielas 48/030;Arena, Cno. Dr. Domingo 4130;22275427;Horario de atención del local;Recarga;578648.550957553;6146921.60954644
Agencia de Quinielas 08/046;Rondeau, Av. Gral. Jose 2133;094715140;Horario de atención del local;Recarga;573725.124920767;6138760.31606542
Agencia de Quinielas 51/003;Martinez Trueba, Andres 1277 Bis;24108174;Horario de atención del local;Recarga;574606.600592661;6137035.46604352
Agencia de Quinielas 52/015;Lorenzo Batlle Pacheco 4480;22228962;Horario de atención del local;Recarga;578784.823009697;6146398.40860816
Agencia de Quinielas 53/001;Aguilar, Gral. 1130;22036079;Horario de atención del local;Recarga;573636.666107118;6139407.60528098
Agencia de Quinielas 64/031;Torricelli 4556;;Horario de atención del local;Recarga;576628.140265665;6143872.17920947
Agencia de Quinielas 53/014;Bv Gral Artigas;24822910;Horario de atención del local;Recarga;576168.057846562;6140047.11403105
Agencia de Quinielas 53/027;Av 8 De Octubre 2487 Bis;24815663;Horario de atención del local;Recarga;576440.195107496;6138510.46195245
Agencia de Quinielas 45/048;Perez, Leon 3549;095952074;Horario de atención del local;Recarga;576121.755416498;6142779.21283012
Agencia de Quinielas 51/002;Sorata 3862;098928397;Horario de atención del local;Recarga;575689.998826928;6143724.1512938
Agencia de Quinielas 64/029;Possolo, Jose A. 4051;22154401;Horario de atención del local;Recarga;576798.645766887;6144230.19644739
Agencia de Quinielas 62/044;Bv Gral Artigas 3821;22031379;Horario de atención del local;Recarga;574318.269289631;6140931.36827767
Agencia de Quinielas 63/020;Cassinoni, Mario. 1682 Bis;24099362;Horario de atención del local;Recarga;576198.482206626;6138157.80026358
Agencia de Quinielas 83/035;Carreras Nacionales 3290;25149573;Horario de atención del local;Recarga;578474.462856222;6143049.38731662
Agencia de Quinielas 28/024;Galvani 4693;22150032;Horario de atención del local;Recarga;577174.01837745;6143896.10284859
Agencia de Quinielas 64/006;Centenario, Av. 3092;24804368;Horario de atención del local;Recarga;577474.859553567;6139585.98104655
Agencia de Quinielas 89/003;Bv Aparicio Saravia 4677;23559122;Horario de atención del local;Recarga;572886.852085192;6145973.81911441
Agencia de Quinielas 65/050;De Maria,Dr. Pablo 1592;24015335;Horario de atención del local;Recarga;575540.370221916;6137734.93851257
Agencia de Quinielas 13/013;Av Dr Luis Alberto De Herrera 3867;22094752;Horario de atención del local;Recarga;574996.083785705;6141831.38369871
Agencia de Quinielas 03/013;Burgues, Av. 2959;099024335;Horario de atención del local;Recarga;574392.150392177;6140900.93499246
Agencia de Quinielas 68/046;Colman, Cno. Carmelo;23243484;Horario de atención del local;Recarga;571059.3967129956;6149040.53927465
Agencia de Quinielas 71/011;Maldonado, Cno. 4872;25113794;Horario de atención del local;Recarga;579360.810726468;6142613.10237405
Agencia de Quinielas 15/013;Burgues, Av. 3352 Bis;22030396;Horario de atención del local;Recarga;574331.459268272;6141869.73911274
Agencia de Quinielas 01/020;Rio Branco 1434;29001316;Horario de atención del local;Recarga;573463.358742643;6137229.26642931
Agencia de Quinielas 03/035;Grecia 4151;95982816;Horario de atención del local;Recarga;568450.492225449;6140368.57665431
Agencia de Quinielas 04/018;Convencion 1492;29022723;Horario de atención del local;Recarga;573347.42108544;6137343.9857324
Agencia de Quinielas 44/018;Marquez, Ramon 3256;22086291;Horario de atención del local;Recarga;574445.415256583;6141696.57843585
Agencia de Quinielas 05/001;Zufriategui, Pablo 952;23052743;Horario de atención del local;Recarga;571905.5781838294;6141803.0389162395
Agencia de Quinielas 05/037;Av Agraciada 3702;23053073;Horario de atención del local;Recarga;572199.824954883;6141744.16340165
Agencia de Quinielas 30/003;San Martin, Av. Gral. 4097 Bis;097077074;Horario de atención del local;Recarga;575815.774416371;6143233.5769349
Agencia de Quinielas 08/008;Comercio 2529;25084674;Horario de atención del local;Recarga;578339.637749593;6140305.50234321
Agencia de Quinielas 83/011;Darwin 3461;22007531;Horario de atención del local;Recarga;574718.625720333;6142165.14584462
Agencia de Quinielas 62/032;Bv Gral Artigas 3796;22035831;Horario de atención del local;Recarga;574450.57280509;6140970.33045396
Agencia de Quinielas 85/005;Carabelas 3310;22037006;Horario de atención del local;Recarga;574849.382733922;6141766.26222596
Agencia de Quinielas 62/039;Soler, Mariano 3315;22031602;Horario de atención del local;Recarga;574725.017067369;6141805.53973293
Agencia de Quinielas 09/014;Av 8 De Octubre 3343 Bis;24816394;Horario de atención del local;Recarga;577778.631777756;6139961.04110305
Agencia de Quinielas 62/040;Carabelas 3193 Bis;22083956;Horario de atención del local;Recarga;574715.575977042;6141387.72648803
Agencia de Quinielas 09/032;Av 8 De Octubre 3656;95227568;Horario de atención del local;Recarga;578370.5644452787;6140341.504154774
Agencia de Quinielas 13/034;Soler, Mariano 3228;22082740;Horario de atención del local;Recarga;574667.132079618;6141567.45499141
Agencia de Quinielas 12/021;Piran;25062406;Horario de atención del local;Recarga;580221.901241651;6140481.96141478
Agencia de Quinielas 91/013;Rondeau, Av. Gral. Jose 2224;29248890 098659226;Horario de atención del local;Recarga;573732.338657227;6138986.50459059
Agencia de Quinielas 53/033;Berro, Presidente 2687;24864401;Horario de atención del local;Recarga;576665.418969007;6138550.72219716
Agencia de Quinielas 53/044;Av 8 De Octubre 2524;24802117;Horario de atención del local;Recarga;576523.961969297;6138561.66591696
Agencia de Quinielas 54/015;Av Italia 3794;25075755;Horario de atención del local;Recarga;579483.461745455;6139143.76627621
Agencia de Quinielas 61/034;De Medina, Felix 4657;25227760;Horario de atención del local;Recarga;580697.744919673;6140503.73265783
Agencia de Quinielas 79/013;Colombes 1431;26137011;Horario de atención del local;Recarga;580795.765394409;6138395.74007552
Agencia de Quinielas 55/041;Quijano Carlos 1333;29013191;Horario de atención del local;Recarga;574077.730188392;6137062.94392512
Agencia de Quinielas 56/016;Av Agraciada 4244;23095355;Horario de atención del local;Recarga;571276.412832123;6142639.84598601
Agencia de Quinielas 56/023;Pauru, Cno. 2260;095963392;Horario de atención del local;Recarga;561709.431809812;6148556.28775612
La Milagrosa;Bv Jose Batlle Y Ordoñez 5630;23588085;Horario de atención del local;Recarga;572887.089849273;6144691.87920498
Agencia de Quinielas 57/022;Av Gral Flores 3361;22006890 097184096;Horario de atención del local;Recarga;575727.127748489;6141479.34532972
Agencia de Quinielas 93/015;Carrasco, Camino 4733 Bis;25255729;Horario de atención del local;Recarga;580816.197157011;6140896.8519461
Agencia de Quinielas 60/012;Garcia, Martin 1625;22041735;Horario de atención del local;Recarga;574615.233177172;6139203.48932872
Agencia de Quinielas 61/002;Av Gral Rivera 2780;27094908;Horario de atención del local;Recarga;577223.235098231;6137363.21489229
Agencia de Quinielas 62/006;Av 18 De Julio;24097956;Horario de atención del local;Recarga;575392.288616345;6137561.48319268
Agencia de Quinielas 30/019;Figueredo, Santiago 4036;22156009;Horario de atención del local;Recarga;575581.533041439;6143110.96516552
Salon Manor;Piccioli, Geronimo 2899;25117873;Horario de atención del local;Recarga;579107.981315368;6142395.80497413
Agencia de Quinielas 13/006;Olmedo, Jose Joaquin De 3995;091225768;Horario de atención del local;Recarga;576770.355439737;6142348.36872372
Agencia de Quinielas 52/008;Arrieta Francisco 3028;24806350;Horario de atención del local;Recarga;576618.163407924;6140634.9302725
Agencia de Quinielas 55/019;Alvarez, Francisco S. 1371;23208525;Horario de atención del local;Recarga;570524.120936581;6147122.49913294
Agencia de Quinielas 60/011;Faramiñan 628;23061606;Horario de atención del local;Recarga;569559.524516022;6144033.00861437
Agencia de Quinielas 76/017;Besnes E Irigoyen, Cno. 5139;23211332;Horario de atención del local;Recarga;572306.399549183;6147599.04488449
Agencia de Quinielas 91/030;Rafael 42;25134101;Horario de atención del local;Recarga;579882.0041865;6146076.16732981
Agencia de Quinielas 20/024;Rivera, Av. Gral. 3290;26226817;Horario de atención del local;Recarga;578229.518406618;6137420.76503319
Agencia de Quinielas 11/015;Berthelot, Marcelino 1678;22006043;Horario de atención del local;Recarga;574718.066855356;6139419.13788316
Agencia de Quinielas 13/015;Marmaraja 2199 Bis;29254844;Horario de atención del local;Recarga;574124.223922347;6139328.80914726
Agencia de Quinielas 07/013;Pasteur 5109;23553135;Horario de atención del local;Recarga;571806.937857762;6146600.40015304
Agencia de Quinielas 07/012;Mackinnon, Dr. R. 5065;22112030;Horario de atención del local;Recarga;575873.613311456;6145317.77884021
Agencia de Quinielas 50/019;Republica 2047 Bis;29240437;Horario de atención del local;Recarga;574925.403410621;6138623.58123002
Agencia de Quinielas 50/005;Ferrer Serra, Salvador 2151;24030598;Horario de atención del local;Recarga;575725.931221987;6138285.05071777
Agencia de Quinielas 80/006;Artigas, Juan Antonio 4128 Bis;23078806;Horario de atención del local;Recarga;571455.849143329;6142473.09078457
Agencia de Quinielas 17/018;Ferreri Odetto, Carlos B. 4561;23085479                      ;Horario de atención del local;Recarga;571988.457086117;6144091.89058859
Agencia de Quinielas 63/009;Brasil, Av. 2838;27070832;Horario de atención del local;Recarga;577378.645045934;6136627.81053614
Agencia de Quinielas 66/012;Hermano Damasceno 1923;29242062;Horario de atención del local;Recarga;574263.862673093;6138101.17447311
Agencia de Quinielas 89/022;Marconi 1293;23555008;Horario de atención del local;Recarga;572326.100956229;6145375.82842702
Agencia de Quinielas 13/032;Miguelete 1611;29240194;Horario de atención del local;Recarga;574613.148438455;6138129.60822643
Agencia de Quinielas 81/000;Rivera, Av. Gral. 2204;24087279;Horario de atención del local;Recarga;576035.154059482;6137482.52090731
Agencia de Quinielas 90/027;Sayago, Av. 1533;23593060;Horario de atención del local;Recarga;572644.062937535;6145906.9845543
Agencia de Quinielas 89/010;Pantanoso 4618;23546582;Horario de atención del local;Recarga;573293.072220282;6146177.86206414
Agencia de Quinielas 83/018;Gadea, Santiago 3440;24865916                      ;Horario de atención del local;Recarga;578149.147046658;6138569.44743765
Agencia de Quinielas 46/004;Henderson 1865;23554371;Horario de atención del local;Recarga;573269.652594248;6146669.46393892
Agencia de Quinielas 22/000;Av. 18 De Julio 2258;24098968;Horario de atención del local;Recarga;576138.674595174;6137899.55423034
Agencia de Quinielas 76/005;Machado, Antonio 2171;22030890                      ;Horario de atención del local;Recarga;576019.719738556;6140971.52536933
Agencia de Quinielas 17/031;Becquer, Gustavo Adolfo 1496;23583397                      ;Horario de atención del local;Recarga;573005.990280776;6145717.79296821
Agencia de Quinielas 91/000;Av. 18 De Julio 1552;24084180;Horario de atención del local;Recarga;574705.784933595;6137243.38118911
Agencia de Quinielas 13/005;Pedernal 2202;099967640                     ;Horario de atención del local;Recarga;576014.041505393;6140496.67474207
Agencia de Quinielas 26/048;Ariel, Cno. 5367;23551587;Horario de atención del local;Recarga;570583.24278182;6145878.82171609
Agencia de Quinielas 11/013;Paullier, Juan 2850;22059922;Horario de atención del local;Recarga;575651.201811582;6140487.70170616
Agencia de Quinielas 60/000;Lavalleja, Liber.Brig.Gral. 1644;29005806;Horario de atención del local;Recarga;573859.908394832;6137695.64686353
Agencia de Quinielas 76/011;Orticochea, Maria 5181;099082171                     ;Horario de atención del local;Recarga;570841.180824702;6144783.43790755
Agencia de Quinielas 91/006;Perez De Marchena, Juan 5223;23201370 096168525;Horario de atención del local;Recarga;572275.169690808;6147989.11592763
Agencia de Quinielas 26/033;Torres, Domingo 4643 Bis;23073703;Horario de atención del local;Recarga;571797.286341049;6144024.18571098
Agencia de Quinielas 17/019;Edison, Cno. 0;091430170;Horario de atención del local;Recarga;570411.676961242;6147368.3469178
Agencia de Quinielas 50/028;Hocquard 1905;24030867;Horario de atención del local;Recarga;575302.739149512;6138893.09031553
Agencia de Quinielas 80/012;Aguiar, Gorgonio 2028;23117620;Horario de atención del local;Recarga;567508.471879454;6142662.8336773
Agencia de Quinielas 77/025;Cibils, Cno. 4757;099800996;Horario de atención del local;Recarga;566904.860928936;6141352.06480706
Agencia de Quinielas 77/026;Buffa Cno. 2546 Bis;23152350                      ;Horario de atención del local;Recarga;566502.871727909;6141252.96168249
Agencia de Quinielas 85/037;Flores, Av. Gral. 3141;22092741;Horario de atención del local;Recarga;575466.149754509;6141090.55781069
Agencia de Quinielas 66/028;Ramirez, Av. Gonzalo 1958;24181785;Horario de atención del local;Recarga;575596.625330965;6136415.80056097
Agencia de Quinielas 70/028;Rio Negro 1346;29000482;Horario de atención del local;Recarga;573681.831369265;6137039.52438931
Agencia de Quinielas 94/008;Fernandez Crespo, Av. Daniel 1828;24014567;Horario de atención del local;Recarga;574980.786138913;6138022.12973001
Agencia de Quinielas 50/007;De Amezaga, Dr. Juan J. 1807;22045530;Horario de atención del local;Recarga;574999.304600578;6139166.85690751
Agencia de Quinielas 83/004;Av. 8 De Octubre 2738;24863214;Horario de atención del local;Recarga;576830.494505755;6139012.92557177
Agencia de Quinielas 11/017;Aramburu, Domingo 1715;91316209;Horario de atención del local;Recarga;574897.194367503;6139598.56080968
Agencia de Quinielas 56/043;Basagoity, Dr. Vicente 4610;23083365;Horario de atención del local;Recarga;570198.188311796;6142959.03172481
Agencia de Quinielas 77/004;Batlle Berres, Av. Luis 4719;23083787;Horario de atención del local;Recarga;569887.781474741;6142847.50625981
Agencia de Quinielas 85/016;San Martin, Av. Gral. 3165;22083982;Horario de atención del local;Recarga;574842.631439062;6141309.16654757
Agencia de Quinielas 62/030;San Martin, Av. Gral. 3030;96424514;Horario de atención del local;Recarga;574777.995885831;6141016.79395879
Agencia de Quinielas 77/006;De Leon, Fray Luis 2422;23126609;Horario de atención del local;Recarga;566527.848111184;6143535.04465071
Almacen La Torre;Pasaje Maracana 139;23180310;Horario de atención del local;Recarga;567327.178657439;6143433.05583749
Agencia de Quinielas 77/022;Tomkinson, Cno. 2502;;Horario de atención del local;Recarga;566270.79769373;6144628.73919139
Agencia de Quinielas 80/011;Cibils, Cno. 5802;94172150;Horario de atención del local;Recarga;566583.680406124;6143354.75552375
Agencia de Quinielas 33/019;Los Cedros 2386;23156657;Horario de atención del local;Recarga;566664.280682032;6143437.67921218
Agencia de Quinielas 42/006;Alfonso X El Sabio 6093;23180216;Horario de atención del local;Recarga;566119.290575528;6143678.62486119
Agencia de Quinielas 80/017;Palmeras, Las. 038;23180315;Horario de atención del local;Recarga;567272.276825586;6143239.9338492
Agencia de Quinielas 77/038;Lafone, Samuel 2308;23127968;Horario de atención del local;Recarga;567005.76093929;6141400.45722859
Agencia de Quinielas 28/035;Guaviyu 3214;22002473;Horario de atención del local;Recarga;575172.231817857;6141162.51246082
Agencia de Quinielas 13/000;Blandengues 1551;22097119;Horario de atención del local;Recarga;574515.051106837;6139661.01370753
Agencia de Quinielas 63/000;Ferrer Serra, Salvador 2320;24012911;Horario de atención del local;Recarga;576140.92899339;6138291.25572746
Agencia de Quinielas 13/026;Batlle Y Ordoñez, Br. Jose 4754;22166281;Horario de atención del local;Recarga;574468.72090286;6143293.41857582
Agencia de Quinielas 42/030;Belloni, Av. Jose 6350 Bis;93857730;Horario de atención del local;Recarga;579114.076826047;6150655.77932728
Agencia de Quinielas 58/021;Isla De Flores 1750;24195299;Horario de atención del local;Recarga;575153.122663393;6136565.7412044
Agencia de Quinielas 08/017;Larravide 2480;25070093;Horario de atención del local;Recarga;578760.189201883;6140510.39887612
Agencia de Quinielas 14/028;Belloni, Av. Jose 3402;25144533;Horario de atención del local;Recarga;579043.260743078;6143827.49639873
Agencia de Quinielas 63/033;Ayacucho 3370;24878214;Horario de atención del local;Recarga;578148.578043875;6138342.3154962
Agencia de Quinielas 48/026;Roldos Y Pons, Jaime 4166;22153092;Horario de atención del local;Recarga;577416.587014699;6142466.59143473
Agencia de Quinielas 55/022;Minas 1276;24103226;Horario de atención del local;Recarga;574957.874906371;6137010.30193308
Salon Tuli;Belloni, Av. Jose 4167;22154896;Horario de atención del local;Recarga;578531.458204374;6145647.97596515
El Portal De La Suerte;25 De Mayo 633;29159470;Horario de atención del local;Recarga;572815.222294516;6137208.27521908
Agencia de Quinielas 55/003;Dr. Lorenzo Carnelli 951;24104825;Horario de atención del local;Recarga;574881.264879473;6136379.76383268
Agencia de Quinielas 79/041;Colombes 1500;26199789;Horario de atención del local;Recarga;580746.830838933;6138525.15739949
Agencia de Quinielas 44/006;Alberto Zum Felde 1591;26130220;Horario de atención del local;Recarga;582949.876335031;6138828.0851187
Agencia de Quinielas 41/001;Amsterdam 1451;26135917;Horario de atención del local;Recarga;580942.812235999;6138283.86572396
Agencia de Quinielas 89/047;Cno. Cnel. Raiz Esq. Bvar. Apar. Saravia;23554179;Horario de atención del local;Recarga;573107.694591552;6145776.53836004
Agencia de Quinielas 53/010;Ing. Jose Serrato 3693;22160175;Horario de atención del local;Recarga;576683.124941434;6142783.29417437
Agencia de Quinielas 89/001;Plaza Vidiella. 5632 Bis;23209378;Horario de atención del local;Recarga;571196.879273115;6148236.09416556
Agencia de Quinielas 89/028;Cno. Ariel 4945;23576560;Horario de atención del local;Recarga;571438.721781357;6145249.69871323
Agencia de Quinielas 21/017;Guipuzcoa 433;;Horario de atención del local;Recarga;577073.721545629;6135093.8834626
Agencia de Quinielas 89/000;Bvar. Aparicio Saravia 4620;23597956;Horario de atención del local;Recarga;573019.955328548;6145898.23327584
Agencia de Quinielas 49/002;Dr. Luis Piera 2011;24105468;Horario de atención del local;Recarga;575723.362853826;6136253.05067289
Agencia de Quinielas 22/028;Agustin Abreu 2472;24817800;Horario de atención del local;Recarga;577732.967396916;6139835.77211763
Agencia de Quinielas 94/014;Gil 816;23085577;Horario de atención del local;Recarga;572172.523592665;6140657.62663611
Agencia de Quinielas 09/004;Br. Jose Batlle Y Ordoñez 2692;25076240;Horario de atención del local;Recarga;578135.327031992;6139798.07691013
Agencia de Quinielas 01/012;Av. Damaso Larrañaga ;24816024;Horario de atención del local;Recarga;577491.694075856;6139771.71739883
Agencia de Quinielas 21/033;Tomas Diago 889;27115837;Horario de atención del local;Recarga;577492.2629019;6136084.5143234
Agencia de Quinielas 74/002;Jaime Zudañez 2894;27107752;Horario de atención del local;Recarga;577595.792630052;6135828.88320898
Agencia de Quinielas 63/007;Juan Paullier 1698;24003818;Horario de atención del local;Recarga;575870.901657307;6138070.13401377
Agencia de Quinielas 32/009;Av. Millan 3173;22006853;Horario de atención del local;Recarga;573863.577206473;6141231.05181808
Agencia de Quinielas 36/005;Carmelo 1361;23364642;Horario de atención del local;Recarga;573797.056196075;6141971.43379939
Agencia de Quinielas 32/017;Av. Joaquin Suarez 3386;22035270;Horario de atención del local;Recarga;573478.153390033;6141429.34418405
Agencia de Quinielas 17/006;Carlos Quijano 1258;29026971;Horario de atención del local;Recarga;574101.242841488;6136931.55209573
Peluqueria Ferreira Hnos.;Convencion 1391;29007564;Horario de atención del local;Recarga;573347.248416203;6137140.14303909
Agencia de Quinielas 03/008;Av. Joaquin Suarez 3258;22043034;Horario de atención del local;Recarga;573447.041455093;6141083.2382197
Agencia de Quinielas 02/012;Miguelete 2301;24094187;Horario de atención del local;Recarga;575936.988741028;6138634.4298747
Agencia de Quinielas 05/028;Edison, Cno.;23218964;Horario de atención del local;Recarga;570428.317335486;6147355.57632085
Agencia de Quinielas 11/007;Defensa 2450;096546659;Horario de atención del local;Recarga;575350.309270861;6139676.35800727
Agencia de Quinielas 11/036;Blandengues 1702;094500248;Horario de atención del local;Recarga;574732.068877566;6139533.47796938
Agencia de Quinielas 19/038;26 De Marzo 1044;27090348;Horario de atención del local;Recarga;577474.547908614;6136408.95592055
Agencia de Quinielas 24/007;Italia, Av.;098174828;Horario de atención del local;Recarga;577417.162007381;6138739.69962345
Agencia de Quinielas 25/028;Colonia 2267 Bis;24024870;Horario de atención del local;Recarga;576113.263758211;6138052.26153078
Agencia de Quinielas 31/017;Batlle Y Ordoñez, Br. Jose 6395 Bis;23561691;Horario de atención del local;Recarga;570002.671667073;6146737.11170304
Agencia de Quinielas 38/010;Patria 553;27122224;Horario de atención del local;Recarga;576279.326754704;6135679.14685816
Agencia de Quinielas 77/012;Turquia 4341;23114514;Horario de atención del local;Recarga;568504.628675015;6140763.54253153
Agencia de Quinielas 91/032;Minas 1340;24019846;Horario de atención del local;Recarga;574969.134200691;6137113.24122534
Agencia de Quinielas 11/035;Av Dr Luis Alberto De Herrera 3459;22037079;Horario de atención del local;Recarga;575782.735186173;6141317.29626794
Agencia de Quinielas 13/027;Av Dr Luis Alberto De Herrera 4127;22007598;Horario de atención del local;Recarga;574345.349742534;6142060.71551276
Agencia de Quinielas 38/009;Frugoni, Emilio 1301;099562159;Horario de atención del local;Recarga;575339.700484971;6137078.36644867
Agencia de Quinielas 15/045;Camambu 4255;23071676;Horario de atención del local;Recarga;569556.994961185;6141002.14881672
Agencia de Quinielas 15/047;Av Carlos Maria Ramirez 835 Bis;23049159;Horario de atención del local;Recarga;569895.963479447;6141595.23194645
Agencia de Quinielas 40/018;Colonia 1748;24032896;Horario de atención del local;Recarga;574985.184899623;6137499.72746466
Agencia de Quinielas 18/029;De La Aljaba, Av 4098 Bis;22223545;Horario de atención del local;Recarga;578950.523319694;6148001.12046503
Agencia de Quinielas 20/006;Av Gral Rivera 2909;27076776;Horario de atención del local;Recarga;577454.79671726;6137388.65106279
Agencia de Quinielas 81/020;Castro, Cno. 442;23048273;Horario de atención del local;Recarga;572347.254418491;6142923.02128209
Agencia de Quinielas 40/005;Jacquard 175;23051689;Horario de atención del local;Recarga;571831.034180318;6142590.37733839
Agencia de Quinielas 52/018;Av Dr Luis Alberto De Herrera 3059;24876039;Horario de atención del local;Recarga;576738.674328577;6140661.98038515
Agencia de Quinielas 74/050;Ellauri, Jose L. 595;27117033;Horario de atención del local;Recarga;577058.495417892;6135563.25860391
Agencia de Quinielas 77/009;Av Carlos Maria Ramirez 140;23070205;Horario de atención del local;Recarga;570953.2833832285;6142656.660286045
Agencia de Quinielas 31/038;Av Dr Luis Alberto De Herrera 3206;24870212;Horario de atención del local;Recarga;576447.597719261;6140896.42966359
Agencia de Quinielas 59/014;Paullier, Juan 1851;098770630;Horario de atención del local;Recarga;575819.032784451;6138393.8548264
Agencia de Quinielas 14/050;Espronceda 2195;25091787;Horario de atención del local;Recarga;579640.142632009;6140325.33736527
Agencia de Quinielas 78/010;Gonzalez, Meliton 1345;26286320;Horario de atención del local;Recarga;579384.939563747;6137657.80146866
Agencia de Quinielas 78/029;Verdi 4277;26195374;Horario de atención del local;Recarga;580347.958331985;6138099.45670329
Agencia de Quinielas 13/016;Chicago 5281;098319146;Horario de atención del local;Recarga;575358.435015084;6146324.38136248
Agencia de Quinielas 03/007;Av Millan 2939;22089499;Horario de atención del local;Recarga;574047.056381623;6140827.31810713
Agencia de Quinielas 32/039;Av Agraciada 3359;23062699;Horario de atención del local;Recarga;572731.786612648;6141058.55819175
Agencia de Quinielas 80/013;Turquia 4270;23148883;Horario de atención del local;Recarga;568536.2759429488;6140595.619836412
Agencia de Quinielas 80/036;Santa Cruz De La Sierra 1737;95014323;Horario de atención del local;Recarga;566950.307384965;6140816.84795971
Agencia de Quinielas 81/018;Paraguay 1406;29020328;Horario de atención del local;Recarga;573769.287365311;6137222.14627312
Agencia de Quinielas 81/050;Av Luis Batlle Berres 6735;23127270;Horario de atención del local;Recarga;566263.0378375802;6144997.433959512
Agencia de Quinielas 83/003;Av 8 De Octubre 2691;24803411;Horario de atención del local;Recarga;576708.901874112;6138876.08916478
Agencia de Quinielas 58/005;Durazno 1004;29088354;Horario de atención del local;Recarga;573639.666479842;6136544.78164602
Agencia de Quinielas 83/007;Av 8 De Octubre 3021;24817239;Horario de atención del local;Recarga;577198.85372665;6139552.933698
Agencia de Quinielas 83/020;Av Dr Luis Alberto De Herrera 2749;97972427;Horario de atención del local;Recarga;574708.123163286;6144768.94207558
Agencia de Quinielas 83/022;Cibils, Jaime 2653;24814274;Horario de atención del local;Recarga;576966.165144384;6139519.403141273
Agencia de Quinielas 83/043;Ellauri, Jose L. 350;27111281;Horario de atención del local;Recarga;576742.270495653;6135066.50560809
Kiosco Ejido - Ejido Y Soriano;Ejido ;29023051;Horario de atención del local;Recarga;574316.743682387;6136928.36182671
Agencia de Quinielas 61/035;Santiago De Chile 1230;29082901;Horario de atención del local;Recarga;574436.779326097;6136881.47071601
Agencia de Quinielas 61/012;Canelones  Esq. Ejido;29009418;Horario de atención del local;Recarga;574337.06044674;6136797.66067409
Agencia de Quinielas 06/034;Canelones 1021;29087444;Horario de atención del local;Recarga;573629.296463039;6136777.32318763
Agencia de Quinielas 20/017;Santiago De Chile 1286;29032985;Horario de atención del local;Recarga;574430.499984903;6136985.55141223
Agencia de Quinielas 90/004;Llupes, Jose 6718;23135028;Horario de atención del local;Recarga;568024.004896883;6144970.01292696
Agencia de Quinielas 88/015;28 De Febrero 1044;23580534;Horario de atención del local;Recarga;571513.00145441;6145253.00146814
Agencia de Quinielas 88/021;Sagasta, Mariano 66;98012544;Horario de atención del local;Recarga;571419.528524295;6142539.916370617
Agencia de Quinielas 88/027;Av Millan 3815;23368071;Horario de atención del local;Recarga;573448.119736469;6142506.13614286
Agencia de Quinielas 88/038;Av Gral Eugenio Garzon 1205;23558468;Horario de atención del local;Recarga;571314.71070098;6145871.72278862
Agencia de Quinielas 89/024;Av Gral Eugenio Garzon 1927 Bis;23200910;Horario de atención del local;Recarga;571101.709792672;6148266.99728532
Agencia de Quinielas 32/038;Gowland 167;23087103;Horario de atención del local;Recarga;570063.535594258;6143068.30390598
Agencia de Quinielas 91/012;Av 18 De Julio 1750;24089404;Horario de atención del local;Recarga;575033.2629392692;6137401.625263016
Agencia de Quinielas 56/027;Susviela De Rodriguez, Agueda 359;23070299;Horario de atención del local;Recarga;569582.307498276;6143469.00385581
Agencia de Quinielas 93/005;Av 8 De Octubre 4544 Bis;25087817;Horario de atención del local;Recarga;579191.584095036;6141925.06169819
Agencia de Quinielas 93/006;Cortes, Mateo 4946;25136450;Horario de atención del local;Recarga;579584.615807259;6142666.17098359
Agencia de Quinielas 08/042;Comercio 2349;25065720;Horario de atención del local;Recarga;578617.370863793;6140025.52299747
Agencia de Quinielas 93/031;Cabrera, Jose Antonio 4002;25071373;Horario de atención del local;Recarga;579090.395887288;6140666.26017724
Agencia de Quinielas 77/008;Av Luis Batlle Berres 4556;23089669;Horario de atención del local;Recarga;570180.019589031;6142675.70146418
Agencia de Quinielas 93/035;Av 8 De Octubre  Esq. Agustin Abreu;24815112;Horario de atención del local;Recarga;577708.5958659753;6139882.448806785
Agencia de Quinielas 55/020;Albo, Av. Dr. Manuel 2715;095848181;Horario de atención del local;Recarga;576776.343794674;6138789.01685799
Agencia de Quinielas 01/005;Rio Negro 1540 Bis;25113794;Horario de atención del local;Recarga;573652.456130171;6137475.06492011
Agencia de Quinielas 01/015;Mercedes 1456;29153329;Horario de atención del local;Recarga;574437.354189814;6137345.05195263
Agencia de Quinielas 04/003;Cibils Cno. 5233;22040403;Horario de atención del local;Recarga;566752.98321871;6142298.17517475
Agencia de Quinielas 05/006;Laguna Julian 5477;23126732;Horario de atención del local;Recarga;569075.96685238;6144061.39610509
Agencia de Quinielas 05/014;Duque De Los Abruzos 579;27076776;Horario de atención del local;Recarga;572409.611660597;6143352.06043653
Agencia de Quinielas 06/025;Arce Liber(Gral.Prim) 3201;22223545;Horario de atención del local;Recarga;577979.417861872;6137793.43979968
Agencia de Quinielas 06/035;Gomez Juan Carlos 1495;23061392;Horario de atención del local;Recarga;572712.566532058;6137259.22098112
Agencia de Quinielas 13/019;San Martin Av. Gral. 3682;22037079;Horario de atención del local;Recarga;575356.24585915;6142453.26791021
Agencia de Quinielas 13/033;San Martin Av. Gral. 3494;24819780;Horario de atención del local;Recarga;575160.078797758;6142076.58183375
Agencia de Quinielas 15/017;Mayo Gutierrez, Ruta Cesar;097493333;Horario de atención del local;Recarga;570657.026394416;6152356.8514245
Agencia de Quinielas 15/024;Islas Canarias Av. 4256 Bis;23090505;Horario de atención del local;Recarga;572567.543211701;6143137.32095985
Agencia de Quinielas 15/034;Mazangano 671;27103830;Horario de atención del local;Recarga;572318.838738611;6143689.92531193
Agencia de Quinielas 16/003;Scoseria Dr. Jose 2695;29006143;Horario de atención del local;Recarga;577284.479259749;6136058.213511
Agencia de Quinielas 20/012;Gomez Tiburcio 1335 Bis;24107555;Horario de atención del local;Recarga;579007.590975783;6137512.0089929
Agencia de Quinielas 21/005;Diago Tomas 812;22160799;Horario de atención del local;Recarga;577453.566611661;6135894.96968935
Agencia de Quinielas 22/034;Acevedo Diaz 1663;23120381;Horario de atención del local;Recarga;576081.45308507;6138105.76100736
Agencia de Quinielas 22/046;Anador Av. Ramon 3854;22114186;Horario de atención del local;Recarga;579544.484486618;6138489.1065273
Agencia de Quinielas 56/026;De La Vega, Carlos 5111;23035296;Horario de atención del local;Recarga;569321.869300587;6143655.40913908
Agencia de Quinielas 06/038;Ameghino 4983;23053071;Horario de atención del local;Recarga;569266.216190881;6143005.71538344
Agencia de Quinielas 24/004;Centenario Av. 2753;23580534;Horario de atención del local;Recarga;577153.072655809;6138740.48802557
Agencia de Quinielas 24/005;Av. 8 De Octubre 3089;24345392;Horario de atención del local;Recarga;577360.395249952;6139667.46695763
Agencia de Quinielas 24/013;Garibaldi Av. Gral. 2809;095986857;Horario de atención del local;Recarga;576849.686827613;6138849.84330316
Agencia de Quinielas 29/021;Av Italia 3357;24877094;Horario de atención del local;Recarga;578450.705590093;6139209.1277409
Agencia de Quinielas 30/027;Nueva York 1654;24008450;Horario de atención del local;Recarga;574598.23950351;6138195.05318487
Agencia de Quinielas 31/010;Rio Branco 1361;23089648;Horario de atención del local;Recarga;573453.524433453;6137085.50107681
Agencia de Quinielas 38/015;Constituyente 1901;23558468;Horario de atención del local;Recarga;575360.776905577;6136952.86902176
Agencia de Quinielas 38/041;Av Gonzalo Ramirez 1479 Bis;22112634;Horario de atención del local;Recarga;574623.530388362;6136355.80780805
Agencia de Quinielas 39/006;Cerrito 519 Bis;22275427;Horario de atención del local;Recarga;572571.160103381;6137228.29236355
Agencia de Quinielas 39/029;Rincon 529;22228962;Horario de atención del local;Recarga;572649.870228641;6137049.7756377
Agencia de Quinielas 40/035;Paysandu 1749;23071676;Horario de atención del local;Recarga;574860.899252961;6137753.72142652
Agencia de Quinielas 42/017;Bv Jose Batlle Y Ordoñez 1999;22089172;Horario de atención del local;Recarga;578897.914041393;6139045.02359741
Agencia de Quinielas 43/018;Cibils Cno. 4940;23040993;Horario de atención del local;Recarga;566844.802681741;6141877.51715953
Agencia de Quinielas 45/020;San Martin Av. Gral. 3831;24002611;Horario de atención del local;Recarga;575555.991894699;6142718.7935498
Agencia de Quinielas 47/029;Vidal Fco. A. 665;23122804;Horario de atención del local;Recarga;577612.504206096;6135526.85267817
Agencia de Quinielas 48/023;Av Gral Flores 2676;24815663;Horario de atención del local;Recarga;574883.767505073;6140102.29206545
Agencia de Quinielas 49/003;Brasil Av. 2456;26006714;Horario de atención del local;Recarga;576684.169127615;6136950.29808036
Agencia de Quinielas 51/020;De La Boyada Cno Al Paso 2389;23056080;Horario de atención del local;Recarga;566860.578054762;6142160.31493059
Agencia de Quinielas 52/001;Av Dr Luis Alberto De Herrera 2597;29247540;Horario de atención del local;Recarga;577369.351421238;6139786.39360453
Agencia de Quinielas 52/007;Av Jacobo Varela  3629;22006890 097184096;Horario de atención del local;Recarga;576538.459918661;6141706.72386329
Agencia de Quinielas 53/004;Av Luis Batlle Berres 7089;24099362;Horario de atención del local;Recarga;565781.55850577;6145272.38804985
Agencia de Quinielas 55/004;Canelones 1599;24877094;Horario de atención del local;Recarga;574814.427760538;6136864.52612809
Agencia de Quinielas 55/011;San Quintin 4356;23089648;Horario de atención del local;Recarga;571030.770621616;6142993.98369629
Agencia de Quinielas 56/041;Marmol Jose 249;25136450;Horario de atención del local;Recarga;570573.419990546;6142571.64695521
Agencia de Quinielas 56/046;Ideario Artiguista 1831;29003759;Horario de atención del local;Recarga;565799.976412652;6146552.61729275
Agencia de Quinielas 57/040;Av Luis Batlle Berres 8721;27085086;Horario de atención del local;Recarga;562593.955785953;6147140.7530686
Agencia de Quinielas 57/048;Morales Ing. Carlos Ma. 920;23094910;Horario de atención del local;Recarga;574630.833705476;6136299.18619158
Agencia de Quinielas 61/025;Salto 1243;29001316;Horario de atención del local;Recarga;574711.973605857;6136904.84610935
Agencia de Quinielas 62/031;Arteaga Juan 3709;24096421 INT 643;Horario de atención del local;Recarga;575629.293033971;6142240.18754915
Agencia de Quinielas 70/007;Pereira Gabriel Antonio 3211;23094562;Horario de atención del local;Recarga;577912.548409544;6136604.64523215
Agencia de Quinielas 73/023;Molinos De Raffo 669;24816002;Horario de atención del local;Recarga;572082.341389679;6143856.92393743
Agencia de Quinielas 74/037;Brasil Av. 2668 Bis;22037896;Horario de atención del local;Recarga;577030.676609683;6136815.51844358
Agencia de Quinielas 74/041;Ellauri, Jose L. 782;096214319;Horario de atención del local;Recarga;577234.338020689;6135886.73169055
Agencia de Quinielas 76/004;Galicia 1346;24816394;Horario de atención del local;Recarga;574222.271549392;6137738.85089467
Agencia de Quinielas 76/030;Estivao 1901;23090472;Horario de atención del local;Recarga;578888.243428617;6138845.4747259
Agencia de Quinielas 80/020;Av Carlos Maria Ramirez 209;25075755;Horario de atención del local;Recarga;570829.43599744;6142494.47889715
Agencia de Quinielas 81/015;Mercedes 838;22008405;Horario de atención del local;Recarga;573198.659203978;6137239.26276236
Agencia de Quinielas 85/027;Guillapi 3651;27117033;Horario de atención del local;Recarga;575182.211700414;6142490.0761954
Agencia de Quinielas 91/014;Frugoni Emilio 1401;29161573;Horario de atención del local;Recarga;575255.634128552;6137277.02563858
Salon El Larra;Simon Dr. Fco. 2198 Bis;23033423;Horario de atención del local;Recarga;578016.856676599;6139248.32596558
Salon Natalia;Molinos De Raffo 454;24100443;Horario de atención del local;Recarga;571979.089912082;6143236.67326252
Agencia de Quinielas 56/007;Av Luis Batlle Berres 7676;24873698;Horario de atención del local;Recarga;564504.127224357;6146084.60979085
Agencia de Quinielas 51/013;Alvarez Ramom 4996;23140245;Horario de atención del local;Recarga;567618.939275164;6142109.94464823
Agencia de Quinielas 89/040;Mayo Gutierrez Ruta Cesar 2305;23210770;Horario de atención del local;Recarga;570935.272106651;6149635.16071992
Agencia de Quinielas 26/042;Juan Bonmesadri  Esq. Calle 3;23205386;Horario de atención del local;Recarga;570035.217490841;6148761.391437
Agencia de Quinielas 35/010;De Las Tropas O Uruguay;Abayubá;Horario de atención del local;Recarga;571195.75938433;6151656.67250345
Agencia de Quinielas 35/024;De La Paz A Mendoza;Abayubá;Horario de atención del local;Recarga;571517.987751193;6152824.30144597
Agencia de Quinielas 57/042;Uruguay Av. ;97107590;Horario de atención del local;Recarga;575169.052874201;6137948.49617655
Agencia de Quinielas 57/041;Arenal Grande 1662;24019660;Horario de atención del local;Recarga;575216.661030486;6137948.77034893
Agencia de Quinielas 42/003;Rio Branco 1511;29025625;Horario de atención del local;Recarga;573430.429032001;6137349.75228263
Agencia de Quinielas 60/043;Llupes Jose 6175;23125377;Horario de atención del local;Recarga;567812.375706386;6145113.97903549
Agencia de Quinielas 56/050;De La Vega Carlos 4557;23046118;Horario de atención del local;Recarga;570370.042585715;6142944.51624406
Agencia de Quinielas 77/020;De La Boyada Cno Al Paso 2033 Bis;23111811;Horario de atención del local;Recarga;567496.005253764;6142261.12452751
Agencia de Quinielas 05/010;Av Luis Batlle Berres 6449;23114508;Horario de atención del local;Recarga;566902.701312619;6144700.56226869
Agencia de Quinielas 80/032;Blanco Pascual 2368;23129739;Horario de atención del local;Recarga;566982.51625839;6141959.24478754
Agencia de Quinielas 81/024;Santa Lucia 4546;23096775;Horario de atención del local;Recarga;570638.886379522;6143225.36310672
Agencia de Quinielas 43/002;Av Carlos Maria Ramirez 30;23093889;Horario de atención del local;Recarga;571048.526194827;6142748.85965311
Agencia de Quinielas 56/048;Av Agraciada 4251;99833101;Horario de atención del local;Recarga;571201.816971157;6142675.47151354
Agencia de Quinielas 15/007;Av Carlos Maria Ramirez Esq. Visca;Belvedere;Horario de atención del local;Recarga;571003.791819346;6142674.23541569
Agencia de Quinielas 66/010;Santa Lucia 4413;23047576;Horario de atención del local;Recarga;570814.174828111;6143063.08927474
Agencia de Quinielas 46/014;Marmol Jose 132;98536264;Horario de atención del local;Recarga;570705.354580519;6142822.71399419
Agencia de Quinielas 64/028;Alvear 2490;22097910;Horario de atención del local;Recarga;574960.940531059;6139648.94465075
Agencia de Quinielas 73/014;Terra Dr. Jose L. 2642;22097332;Horario de atención del local;Recarga;574947.597882871;6139995.07881303
Agencia de Quinielas 52/014;Domingo Aramburu 1654;22040861;Horario de atención del local;Recarga;574775.917698636;6139631.93661642
Agencia de Quinielas 28/041;Av Gral Flores 2798;95172446;Horario de atención del local;Recarga;574976.605086802;6140334.2117584
Agencia de Quinielas 55/007;Galicia 1542;24006493;Horario de atención del local;Recarga;574579.449219982;6137851.62077214
Agencia de Quinielas 37/011;Paz La 1605;29290731;Horario de atención del local;Recarga;574686.021051133;6138023.32062305
Agencia de Quinielas 50/030;Lima 1426;29291283;Horario de atención del local;Recarga;574359.463666552;6138283.83575887
Agencia de Quinielas 75/026;Valparaiso 1294 Bis;29247271;Horario de atención del local;Recarga;574028.58342182;6137921.97248284
Agencia de Quinielas 76/007;Galicia 1460;24082276;Horario de atención del local;Recarga;574441.702327356;6137812.04023914
Agencia de Quinielas 31/004;Roldos Y Pons Jaime 3681;22156604 098671464;Horario de atención del local;Recarga;576962.947407283;6141855.44101046
Agencia de Quinielas 48/005;Rodriguez Gral. Martin 3892;22164262;Horario de atención del local;Recarga;575311.915644664;6142876.9569704
Agencia de Quinielas 85/049;San Martin Av. Gral. 3529;22099787;Horario de atención del local;Recarga;575175.516317952;6142164.29202436
Agencia de Quinielas 85/030;Revuelta Dr. Jose 3785;22168712;Horario de atención del local;Recarga;575509.517025162;6142437.47757717
Agencia de Quinielas 13/046;San Martin Av. Gral. 3753;22161095;Horario de atención del local;Recarga;575465.041668185;6142598.43459869
Agencia de Quinielas 56/042;Anaya Cno. 3014;23126697;Horario de atención del local;Recarga;562404.267410087;6145662.18395895
Agencia de Quinielas 08/038;Av Luis Batlle Berres 8557;23132671;Horario de atención del local;Recarga;563100.746483646;6146914.59350292
Agencia de Quinielas 53/017;Ideario Artiguista 1960;23126297;Horario de atención del local;Recarga;565631.610082262;6146527.87213975
Agencia de Quinielas 22/014;Av Luis Batlle Berres 7430;98400788;Horario de atención del local;Recarga;564861.688618999;6145888.3437934
Agencia de Quinielas 56/030;Zanja Reyuna 2071;23154491;Horario de atención del local;Recarga;565187.392756708;6146435.99618125
Agencia de Quinielas 08/034;Las Pitas Av. 2300 Bis;23117760;Horario de atención del local;Recarga;566727.774312293;6145064.37621818
Agencia de Quinielas 41/011;Paraguay 1675;29019660;Horario de atención del local;Recarga;573704.238129989;6137789.61923885
Agencia de Quinielas 08/039;Isla De Gaspar 2257;25067042;Horario de atención del local;Recarga;579749.516977225;6140069.96509301
Agencia de Quinielas 20/004;Anzani 1749;24802630;Horario de atención del local;Recarga;578940.652204554;6138511.74773078
Agencia de Quinielas 03/014;Guaycuru 2902;22099603;Horario de atención del local;Recarga;573919.766208057;6140718.21779109
Agencia de Quinielas 32/049;Uruguayana 3328;23097325;Horario de atención del local;Recarga;572598.945163084;6140777.91461304
Agencia de Quinielas 27/005;Uruguayana 3465;23058598;Horario de atención del local;Recarga;572329.862379293;6140998.19286723
Agencia de Quinielas 15/029;Real 4913;23088846;Horario de atención del local;Recarga;569331.317576515;6142837.64828651
El Chapita;Muñoz, Gral. Agustin 4797;23071323;Horario de atención del local;Recarga;569385.907530686;6142525.26408014
Agencia de Quinielas 15/035;Tellier, Carlos 4759;23049749;Horario de atención del local;Recarga;569507.051458263;6142539.3179171
Agencia de Quinielas 56/020;Real 4999;23044189;Horario de atención del local;Recarga;569188.32364639;6142932.99672494
Agencia de Quinielas 29/023;Emancipacion 5617;23058747;Horario de atención del local;Recarga;569061.394837506;6144760.97075543
Agencia de Quinielas 81/013;Santa Lucia 5833;23046503;Horario de atención del local;Recarga;568464.343771987;6144608.74219766
Agencia de Quinielas 56/033;Ameghino 4709;23096680;Horario de atención del local;Recarga;569702.523334744;6142638.08981347
Agencia de Quinielas 80/004;Llupes, Jose 5759;23085586;Horario de atención del local;Recarga;568617.694517307;6144499.90932689
Agencia de Quinielas 30/034;Campisteguy, Dr. Juan 2959;095559070;Horario de atención del local;Recarga;575955.579975642;6140776.30922534
Agencia de Quinielas 02/005;Gallinal, Gustavo 2234;22030238;Horario de atención del local;Recarga;576030.940794639;6140715.6839525
Agencia de Quinielas 52/010;Gallinal, Gustavo 2050;22085713;Horario de atención del local;Recarga;575619.451481025;6140693.80455912
Agencia de Quinielas 45/034;Burdeos 3565;23154016;Horario de atención del local;Recarga;564295.726709803;6139324.93555281
Agencia de Quinielas 32/046;Belgica 2282;23117654;Horario de atención del local;Recarga;567349.367765328;6139885.88435393
Agencia de Quinielas 32/041;Rusia 2301;23116057;Horario de atención del local;Recarga;567393.494046046;6139474.1084897
Agencia de Quinielas 69/023;Brito Foresti, Dr. Jose 2998;24875417;Horario de atención del local;Recarga;577421.777141638;6138896.37125686
Agencia de Quinielas 76/015;Asilo 3117;24845785;Horario de atención del local;Recarga;577537.323422396;6139655.87766382
Agencia de Quinielas 24/022;Brito Foresti, Dr. Jose 2951;099027813;Horario de atención del local;Recarga;577402.652102754;6138990.58158471
Agencia de Quinielas 76/008;Av Dr Luis Alberto De Herrera 2490;24812977;Horario de atención del local;Recarga;577543.609944187;6139588.83703812
Agencia de Quinielas 24/003;Centenario, Av. 2941;099392798;Horario de atención del local;Recarga;577332.545520342;6139161.96987559
Agencia de Quinielas 83/014;Cibils, Jaime 2883;24873198;Horario de atención del local;Recarga;577280.798930773;6139159.412457
Agencia de Quinielas 94/048;Velazco, Joaquin 3158;24804067;Horario de atención del local;Recarga;577859.317640524;6139389.63124638
Agencia de Quinielas 83/009;Av 8 De Octubre 3089;24804924;Horario de atención del local;Recarga;577374.517350435;6139673.11473132
Agencia de Quinielas 20/011;Masini, Ramon 3337;27070012;Horario de atención del local;Recarga;577769.885097267;6136459.35159184
Agencia de Quinielas 53/002;Masini, Ramon 3386;27069028;Horario de atención del local;Recarga;577825.700316716;6136362.05504614
Agencia de Quinielas 32/029;Fortet, Cno. Manuel M. 1807;23200416;Horario de atención del local;Recarga;572128.806067303;6147220.04376589
Agencia de Quinielas 33/018;Buenos Aires 618;29154860;Horario de atención del local;Recarga;572912.420574681;6136908.38942323
Agencia de Quinielas 33/032;Buenos Aires 482;29168984;Horario de atención del local;Recarga;572650.433897165;6136798.68173846
Agencia de Quinielas 39/001;Franzini, Luis 810;27126905;Horario de atención del local;Recarga;576869.4284765;6135947.03475807
Agencia de Quinielas 39/007;Montero, Dr. Jose Ma. 2806;27101319;Horario de atención del local;Recarga;576793.369746804;6135451.47740836
Agencia de Quinielas 42/010;España, Bvar. 2538;27115571;Horario de atención del local;Recarga;576784.197280581;6136360.76709638
Agencia de Quinielas 42/013;Pacheco De B.Y Ordoñez, Matild 3360;094174390;Horario de atención del local;Recarga;579108.659466459;6146364.01413711
Agencia de Quinielas 44/035;Berro, Pedro Fco. 803;27123866;Horario de atención del local;Recarga;577350.69108261;6135926.11815897
Agencia de Quinielas 49/011;Obligado 1056 Bis;27073691;Horario de atención del local;Recarga;576701.945332204;6136433.54662339
Agencia de Quinielas 50/024;Nicaragua 1965;24008858;Horario de atención del local;Recarga;575154.690287209;6138669.61236883
Agencia de Quinielas 53/006;Garibaldi, Av. Gral. 1959;22080208;Horario de atención del local;Recarga;575225.622505363;6140273.50039399
Agencia de Quinielas 56/003;Emancipacion 4361;23054556;Horario de atención del local;Recarga;571123.524464481;6143330.4117044
Agencia de Quinielas 57/005;Artigas, Bvar. 4192 Bis;091004079;Horario de atención del local;Recarga;573471.74768286;6140915.6847454
Agencia de Quinielas 69/007;Paz, La 2251;24084288;Horario de atención del local;Recarga;575815.178601879;6138391.8904531
Agencia de Quinielas 73/038;Estomba, Ramon 3360;22003787;Horario de atención del local;Recarga;573906.184404946;6141583.71824275
Agencia de Quinielas 75/005;Garzon, Av. Gral. Eugenio 1609;23219697;Horario de atención del local;Recarga;571272.957822618;6147195.6771622
Agencia de Quinielas 78/001;Perez, Lorenzo Justiniano 3088;27091827;Horario de atención del local;Recarga;577923.319191055;6137064.59504304
Agencia de Quinielas 83/005;Anaya, Carlos 2751;24814942 098338371;Horario de atención del local;Recarga;576593.182486932;6139255.0261587
Agencia de Quinielas 88/011;Edison, Cno. 5841;23204088;Horario de atención del local;Recarga;570397.797883945;6147347.60365039
Agencia de Quinielas 88/012;Garzon, Av. Gral. Eugenio 2005;23207745;Horario de atención del local;Recarga;570974.244322169;6148605.01719968
Agencia de Quinielas 88/049;Otero Ramon 5295;23211267;Horario de atención del local;Recarga;571948.5192081;6148024.17645876
Agencia de Quinielas 89/008;Lezica, Av. 5725;23238753;Horario de atención del local;Recarga;570888.799395516;6148379.43559541
Agencia de Quinielas 89/011;Garzon, Av. Gral. Eugenio 1853;23202252;Horario de atención del local;Recarga;571188.757210744;6147955.46182829
Agencia de Quinielas 90/025;Hansen, Waldemar 1850;23207221;Horario de atención del local;Recarga;571328.583811505;6147939.18273342
Salón Kanata;Lezica, Av. 5669;23209950;Horario de atención del local;Recarga;571005.356913461;6148346.04038757
Agencia de Quinielas 01/033;Acevedo, Eduardo 1143;098727103                     ;Horario de atención del local;Recarga;575429.830919453;6136773.51921623
Agencia de Quinielas 02/009;Celiar 3035;25130676;Horario de atención del local;Recarga;580841.292508448;6143316.61888652
Agencia de Quinielas 05/022;Ramirez, Av. Dr. C. Ma. 526;23097323;Horario de atención del local;Recarga;570341.691493874;6142061.94105429
Agencia de Quinielas 06/030;Burdeos 2392;23113040;Horario de atención del local;Recarga;567132.0564094;6140062.59648589
Agencia de Quinielas 08/002;Serrato, Ing. Jose 2575 Bis;25087248;Horario de atención del local;Recarga;578483.392574307;6140516.98982737
Agencia de Quinielas 08/004;Av. 8 De Octubre  Esq. Batlle Y Ordoñez, B;25090290;Horario de atención del local;Recarga;577908.473970035;6140021.93376594
Agencia de Quinielas 08/025;Belloni, Av. Jose 5495;22270328    ;Horario de atención del local;Recarga;579006.5496079;6148473.87127517
Agencia de Quinielas 08/043;Galeano, Cno. Tte. Alberto 3643;25139451;Horario de atención del local;Recarga;579600.063109205;6145899.28314287
Agencia de Quinielas 08/049;Pernas 2664;25086373;Horario de atención del local;Recarga;578090.310107436;6140456.46833447
Agencia de Quinielas 09/009;Elcano, J. Sebastian 4150;094044006                     ;Horario de atención del local;Recarga;577703.496871896;6142201.09427018
Agencia de Quinielas 10/014;Av. 8 De Octubre 2317;094593533                     ;Horario de atención del local;Recarga;576245.472124737;6138138.5547877
Agencia de Quinielas 10/020;Yaguaron 1620;29004427;Horario de atención del local;Recarga;574149.225399213;6137700.07175395
Agencia de Quinielas 12/025;Gomez, Gral. Leandro 2496;25110180;Horario de atención del local;Recarga;581955.847448421;6146860.28447396
Agencia de Quinielas 14/034;Belloni, Av. Jose 5155 Bis;22223563;Horario de atención del local;Recarga;578820.407214205;6147581.24206315
Agencia de Quinielas 15/005;Rivera Indarte. 4308;23094423    ;Horario de atención del local;Recarga;569784.510368733;6141543.8460697
Agencia de Quinielas 15/023;Giralt, Pedro 4376;092679832;Horario de atención del local;Recarga;569826.644169982;6141770.98831286
Agencia de Quinielas 15/026;Ramirez, Av. Dr. C. Ma. 600;23088326;Horario de atención del local;Recarga;570233.895036599;6141963.95286768
Agencia de Quinielas 15/028;Ramirez, Av. Dr. C. Ma. 451;23050378;Horario de atención del local;Recarga;570462.149375617;6142141.86424636
Salón E.T.;Ramirez, Av. Dr. C. Ma. 701;23055000;Horario de atención del local;Recarga;570097.963085;6141784.55367652
Agencia de Quinielas 16/002;Perez, Gregorio 4618;099004896;Horario de atención del local;Recarga;576565.220599055;6144341.39029284
Agencia de Quinielas 19/003;Constituyente 1661;24090480;Horario de atención del local;Recarga;574863.282634571;6137073.62756062
Agencia de Quinielas 19/025;Paysandu 1341;29011040;Horario de atención del local;Recarga;574238.245597567;6137556.72524119
Agencia de Quinielas 20/013;26 De Marzo 3403;094294462;Horario de atención del local;Recarga;578630.214613835;6137032.03867721
Agencia de Quinielas 22/012;Canelones 2263 Bis;24099145;Horario de atención del local;Recarga;576206.161159143;6136973.59098417
Agencia de Quinielas 25/014;Cufre 1857;094815272                     ;Horario de atención del local;Recarga;575920.392818438;6138418.41190122
Agencia de Quinielas 26/018;Stagnero De Munar, Maria 2648;25077171;Horario de atención del local;Recarga;578045.217136673;6140345.39195693
Agencia de Quinielas 27/008;Megget, Humberto 3215;095591362;Horario de atención del local;Recarga;565509.212228185;6140498.44353359
Agencia de Quinielas 29/009;Rodo, Jose Enrique 2050;24020478;Horario de atención del local;Recarga;575595.42846531;6137343.20736057
Agencia de Quinielas 29/020;Rodo, Jose Enrique 1914;24025259;Horario de atención del local;Recarga;575372.932864154;6137308.22259035
Agencia de Quinielas 29/026;12 De Octubre 5538;25136198;Horario de atención del local;Recarga;580654.277199887;6143488.50807313
Agencia de Quinielas 29/030;Manrupe, Maestra Maria 5185;25133834;Horario de atención del local;Recarga;580725.486226383;6142531.75453471
Agencia de Quinielas 29/038;Acevedo, Eduardo 1345;099966021                     ;Horario de atención del local;Recarga;575393.06574535;6137190.16361123
Minimercado Laura;Belloni, Av. Jose 3176;25141406;Horario de atención del local;Recarga;579234.524511437;6143381.33354651
Agencia de Quinielas 33/025;Ruta 8 J.A.Lavalleja 7151;25145802;Horario de atención del local;Recarga;582606.782367084;6147152.2323944
Agencia de Quinielas 35/019;Nery, Av. Dr. Carlos 3377;25137351;Horario de atención del local;Recarga;579945.60475598;6144160.70863594
Agencia de Quinielas 35/021;Pasaje 1 4527;23119241;Horario de atención del local;Recarga;567329.549773253;6141018.90557243
Agencia de Quinielas 37/001;Blanes, Juan Manuel 1001;24103380;Horario de atención del local;Recarga;575662.858099985;6136548.00751066
Agencia de Quinielas 37/003;Mercedes 1650;24071831;Horario de atención del local;Recarga;574773.115955985;6137499.68882798
Agencia de Quinielas 37/006;Cerro Largo 1622;24097426;Horario de atención del local;Recarga;574700.971405713;6137817.57946978
Agencia de Quinielas 38/005;Centauro 6821;096102174;Horario de atención del local;Recarga;582365.999627285;6145986.43857365
Agencia de Quinielas 38/006;Roxlo, Carlos 1362;24031221;Horario de atención del local;Recarga;574800.203238612;6137203.12710979
Agencia de Quinielas 38/007;Gaboto 1360;24089795;Horario de atención del local;Recarga;575134.18463697;6137252.07202751
Agencia de Quinielas 38/008;Ramirez, Av. Gonzalo 1847;24100710;Horario de atención del local;Recarga;575356.896732854;6136415.45016885
Agencia de Quinielas 38/037;Ramirez, Av. Gonzalo 1649;24106303;Horario de atención del local;Recarga;574968.475795503;6136386.47998029
Agencia de Quinielas 38/050;Ramirez, Av. Gonzalo ;24106780;Horario de atención del local;Recarga;575221.13681981;6136404.25732275
Agencia de Quinielas 40/004;Guayabo 1718;24087623;Horario de atención del local;Recarga;575046.085692516;6137294.05222551
Agencia de Quinielas 40/023;Robinson 3670;099344893;Horario de atención del local;Recarga;576781.477410634;6142879.29114766
Agencia de Quinielas 42/008;Burdeos 0047;23117457;Horario de atención del local;Recarga;566689.172088653;6139975.3362383
Agencia de Quinielas 42/035;Pasaje Del Monte. ;22280189 099396194            ;Horario de atención del local;Recarga;579732.993491149;6148441.97248491
Agencia de Quinielas 42/036;17 De Diciembre 109;22200853;Horario de atención del local;Recarga;580696.08710919;6148804.87095286
Agencia de Quinielas 47/008;Gestido, Gral. Pte. Oscar D. 2851;099630448                     ;Horario de atención del local;Recarga;577430.525821277;6137068.78002931
Agencia de Quinielas 47/037;Rafael 3782;25143091;Horario de atención del local;Recarga;580140.799155749;6144890.20951214
Agencia de Quinielas 49/013;De Maria,Dr. Pablo 944;24126207;Horario de atención del local;Recarga;575815.513732669;6136414.87569301
Agencia de Quinielas 49/015;Miguelete 2366;098379670;Horario de atención del local;Recarga;576086.571584951;6138600.47018055
Agencia de Quinielas 49/033;Charrua 2251;24080793;Horario de atención del local;Recarga;576166.947923996;6137092.14369349
Agencia de Quinielas 50/002;Hocquard 2029;24091499    ;Horario de atención del local;Recarga;575585.92816056;6138914.15702952
Agencia de Quinielas 51/031;Severino, Juan Jose 7808;22277431;Horario de atención del local;Recarga;583704.237977518;6148949.73766725
Agencia de Quinielas 51/044;Ruta 8 J.A.Lavalleja ;095320389                     ;Horario de atención del local;Recarga;585916.800383629;6150675.31759134
Agencia de Quinielas 52/044;Maldonado, Cno. 6110;25131642;Horario de atención del local;Recarga;581109.16813582;6144875.81796293
Agencia de Quinielas 54/010;Viana, Gdor. 2695;25064899;Horario de atención del local;Recarga;578316.667265515;6140622.6692093
Agencia de Quinielas 55/005;Mercedes 1596;24013107;Horario de atención del local;Recarga;574680.520278252;6137461.40639498
Agencia de Quinielas 55/036;Saint Clement, Dr. Juan. 4525;094705485                     ;Horario de atención del local;Recarga;576014.243226267;6144179.50624426
Agencia de Quinielas 56/015;Basagoity, Dr. Vicente 4354;23057866;Horario de atención del local;Recarga;570714.310779905;6142620.91107284
Agencia de Quinielas 59/003;Lopez, Av.Mcal Fco. Solano 1547;26130456;Horario de atención del local;Recarga;580126.274726323;6138307.91011581
Agencia de Quinielas 60/006;Gambia 2973;23141553;Horario de atención del local;Recarga;566387.575499614;6139004.46490744
Agencia de Quinielas 60/016;Garcia De Cossio, Jose 1659;23130885;Horario de atención del local;Recarga;568426.559220164;6142511.62839642
Agencia de Quinielas 63/047;Pagola, Manuel Vicente 3260 Bis;27088914;Horario de atención del local;Recarga;577978.369898247;6136652.32873088
Agencia de Quinielas 65/014;Arenal Grande 1592;24012610;Horario de atención del local;Recarga;575392.976192392;6137777.96587733
Agencia de Quinielas 65/026;Lacosta, Cno. Cap. Coralio 4178;22221181;Horario de atención del local;Recarga;578661.372031068;6147542.45862108
Agencia de Quinielas 65/038;Locarno 3651;25132955;Horario de atención del local;Recarga;579075.948057649;6144670.32165048
Agencia de Quinielas 66/005;Lafone, Samuel 1903;23148811;Horario de atención del local;Recarga;567835.095986004;6141512.57565855
Agencia de Quinielas 66/013;Melendez, Manuel 4427;22192551;Horario de atención del local;Recarga;576574.3726253;6143477.58388576
Agencia de Quinielas 67/010;Cochabamba 3109;25130329 094103043            ;Horario de atención del local;Recarga;580536.898110874;6143240.88756837
Agencia de Quinielas 67/017;Paullier, Juan 2101;24013999;Horario de atención del local;Recarga;575767.041824261;6138924.08277758
Agencia de Quinielas 69/035;Acevedo Diaz 1860;;Horario de atención del local;Recarga;576068.323743943;6138570.8990792
Agencia de Quinielas 70/002;Sanfuentes, Cno. 3033;23137637;Horario de atención del local;Recarga;565752.056590363;6140689.89548348
Agencia de Quinielas 70/006;Maldonado, Cno. 5213 Bis;094599043                     ;Horario de atención del local;Recarga;579752.97533865;6143228.77725013
Agencia de Quinielas 70/015;Artigas, Bvar. Gral. 3003;22001667;Horario de atención del local;Recarga;576060.708859651;6140866.26837662
Agencia de Quinielas 71/003;Pintado ;25121590;Horario de atención del local;Recarga;580281.49742657;6143549.4519126
Agencia de Quinielas 71/014;Alsacia 3744;25140862;Horario de atención del local;Recarga;579663.817956651;6144773.92136733
Agencia de Quinielas 71/032;Maldonado, Cno. 5156;25130819;Horario de atención del local;Recarga;579695.609630628;6143108.4992203
Agencia de Quinielas 71/036;Pineda, Mariana 12;25111302;Horario de atención del local;Recarga;581814.273648415;6146400.28780145
Agencia de Quinielas 76/002;Ferreira Aldunate, Wilson 1185;29028516    ;Horario de atención del local;Recarga;573481.578912827;6136722.28213331
Agencia de Quinielas 76/016;Saldanha Da Gama 3967;26223121;Horario de atención del local;Recarga;579684.639512469;6137405.76546425
Agencia de Quinielas 77/005;Ramirez, Av. Dr. C. Ma. 2051;23151189;Horario de atención del local;Recarga;567691.608936613;6140550.9979502
Agencia de Quinielas 77/034;Ramirez, Av. Dr. C. Ma. 1857;23153047;Horario de atención del local;Recarga;568111.856390064;6140600.22814506
Agencia de Quinielas 77/037;Cibils, Cno. 4462;23111997;Horario de atención del local;Recarga;566994.662769801;6140907.90763644
Agencia de Quinielas 77/040;Castellino, Dr. Pedro ;23154755;Horario de atención del local;Recarga;568546.153253135;6140804.04427102
Agencia de Quinielas 77/041;Ramirez, Av. Dr. C. Ma. 1957 Bis;23114209;Horario de atención del local;Recarga;567917.303491378;6140567.84764861
Agencia de Quinielas 77/045;Lafone, Samuel 2039;096423807                     ;Horario de atención del local;Recarga;567584.13843443;6141456.98290079
Agencia de Quinielas 77/046;Holanda 2313;23181321;Horario de atención del local;Recarga;567357.805119815;6139306.1308454
Agencia de Quinielas 77/048;Ramirez, Av. Dr. C. Ma. 416;23038359;Horario de atención del local;Recarga;570477.013260042;6142208.40305598
Agencia de Quinielas 77/049;Ramirez, Av. Dr. C. Ma. 1522;23152782;Horario de atención del local;Recarga;568783.655951317;6140724.74199675
Agencia de Quinielas 80/022;Capurro, Avda Ing Federico E 2181;23134613;Horario de atención del local;Recarga;567437.768614475;6140621.51989581
Agencia de Quinielas 83/021;San Antonio 3509;25081790;Horario de atención del local;Recarga;577730.085991383;6140712.95375389
Agencia de Quinielas 91/008;Cantu, Cesar 4017;25136972;Horario de atención del local;Recarga;578797.650641227;6145464.14062922
Agencia de Quinielas 91/017;Arenal Grande 1385;24094456;Horario de atención del local;Recarga;575521.288978442;6137437.97895037
Agencia de Quinielas 91/025;Av. 18 De Julio  Esq. Magallanes;24002276;Horario de atención del local;Recarga;574925.742226832;6137381.76710952
Agencia de Quinielas 91/037;Viana, Gdor. 2592;25083447;Horario de atención del local;Recarga;578396.443574157;6140471.15394332
Agencia de Quinielas 93/020;Areguati 3283;25149558;Horario de atención del local;Recarga;579895.100476091;6142971.78926283
Agencia de Quinielas 93/049;Maldonado, Cno. 5294;25137221;Horario de atención del local;Recarga;579832.058592724;6143343.98593356
Agencia de Quinielas 94/007;Cambay 2523;25255865;Horario de atención del local;Recarga;581146.652036458;6141054.30176205
Agencia de Quinielas 02/007;Igua  Esq. Calle 30;25221738;Horario de atención del local;Recarga;581103.696706708;6139816.62449837
Agencia de Quinielas 02/016;Calle 25 2052;25251876;Horario de atención del local;Recarga;581133.843833574;6139835.76617081
Agencia de Quinielas 02/036;Requena, Dr. Joaquin 1635 Bis;24083690-099426685;Horario de atención del local;Recarga;575800.326052394;6137867.53918822
Agencia de Quinielas 02/044;Igua 4498;25220914;Horario de atención del local;Recarga;581059.773137114;6139748.5836661
Agencia de Quinielas 03/010;Lezica, Av. 6248 Bis;23228439;Horario de atención del local;Recarga;569085.121229925;6148982.40815055
Agencia de Quinielas 08/026;Av. 8 De Octubre 3749;25060062;Horario de atención del local;Recarga;578502.367057635;6140459.37766284
Agencia de Quinielas 08/028;Paraguay 1229;29009535;Horario de atención del local;Recarga;573780.831342242;6136829.66936817
Agencia de Quinielas 08/040;Villademoros, Carlos G. 2460;25061269;Horario de atención del local;Recarga;578647.495965223;6140393.8065902
Agencia de Quinielas 11/004;Lezica, Av. 5812;23213341;Horario de atención del local;Recarga;570544.69383378;6148454.72724043
Agencia de Quinielas 12/004;25 De Mayo 260;099451427;Horario de atención del local;Recarga;572130.714034806;6136930.77987507
Agencia de Quinielas 13/002;De Maria,Dr. Pablo 1446;24023765;Horario de atención del local;Recarga;575649.128011769;6137539.06710683
Agencia de Quinielas 15/019;Veracierto 3125;098780879;Horario de atención del local;Recarga;581059.554787248;6140394.95338038
Agencia de Quinielas 16/012;Italia, Av. 4035;26139615;Horario de atención del local;Recarga;580008.995813534;6139171.01788663
Agencia de Quinielas 24/046;Italia, Av. 4251;26133710;Horario de atención del local;Recarga;580565.999931776;6139139.18160573
Agencia de Quinielas 25/003;Colonia 2053;24003791;Horario de atención del local;Recarga;575687.94767591;6137857.82257978
Salon La Zota;Nicaragua 2150;24097553 094857834;Horario de atención del local;Recarga;575537.400626458;6138681.32283384
Agencia de Quinielas 05/023;Salvo, Angel 120;23083589;Horario de atención del local;Recarga;571599.694565703;6141870.53532425
Agencia de Quinielas 05/025;O`Higgins, Cno. 9797 Bis;23120813;Horario de atención del local;Recarga;558772.435335549;6145729.09105763
Agencia de Quinielas 13/010;Democracia 2058;24080410;Horario de atención del local;Recarga;575251.379568844;6138681.6828846
Agencia de Quinielas 15/009;Santa Lucia 5119;23043539;Horario de atención del local;Recarga;569804.717604244;6143812.88742867
Agencia de Quinielas 16/018;Justicia 1931 Bis;24087254;Horario de atención del local;Recarga;575042.585297801;6138426.87257103
Agencia de Quinielas 25/007;Muñoz, Daniel 2137;24021105 ;Horario de atención del local;Recarga;575663.543852416;6138166.34295517
Agencia de Quinielas 26/004;Echagoyen, Fco. 4742;25137620;Horario de atención del local;Recarga;577681.837389911;6143604.01384989
Agencia de Quinielas 27/046;De Amezaga, Dr. Juan J. 1850;22003463;Horario de atención del local;Recarga;575081.532509397;6139153.31772473
Agencia de Quinielas 28/049;Perez, Leon 3440;22152226;Horario de atención del local;Recarga;576320.724345984;6142750.27522734
Agencia de Quinielas 30/008;Batlle Y Ordoñez, Br. Jose 4575;22003331;Horario de atención del local;Recarga;574728.184245421;6142956.15252631
Agencia de Quinielas 30/041;Belloni, Av. Jose 6400;22226469;Horario de atención del local;Recarga;579162.763150753;6150900.90344829
Agencia de Quinielas 31/021;Ravignani, Dr. Emilio 2743;25255981;Horario de atención del local;Recarga;581315.388868557;6141414.58449772
Agencia de Quinielas 32/024;Obes, Av. Lucas J. 906;099449052;Horario de atención del local;Recarga;572508.235211515;6141835.21992902
Agencia de Quinielas 37/025;Elizalde, Juan Jose ;23125413 ;Horario de atención del local;Recarga;561297.639276091;6142061.81462738
Agencia de Quinielas 37/047;De Mesa Y Castro, Pedro 7995;23125813 ;Horario de atención del local;Recarga;560783.649988123;6141430.21870552
Agencia de Quinielas 37/050;Pajas Blancas, Camino 8001;23129045;Horario de atención del local;Recarga;561142.731637238;6142162.77175907
Agencia de Quinielas 38/014;Minas 1118;099906025;Horario de atención del local;Recarga;574975.583177737;6136662.79941821
Agencia de Quinielas 39/008;Victor Hugo 2531;23112870;Horario de atención del local;Recarga;564700.086972609;6138676.300068
Agencia de Quinielas 39/011;De Herrera, Av. Dr. L. A. 2692;095964145;Horario de atención del local;Recarga;577301.081307477;6139851.40677521
Agencia de Quinielas 39/023;19 De Abril 3544;23360284;Horario de atención del local;Recarga;572875.534371369;6141732.49148021
Agencia de Quinielas 39/032;Buxareo 1195;27073789;Horario de atención del local;Recarga;578215.785545496;6136883.3168131
Agencia de Quinielas 41/042;Pasaje A 359;25253545;Horario de atención del local;Recarga;581536.164277977;6141170.1787056
Agencia de Quinielas 42/027;Reconquista 352;099642134;Horario de atención del local;Recarga;572461.882641819;6136639.69774396
Agencia de Quinielas 43/010;Gutierrez, Juan Maria 3700;23053112;Horario de atención del local;Recarga;571670.848342601;6141174.05529747
Agencia de Quinielas 43/011;De La Peña, Luis. 434;23092604;Horario de atención del local;Recarga;571063.940513863;6141600.99583834
Agencia de Quinielas 48/006;Corrales, Cno. 3888;094911509;Horario de atención del local;Recarga;576872.07915585;6143882.33655166
Agencia de Quinielas 50/016;Flores, Av. Gral. 4092;22189617 ;Horario de atención del local;Recarga;576597.283037294;6142696.28586907
Agencia de Quinielas 53/049;Ideario Artiguista 2016;23116716 ;Horario de atención del local;Recarga;565515.352808466;6146487.22576455
Agencia de Quinielas 56/001;Herrera Y Obes, Manuel 4055;23052836;Horario de atención del local;Recarga;571249.202684611;6142044.50359747
Agencia de Quinielas 56/005;Herrera Y Obes, Manuel 4175;23031086 ;Horario de atención del local;Recarga;571016.467407584;6142210.11558599
Agencia de Quinielas 56/008;Batlle Berres, Av. Luis 246;23121018;Horario de atención del local;Recarga;559265.160561819;6149966.61975464
Agencia de Quinielas 56/025;Herrera Y Obes, Manuel 4311;23073137 ;Horario de atención del local;Recarga;570690.246770594;6142464.16798206
Agencia de Quinielas 67/007;Haedo, Eduardo Victor 1996;24089833;Horario de atención del local;Recarga;575477.827946939;6137851.46230312
Agencia de Quinielas 73/009;San Martin, Av. Gral. 4471;22155464;Horario de atención del local;Recarga;575935.785023186;6144057.38455237
Agencia de Quinielas 73/017;Vespucio, Americo 1304;22006564;Horario de atención del local;Recarga;573636.046265158;6141217.13537644
Agencia de Quinielas 73/050;Gutierrez, Juan Maria 3534;23091470;Horario de atención del local;Recarga;571846.299887942;6140970.05856007
Agencia de Quinielas 74/032;21 De Setiembre 2780;27111640;Horario de atención del local;Recarga;576995.377147784;6135715.73265954
Agencia de Quinielas 75/011;Paz, La 2006;24018103 ;Horario de atención del local;Recarga;575286.137569424;6138330.26942241
Agencia de Quinielas 77/036;Tomkinson, Cno. 3111;23125816;Horario de atención del local;Recarga;565255.113409475;6143550.62586366
Agencia de Quinielas 77/039;Heredia 4225;23076962 094983924;Horario de atención del local;Recarga;569893.014437652;6141256.66552569
Agencia de Quinielas 26/009;Asuncion 1599;29246779;Horario de atención del local;Recarga;574513.559814345;6138276.81512576
Agencia de Quinielas 25/008;Bolivar, Simon 1391;094320681;Horario de atención del local;Recarga;576791.421627166;6137308.29146182
Agencia de Quinielas 61/001;Brito Del Pino, Gral. 1319;27068743;Horario de atención del local;Recarga;576918.083353737;6137213.51131805
Agencia de Quinielas 05/004;Calle B 1457;26228249;Horario de atención del local;Recarga;579611.724296226;6138035.57704667
Agencia de Quinielas 12/027;Cerrito 250;29152108;Horario de atención del local;Recarga;572074.468345202;6137004.64241989
Agencia de Quinielas 09/005;Rivera, Av. Gral. 3114;26284003;Horario de atención del local;Recarga;577805.391241909;6137379.13230054
Agencia de Quinielas 68/036;Sarandi 251;29156850;Horario de atención del local;Recarga;572194.327936016;6136760.37135225
Agencia de Quinielas 20/029;Rivera, Av. Gral. 3240;26284950;Horario de atención del local;Recarga;578078.161408243;6137393.66601184
Agencia de Quinielas 43/037;Bogota 3651;23150037;Horario de atención del local;Recarga;568325.380676843;6139304.50472404
Agencia de Quinielas 26/031;Calderon De La Barca 1892;23200673;Horario de atención del local;Recarga;570623.812931702;6148239.52222477
Agencia de Quinielas 55/046;Saravia, Bvar. Aparicio 5077;23554456;Horario de atención del local;Recarga;572050.879416838;6146731.01749938
Agencia de Quinielas 26/032;Picaflor 6308;23592569;Horario de atención del local;Recarga;570385.029367126;6146338.81779689
Agencia de Quinielas 80/021;Bogota 3915;096936501;Horario de atención del local;Recarga;568235.386118479;6139858.91732324
Agencia de Quinielas 05/018;Etiopia 197;23117493;Horario de atención del local;Recarga;566440.505277977;6139133.06115469
Agencia de Quinielas 77/047;Paloma, Cno. La 1834;23110505;Horario de atención del local;Recarga;568163.563030734;6141309.18073932
Agencia de Quinielas 51/000;Yrigoyen, Hipolito 1407;26197639;Horario de atención del local;Recarga;581495.346586804;6138197.55514366
Agencia de Quinielas 77/013;Rio De Janeiro 3407;23148791;Horario de atención del local;Recarga;568290.85472029;6138853.7173531
Agencia de Quinielas 79/000;Artigas, Bvar. 1649;24002209;Horario de atención del local;Recarga;576299.661011957;6137974.51653373
Agencia de Quinielas 03/006;Grecia 3494;23156332;Horario de atención del local;Recarga;568682.995488251;6139064.05077768
Agencia de Quinielas 80/000;China 2248;23115466 23117899;Horario de atención del local;Recarga;567453.874191955;6139805.37551923
Agencia de Quinielas 80/050;Grecia 3401;23153093;Horario de atención del local;Recarga;568683.02745086;6138910.0052372
Agencia de Quinielas 37/026;Ejido 1420;29002160;Horario de atención del local;Recarga;574290.318950754;6137263.28984297
Agencia de Quinielas 70/029;Florida 1544;29031908;Horario de atención del local;Recarga;573135.993311187;6137423.53409879
Agencia de Quinielas 50/012;Hocquard 1688 Bis;29248573;Horario de atención del local;Recarga;574888.343727314;6138784.91949263
Agencia de Quinielas 19/044;Pedernal 2050;096468619;Horario de atención del local;Recarga;575624.691329233;6140487.14434429
Agencia de Quinielas 28/011;Pedernal 1946;095196706                     ;Horario de atención del local;Recarga;575363.381496727;6140476.21181686
Agencia de Quinielas 81/031;Bolivar, Simon 1354;27089433;Horario de atención del local;Recarga;576815.508000683;6137260.62127992
Agencia de Quinielas 49/026;Baldomir, Gral. Arq. A. 2449;094877042;Horario de atención del local;Recarga;576607.524204051;6136766.0593507
Agencia de Quinielas 47/015;Blanco, Juan Benito 1015;27088231;Horario de atención del local;Recarga;577813.584993427;6136291.06682957
Agencia de Quinielas 42/015;Libertad 2504;27069205;Horario de atención del local;Recarga;576851.315885159;6136476.76608183
Agencia de Quinielas 36/009;Leyenda Patria 3096;25066917                      ;Horario de atención del local;Recarga;577393.503948732;6135242.45854823
Agencia de Quinielas 36/030;España, Bvar. 2657;099636930                     ;Horario de atención del local;Recarga;577098.340811158;6136269.39857321
Agencia de Quinielas 44/032;Libertad 2541 Bis;27080986;Horario de atención del local;Recarga;576919.786716041;6136557.81765492
Agencia de Quinielas 44/034;Brasil, Av. 2590;27077095;Horario de atención del local;Recarga;576897.133390057;6136862.55752691
Agencia de Quinielas 74/005;Brasil, Av. 2538;27050333;Horario de atención del local;Recarga;576839.900670178;6136890.5433545
Agencia de Quinielas 49/006;De Salterain, Joaquin 1001;24136929;Horario de atención del local;Recarga;575876.375453078;6136549.01110915
Agencia de Quinielas 49/007;De Salterain, Joaquin 966 Bis;24107827;Horario de atención del local;Recarga;575899.849548531;6136471.29283451
Agencia de Quinielas 47/017;Blanco, Juan Benito 1088;27097517                      ;Horario de atención del local;Recarga;577921.133149978;6136379.0983668
Agencia de Quinielas 25/016;Durazno 2061;24136278;Horario de atención del local;Recarga;575783.810530033;6136690.29682138
Agencia de Quinielas 47/041;Brasil, Av. 2409;27081261                      ;Horario de atención del local;Recarga;576577.277830552;6137016.406612
Agencia de Quinielas 74/004;Brasil, Av. 2859;27054066                      ;Horario de atención del local;Recarga;577420.029777144;6136595.18643005
Agencia de Quinielas 77/091;Ramirez, Av. Dr. C. Ma. 1698;23111496;Horario de atención del local;Recarga;568423.549277524;6140664.66834237
Agencia de Quinielas 40/012;Jackson, Juan D. 1403;24013245;Horario de atención del local;Recarga;575483.866684802;6137365.20077341
Agencia de Quinielas 04/043;Paysandu 1644;24088821;Horario de atención del local;Recarga;574699.674729593;6137658.77310055
Agencia de Quinielas 15/016;Giralt, Pedro 4391 Bis;23043874;Horario de atención del local;Recarga;569816.834949678;6141779.26994116
Agencia de Quinielas 29/005;Rodriguez, Dr. Juan Ant. 1482;099102098                     ;Horario de atención del local;Recarga;575356.579009679;6137519.07863263
Kiosco Gran Canal;Av. 18 De Julio 1870;24010731;Horario de atención del local;Recarga;575289.992336805;6137510.64351705
Agencia de Quinielas 12/003;Minas 1006;24182374                      ;Horario de atención del local;Recarga;574991.730975079;6136470.57786367
Agencia de Quinielas 37/016;Uruguay, Av. 1569;24098875;Horario de atención del local;Recarga;574625.570492949;6137557.67736014
Agencia de Quinielas 29/033;Fernandez Crespo, Av. Daniel 1547;099916610   ;Horario de atención del local;Recarga;575289.848824814;6137626.43046106
Agencia de Quinielas 43/036;Conciliacion 4152;23093033;Horario de atención del local;Recarga;570904.036963395;6142022.44979068
Agencia de Quinielas 15/040;Romero, Emilio 773;23051412;Horario de atención del local;Recarga;570427.812959675;6141230.94276136
Agencia de Quinielas 15/002;Riquet, Ing. Benito 676;23071099;Horario de atención del local;Recarga;570336.846143207;6141621.3577266
Agencia de Quinielas 15/010;Heredia 4103;23053739                      ;Horario de atención del local;Recarga;570052.19257241;6141094.7499467
Agencia de Quinielas 15/011;Coronel, Dionisio 513;23087955                      ;Horario de atención del local;Recarga;570510.966038557;6141904.48737194
Agencia de Quinielas 80/014;Paso Del Morlan 2656;23125831;Horario de atención del local;Recarga;566287.918057251;6140549.84364729
Agencia de Quinielas 77/002;Sanfuentes, Cno. 2449;23130075;Horario de atención del local;Recarga;566939.247126831;6140879.25627082
Agencia de Quinielas 77/042;China 2003;23117097;Horario de atención del local;Recarga;567928.928188552;6139855.6511309
Agencia de Quinielas 03/041;Etiopia 2551;23113088                      ;Horario de atención del local;Recarga;567007.801452502;6139206.44695918
Agencia de Quinielas 77/011;Inglaterra 1987;23124074                      ;Horario de atención del local;Recarga;568205.213374676;6138471.29472972
Agencia de Quinielas 50/029;Miguelete 2043;24080293;Horario de atención del local;Recarga;575321.24429586;6138565.54435931
Agencia de Quinielas 30/015;Fernandez Crespo, Av. Daniel 1906;29245243;Horario de atención del local;Recarga;574881.669912527;6138114.54955642
Agencia de Quinielas 67/035;Defensa 2045;24011536;Horario de atención del local;Recarga;575428.654187292;6138769.72442107
Agencia de Quinielas 50/021;Inca 2109;22096442;Horario de atención del local;Recarga;575110.433483409;6138899.99401705
Salon Tubito;Yugoeslavia 915;23047385;Horario de atención del local;Recarga;569594.484437402;6144675.75948918
Kiosco  Millan;Millan, Av. 5788;23575397;Horario de atención del local;Recarga;569573.678148958;6146176.21205284
Agencia de Quinielas 78/033;Blanco, Juan Benito 902;27086404;Horario de atención del local;Recarga;577672.11913934;6136070.89942616
Agencia de Quinielas 55/010;Terra, Dr. Duvimioso 1912;24024991;Horario de atención del local;Recarga;576157.354533419;6138661.87784865
Agencia de Quinielas 91/041;Av. 8 De Octubre 3415 Bis;25086376;Horario de atención del local;Recarga;577911.56277284;6140051.96308966
Agencia de Quinielas 16/022;Corrales, Cno. 2795;093835256;Horario de atención del local;Recarga;578886.984754725;6141616.70823323
Agencia de Quinielas 17/015;Saa, J. Bautista 1416;23559208;Horario de atención del local;Recarga;570303.189228877;6145552.92091525
Agencia de Quinielas 09/040;Pernas 2530;25087270;Horario de atención del local;Recarga;578250.887616031;6140230.40126124
Agencia de Quinielas 32/035;Ciganda, Dr. Evaristo 1009;22033913;Horario de atención del local;Recarga;573362.990074532;6140358.15086315
Agencia de Quinielas 78/006;Brasil, Av. 2708;27086566;Horario de atención del local;Recarga;577129.745607553;6136775.8661948
Agencia de Quinielas 80/049;Ideario Artiguista 1743;23135501;Horario de atención del local;Recarga;566491.052512391;6146808.69844449
Agencia de Quinielas 81/027;Arocena, Ing. Carlos A. 2355;23124832;Horario de atención del local;Recarga;566468.884827159;6145226.17706027
Agencia de Quinielas 91/002;Soriano 1599;24126887;Horario de atención del local;Recarga;574792.466345167;6136972.06261968
Agencia de Quinielas 93/047;Cambay 2614;25256228;Horario de atención del local;Recarga;581006.009069226;6141275.0319175
Kiosco Darcy`S;Millan, Av. 5804;23553047;Horario de atención del local;Recarga;569450.345587182;6146265.97960078
Agencia de Quinielas 93/016;Igua ;25258387;Horario de atención del local;Recarga;580693.374168835;6139738.17892137
Agencia de Quinielas 01/018;Herrera Y Obes, Julio 1537;29084076;Horario de atención del local;Recarga;573528.696791253;6137457.98293044
Salon Laurita;Anador, Av. Ramon 3615;24807885;Horario de atención del local;Recarga;578819.841397043;6138362.62120522
Agencia de Quinielas 03/000;Millan, Av. 2971;22045165;Horario de atención del local;Recarga;574015.559641434;6140877.14723712
Agencia de Quinielas 03/001;Inglaterra 1802;23150529;Horario de atención del local;Recarga;568538.868245956;6138561.62824424
Agencia de Quinielas 03/024;Santa Catalina  Bis;23148927;Horario de atención del local;Recarga;564702.895667317;6138659.97750978
Agencia de Quinielas 04/017;Mitre, Bartolome 1437;29164241;Horario de atención del local;Recarga;572850.244415711;6137177.49741799
Agencia de Quinielas 04/021;Albania 3760;093390478;Horario de atención del local;Recarga;579819.554300752;6144627.72374153
Agencia de Quinielas 06/003;Berro, Pedro Fco. 1091;27076015;Horario de atención del local;Recarga;577602.182959103;6136420.40616018
Agencia de Quinielas 06/011;Rivera, Av. Gral. 5194;26195711;Horario de atención del local;Recarga;582568.708295404;6138645.871839
Agencia de Quinielas 06/018;Orinoco 5039;26138373;Horario de atención del local;Recarga;582224.912330104;6138146.33230496
Agencia de Quinielas 07/008;Sitio Grande 1441;22012893;Horario de atención del local;Recarga;574230.698098865;6140626.09145038
Agencia de Quinielas 07/011;Braille, Av. Luis 3138;25120587;Horario de atención del local;Recarga;580671.702702469;6143962.1475862
Agencia de Quinielas 08/007;Av. 8 De Octubre 4205;25069290    ;Horario de atención del local;Recarga;579087.550687393;6141204.73592192
Agencia de Quinielas 08/020;Caviglia, Luis C. 3675;25132286;Horario de atención del local;Recarga;580865.172941713;6145786.40671328
Agencia de Quinielas 09/002;Av. 8 De Octubre 4423;095887051;Horario de atención del local;Recarga;579148.639513209;6141662.91735789
Agencia de Quinielas 10/009;Batlle Berres, Av. Luis 148;23120420;Horario de atención del local;Recarga;559180.759167596;6150115.32555937
Agencia de Quinielas 10/041;Arenal, Concepcion 1680;22095987;Horario de atención del local;Recarga;574666.095982522;6139915.75254086
Agencia de Quinielas 13/017;De Herrera, Av. Dr. L. A. 3842;094456189;Horario de atención del local;Recarga;575114.027465585;6141833.9663894
Agencia de Quinielas 14/013;Villademoros, Cap. 2523;25075513;Horario de atención del local;Recarga;579641.793233931;6141429.62113134
Agencia de Quinielas 14/018;Novara 3302;25120254;Horario de atención del local;Recarga;580052.860530579;6144600.5142414
Agencia de Quinielas 14/035;Maldonado, Cno.  Esq. Rafael;25111739;Horario de atención del local;Recarga;580255.024848748;6144327.2484661
Agencia de Quinielas 14/041;Helvecia 3957;096425000;Horario de atención del local;Recarga;578941.172071177;6146052.8138139
Agencia de Quinielas 14/045;Garcia, Ildelfonso 4510;25071614 ;Horario de atención del local;Recarga;579635.449324607;6141509.52904506
Agencia de Quinielas 14/046;Pintado 5643;25116148;Horario de atención del local;Recarga;580376.781678753;6143853.27699982
Agencia de Quinielas 15/015;Real 4138;23051621;Horario de atención del local;Recarga;570569.190329973;6141619.0162676
Agencia de Quinielas 15/018;Dario,Ruben(P.Yeguas Balneario 3442 Bis;23151076;Horario de atención del local;Recarga;564455.865169503;6138836.50331783
Agencia de Quinielas 15/043;Humboldt 4174;23054150;Horario de atención del local;Recarga;569906.866476518;6141119.48281707
Agencia de Quinielas 17/037;Continuacion Behering 5057;23559875;Horario de atención del local;Recarga;574044.211897307;6143925.68635979
Agencia de Quinielas 18/002;Arrieta Francisco 3147;24879149;Horario de atención del local;Recarga;576693.647342122;6140818.84567594
Agencia de Quinielas 18/033;Alferez Real 2589;093501525;Horario de atención del local;Recarga;579615.602032228;6141697.57731481
Agencia de Quinielas 19/016;Arenal Grande 1548;24090163;Horario de atención del local;Recarga;575445.732496174;6137726.73606327
Agencia de Quinielas 22/020;Av. 18 De Julio 2065;24098764;Horario de atención del local;Recarga;575779.828752879;6137764.67730102
Agencia de Quinielas 22/024;Orinoco 4867;26193284;Horario de atención del local;Recarga;582073.625600893;6138150.3523534
Agencia de Quinielas 23/008;Pilcomayo 5358;26193276 ;Horario de atención del local;Recarga;582944.060668977;6138529.24032405
Agencia de Quinielas 24/048;Italia, Av. 3113;24872900;Horario de atención del local;Recarga;577911.359573518;6138997.2450775
Agencia de Quinielas 26/005;De Mendoza, Av Pedro 5404;22222604;Horario de atención del local;Recarga;576695.529654867;6148193.69125343
Agencia de Quinielas 26/024;Petirossi, Cno. 5400;22228397;Horario de atención del local;Recarga;576643.342664876;6148144.44183305
Agencia de Quinielas 28/003;Rocha 2701;22000290;Horario de atención del local;Recarga;574726.674003695;6140249.74872011
Agencia de Quinielas 29/032;Cont. Maestra Juana Manso 5847;25136729 ;Horario de atención del local;Recarga;581476.847155742;6143936.83871727
Agencia de Quinielas 30/007;Bogorja De Skotnicki, Erasmo 5211;22279774 ;Horario de atención del local;Recarga;576130.738774417;6146515.85956082
Agencia de Quinielas 32/003;Agraciada, Av. 3063;22012670 ;Horario de atención del local;Recarga;573084.404304874;6140540.5988726
Agencia de Quinielas 32/021;Zapican 2470;22087404;Horario de atención del local;Recarga;573875.420286974;6139696.69663697
Agencia de Quinielas 32/023;Uruguayana 3240;22011179;Horario de atención del local;Recarga;572799.123068072;6140641.02188419
Agencia de Quinielas 32/028;Vilardebo 1248;22020298 ;Horario de atención del local;Recarga;573795.271928489;6140218.48590363
Agencia de Quinielas 32/036;Suarez, Av. Joaquin 3023;22099231;Horario de atención del local;Recarga;573423.609462663;6140623.17120346
Agencia de Quinielas 35/022;San Martin, Av. Gral. 2985;22025396 ;Horario de atención del local;Recarga;574698.426279945;6140898.88565894
Agencia de Quinielas 36/024;Burgues, Av. 3879;22161604;Horario de atención del local;Recarga;574950.05728496;6143133.45209343
Agencia de Quinielas 38/017;Canelones 1996;099569223;Horario de atención del local;Recarga;575609.735987182;6136896.58125003
Agencia de Quinielas 39/003;Michigan 1544;26193788;Horario de atención del local;Recarga;582275.045587117;6138376.34850203
Agencia de Quinielas 39/017;Victor Hugo 602;095178233;Horario de atención del local;Recarga;564682.966144106;6138813.82954852
Agencia de Quinielas 39/026;24 De Octubre 129;23116004;Horario de atención del local;Recarga;564877.753381587;6138731.71356882
Agencia de Quinielas 41/014;Italia, Av. 2475;24803426;Horario de atención del local;Recarga;576541.80785883;6138433.75280586
Agencia de Quinielas 41/020;Legrand, Enrique 4863;26190523;Horario de atención del local;Recarga;581975.770601083;6138977.93676032
Agencia de Quinielas 42/014;Anador, Av. Ramon 3221;24815241;Horario de atención del local;Recarga;577948.540142334;6138180.32353379
Agencia de Quinielas 42/042;Italia, Av. 3488;24861258;Horario de atención del local;Recarga;578674.975229262;6139167.05460007
Agencia de Quinielas 43/008;Chile 3753;23141767;Horario de atención del local;Recarga;568481.818710208;6139571.38969441
Agencia de Quinielas 43/030;Millan, Av. 4152;23543189;Horario de atención del local;Recarga;573290.407365315;6143350.2724152
Agencia de Quinielas 44/003;Aconcagua 5211;26134386;Horario de atención del local;Recarga;582674.538775381;6138302.87577957
Agencia de Quinielas 45/015;Belloni, Av. Jose 4194;25116376 ;Horario de atención del local;Recarga;578580.475674882;6145733.28619118
Agencia de Quinielas 45/021;Millan, Av. 4198;23546236;Horario de atención del local;Recarga;573228.328025671;6143510.47078959
Agencia de Quinielas 46/001;Rodriguez Castelao, Alfonso 3701;25085498 ;Horario de atención del local;Recarga;579649.047708999;6139436.89579709
Agencia de Quinielas 46/009;Blanco Acevedo, Dr. Pablo 6227;25149628 ;Horario de atención del local;Recarga;580910.137135337;6145471.81261709
Agencia de Quinielas 46/011;Geminis, Cno. 6313;25151606 ;Horario de atención del local;Recarga;581554.536870311;6145177.41591103
Agencia de Quinielas 47/009;Milan 3450;25110699;Horario de atención del local;Recarga;580468.625151251;6144629.14891873
Agencia de Quinielas 47/025;Pasaje 1 6200;25135416;Horario de atención del local;Recarga;581015.044243539;6145349.00050667
Agencia de Quinielas 47/026;Chucarro, Alejandro 1196;27069559;Horario de atención del local;Recarga;577933.412612531;6136522.83998571
Agencia de Quinielas 47/031;Turin 3564;25111376;Horario de atención del local;Recarga;580374.593697946;6145011.9348431
Agencia de Quinielas 48/008;Flores, Av. Gral. 4767;22162240;Horario de atención del local;Recarga;577373.475630442;6143944.10728036
Agencia de Quinielas 48/010;Pando 2894;099912625;Horario de atención del local;Recarga;574851.16657955;6140631.13330986
Agencia de Quinielas 50/014;Flores, Av. Gral. 2158 Bis;29248797 ;Horario de atención del local;Recarga;574441.662117116;6139132.59229895
Agencia de Quinielas 50/015;Millan, Av. 2764;22007247 ;Horario de atención del local;Recarga;574236.279345043;6140457.69228444
Agencia de Quinielas 50/032;Patron, Juan Carlos. 1851;22026468 ;Horario de atención del local;Recarga;575061.708307751;6139321.28042362
Salon Mafalda;Vilardebo 1442;22008307;Horario de atención del local;Recarga;574237.526662693;6140363.52373407
Agencia de Quinielas 51/009;Fregerio, Clemente 2808;25226255;Horario de atención del local;Recarga;581061.930341529;6141995.76570167
Agencia de Quinielas 51/024;Florida 1213 Bis;29080652;Horario de atención del local;Recarga;573169.945447861;6136767.92289739
Agencia de Quinielas 51/043;Argerich. 4481;25093315;Horario de atención del local;Recarga;579361.27832913;6141485.06907853
Agencia de Quinielas 53/003;Artigas, Bvar. Gral. 1953;24001924;Horario de atención del local;Recarga;576238.421149376;6138685.15856639
Agencia de Quinielas 53/024;Chayos 5255;25121130;Horario de atención del local;Recarga;580052.927275467;6143194.55401688
Agencia de Quinielas 53/028;Mendez, Bruno 3436;22160178;Horario de atención del local;Recarga;576233.340802026;6142356.62311025
Agencia de Quinielas 53/046;Spencer 4403;25065361 095239816;Horario de atención del local;Recarga;579660.934841472;6141192.11446594
Agencia de Quinielas 53/047;Rodrigo, Francisco 3152;24808743;Horario de atención del local;Recarga;576633.826074705;6140890.10432347
Agencia de Quinielas 54/005;Italia, Av. 3863;25067216;Horario de atención del local;Recarga;579627.583562466;6139186.21096892
Agencia de Quinielas 54/012;Cardal 3266;;Horario de atención del local;Recarga;578153.764704845;6139463.42569162
Agencia de Quinielas 54/032;Legrand, Enrique 5085;26136794;Horario de atención del local;Recarga;582404.092741501;6138763.9198656
Agencia de Quinielas 55/008;Emancipacion 4132;23062940;Horario de atención del local;Recarga;571593.880536967;6143033.52000339
Agencia de Quinielas 56/032;Vidal, Dr. Jose Ma. ;23081961;Horario de atención del local;Recarga;570181.742968999;6140848.32797948
Agencia de Quinielas 58/001;Ejido 1077;093758593;Horario de atención del local;Recarga;574311.080465684;6136546.22663926
Agencia de Quinielas 58/016;Baldomir, Gral. Arq. A. 2372;27067139;Horario de atención del local;Recarga;576480.407664778;6136740.50569801
Agencia de Quinielas 58/033;Legrand, Enrique ;26137194;Horario de atención del local;Recarga;581947.867057923;6138994.93371303
Agencia de Quinielas 59/008;De Las Instrucciones, Av. 2225;22228694;Horario de atención del local;Recarga;574904.91628024;6146046.7307621
Agencia de Quinielas 59/012;Belloni, Av. Jose 6113;095896476;Horario de atención del local;Recarga;579011.926276538;6150183.64884619
Agencia de Quinielas 59/020;San Martin, Av. Gral. 2902;22043664 ;Horario de atención del local;Recarga;574674.669156029;6140776.52918548
Agencia de Quinielas 60/003;Silva, Dr. Jose Ma. 4109;23559668;Horario de atención del local;Recarga;574110.807078812;6144393.38681828
Agencia de Quinielas 61/007;Martinez Trueba, Andres 1151;094841696;Horario de atención del local;Recarga;574618.672940143;6136768.19546408
Agencia de Quinielas 61/049;Carrasco, Camino 4636;25254813;Horario de atención del local;Recarga;580513.8965295;6140790.27113202
Agencia de Quinielas 62/025;San Martin, Av. Gral. 2440;22041737 ;Horario de atención del local;Recarga;574367.005080082;6139808.1688769
Agencia de Quinielas 63/001;Artigas, Bvar. Gral. 1825;24098429;Horario de atención del local;Recarga;576159.707264776;6138373.61354815
Agencia de Quinielas 63/003;Artigas, Bvar. 1825;24027978;Horario de atención del local;Recarga;576107.121757314;6138423.40423578
Agencia de Quinielas 66/001;Agraciada, Av. 2346;29243466;Horario de atención del local;Recarga;574140.354374655;6139029.89966877
Agencia de Quinielas 66/008;Ciganda, Dr. Evaristo 1238;22040846 ;Horario de atención del local;Recarga;573796.58844701;6140381.83835283
Agencia de Quinielas 66/018;25 De Mayo 0693;29167277;Horario de atención del local;Recarga;572901.571351729;6137255.165778
Agencia de Quinielas 67/014;Gomez, Gral. Leandro 2609;25148383 ;Horario de atención del local;Recarga;579777.520972224;6145640.43987329
Agencia de Quinielas 68/003;Gutierrez Ruiz, Hector 1052;29029782;Horario de atención del local;Recarga;573931.798944419;6136495.17878773
Agencia de Quinielas 69/011;Legrand, Enrique 5110;26138641;Horario de atención del local;Recarga;582476.260008976;6138710.2557624
Agencia de Quinielas 70/004;De Herrera, Av. Dr. L. A. 3365;22013013 22013014;Horario de atención del local;Recarga;575929.404050484;6141169.02095481
Agencia de Quinielas 70/010;4 De Julio 3241;26228492;Horario de atención del local;Recarga;577994.996660688;6138045.28698481
Agencia de Quinielas 71/010;Maldonado, Cno. 5679;25119787;Horario de atención del local;Recarga;580008.70925627;6144099.27062031
Agencia de Quinielas 71/025;Turin  Esq. Victor Manuel;25117861;Horario de atención del local;Recarga;580604.184062437;6144675.42628166
Agencia de Quinielas 71/038;Chayos 5035;25131364;Horario de atención del local;Recarga;579833.051081643;6142744.19542596
Agencia de Quinielas 73/005;Sixtina 791;25118440;Horario de atención del local;Recarga;579518.807982256;6145493.40692667
Agencia de Quinielas 74/014;21 De Setiembre 2850;27100733;Horario de atención del local;Recarga;577075.729416154;6135624.55568028
Agencia de Quinielas 74/020;Antuña Fco Solano 2909;27114831 ;Horario de atención del local;Recarga;577572.015622091;6135610.59834601
Agencia de Quinielas 76/009;Barrios Amorin, Dr. Javier 1205;096191112;Horario de atención del local;Recarga;574492.422534149;6136848.18957429
Agencia de Quinielas 76/018;Michelini, Zelmar 1262;097072705;Horario de atención del local;Recarga;574003.30196884;6136920.36726639
Agencia de Quinielas 76/043;Fortet, Cno. Manuel M. 1921;23210439 ;Horario de atención del local;Recarga;572249.646957511;6147558.90115633
Agencia de Quinielas 79/016;Coe, Comodoro 3795;24817093;Horario de atención del local;Recarga;579071.262737974;6138736.98110142
Agencia de Quinielas 80/029;Mexico 1961;23146236;Horario de atención del local;Recarga;568226.519221461;6138387.51450552
Agencia de Quinielas 80/034;Austria 2323;23121070 ;Horario de atención del local;Recarga;567395.320183178;6139672.50103507
Agencia de Quinielas 81/017;Colonia 1098;29032592;Horario de atención del local;Recarga;573741.786759889;6137176.89676353
Agencia de Quinielas 83/034;Jimenez De Arechaga, Dr.Justin 3254;25130900 ;Horario de atención del local;Recarga;580316.034629989;6143964.16129084
Agencia de Quinielas 85/013;Figueredo, Santiago 4431;22161989;Horario de atención del local;Recarga;575810.151307422;6144012.95322547
Agencia de Quinielas 85/026;Flores, Av. Gral. 4695 Bis;22169297;Horario de atención del local;Recarga;577272.82011198;6143793.90299766
Agencia de Quinielas 85/039;Espiritu Nuevo, El 4437;095372075;Horario de atención del local;Recarga;579139.792297815;6146442.48865085
Agencia de Quinielas 88/010;De Las Instrucciones, Av. 1294;23542514;Horario de atención del local;Recarga;573611.195367268;6144530.71830272
Agencia de Quinielas 01/030;Carpinteria 4475;099067753;Horario de atención del local;Recarga;580239.684167857;6140842.47497869
Agencia de Quinielas 02/017;Colorado 1890;22033697;Horario de atención del local;Recarga;575106.389581938;6140189.30383574
Agencia de Quinielas 03/005;Bogota 3833 Bis;23118036 ;Horario de atención del local;Recarga;568265.968248633;6139682.79638814
Agencia de Quinielas 03/036;Rio De Janeiro 3560;23115665;Horario de atención del local;Recarga;568265.825339109;6139161.21802927
Agencia de Quinielas 03/038;Grecia 3549;23139172;Horario de atención del local;Recarga;568649.236344187;6139156.35413132
Agencia de Quinielas 03/039;Portugal 3682;23118632;Horario de atención del local;Recarga;568427.015473012;6139416.42357932
Agencia de Quinielas 09/001;Carrasco, Camino 4207;25083939 ;Horario de atención del local;Recarga;579676.148415287;6140660.84988418
Agencia de Quinielas 15/048;Castro, Jose 4105;23051895;Horario de atención del local;Recarga;570209.702196848;6141228.62471797
Agencia de Quinielas 17/008;Flores, Av. Gral. 3008;22043709;Horario de atención del local;Recarga;575316.345584883;6140824.95265155
Agencia de Quinielas 22/006;Carrasco, Camino 4578;25258936;Horario de atención del local;Recarga;580350.776625515;6140763.20066578
Agencia de Quinielas 24/021;Italia, Av. 3113;24837164;Horario de atención del local;Recarga;577889.745863868;6138981.01488108
Agencia de Quinielas 30/045;Barcelona 1918;23112374;Horario de atención del local;Recarga;568259.192596697;6139019.31087557
Agencia de Quinielas 35/003;España, Bvar. 2427;27089563;Horario de atención del local;Recarga;576522.729547662;6136502.81190242
Agencia de Quinielas 40/000;Colonia 1755 Bis;24000192;Horario de atención del local;Recarga;575002.645808988;6137534.29784526
Agencia de Quinielas 41/013;Arocena, Dr. Alfredo 2090;26002673;Horario de atención del local;Recarga;585628.829575104;6139870.24577373
Agencia de Quinielas 47/006;26 De Marzo 1187;27093425;Horario de atención del local;Recarga;577695.348751141;6136622.24184113
Agencia de Quinielas 47/043;Maeso, Carlos Ma. 2831;27070384    ;Horario de atención del local;Recarga;577159.469916015;6136443.89371079
Kiosco Coto´S;Flores, Av. Gral. 3078;22081453;Horario de atención del local;Recarga;575448.427811423;6140991.99803533
Agencia de Quinielas 49/018;Sarmiento, Av. 2599;27123178;Horario de atención del local;Recarga;577062.299881446;6136144.71055204
Agencia de Quinielas 57/034;Cuba 4217;23141441;Horario de atención del local;Recarga;567638.264610625;6140394.46408355
Agencia de Quinielas 57/036;Panama  Esq. Paraguay;29245299;Horario de atención del local;Recarga;573666.83178662;6138693.24419786
Agencia de Quinielas 62/010;Garibaldi, Av. Gral. 2559 Bis;24802046;Horario de atención del local;Recarga;576437.331861162;6139239.91486935
Agencia de Quinielas 66/000;Mercedes 1151;29085061;Horario de atención del local;Recarga;573859.8970185;6137309.47406297
Salon El Loco;Garibaldi, Av. Gral. 2322;22045349;Horario de atención del local;Recarga;575993.406281274;6139640.32129322
Agencia de Quinielas 67/008;Cagancha 2250;098970152;Horario de atención del local;Recarga;575848.17240585;6139351.95083734
Agencia de Quinielas 67/023;Coquimbo 2158;24003378;Horario de atención del local;Recarga;575790.824165412;6139224.7733125
Agencia de Quinielas 68/025;Misiones 1480;29154036;Horario de atención del local;Recarga;572465.707375708;6137122.43766417
Agencia de Quinielas 71/013;Av. 8 De Octubre 4700;25118450;Horario de atención del local;Recarga;579206.185708205;6142250.00203851
Agencia de Quinielas 75/008;Arenal Grande 2000;29249027;Horario de atención del local;Recarga;574842.720687727;6138513.90673357
Agencia de Quinielas 77/007;Peru 1855;23114140 - 096141289;Horario de atención del local;Recarga;568175.079142286;6140093.59466979
Agencia de Quinielas 77/033;Berna 1856;23138579;Horario de atención del local;Recarga;568163.241141491;6140320.36935204
Agencia de Quinielas 80/018;Grecia 3605;098568442;Horario de atención del local;Recarga;568620.290048935;6139305.62574295
Agencia de Quinielas 80/037;Grecia 3949;23128853 ;Horario de atención del local;Recarga;568521.81901618;6139909.56807649
Agencia de Quinielas 80/047;Grecia 3933;23143955;Horario de atención del local;Recarga;568547.177891854;6139915.36703709
Agencia de Quinielas 88/000;Millan, Av. 3782;23363314;Horario de atención del local;Recarga;573508.275153304;6142380.99705469
Agencia de Quinielas 93/012;Carrasco, Camino 4509;25223952;Horario de atención del local;Recarga;580356.188647199;6140786.22182765
Agencia de Quinielas 01/014;Quirquincho 4797;26199482;Horario de atención del local;Recarga;581965.300991385;6139380.40385863
Agencia de Quinielas 01/025;Godoy 4704;26180613                      ;Horario de atención del local;Recarga;581617.633480553;6139870.5054649
Agencia de Quinielas 04/005;Monegal, Jose. 6044;094038771                     ;Horario de atención del local;Recarga;568090.778259622;6145243.77942632
Agencia de Quinielas 04/0291;Italia, Av.  Esq. Heras, Gral. Las;24875472;Horario de atención del local;Recarga;577480.991696707;6138701.78399801
Agencia de Quinielas 06/001;Libertad 2669;27088232;Horario de atención del local;Recarga;577096.25281051;6136682.7652338
Agencia de Quinielas 08/005;Av. 8 De Octubre 4011;25093981;Horario de atención del local;Recarga;578994.250714507;6140836.99882367
Agencia de Quinielas 13/036;Millan, Av. 2350;22002159;Horario de atención del local;Recarga;574309.484487473;6139736.32572502
Agencia de Quinielas 14/016;Ruta 8 J.A.Lavalleja 9101;22277080;Horario de atención del local;Recarga;585387.598872571;6149884.49252921
Agencia de Quinielas 16/017;Chacarita De Los Padres 3207;25121001;Horario de atención del local;Recarga;582189.745205266;6144606.78599229
Agencia de Quinielas 17/000;Batlle Y Ordoñez, Br. Jose 5155;23553975;Horario de atención del local;Recarga;573844.574398472;6143943.59953924
Agencia de Quinielas 19/002;Corrales, Cno. 3003;25076458;Horario de atención del local;Recarga;578506.026415705;6142006.15630177
Agencia de Quinielas 21/029;Sarmiento, Av. 2678;27116718;Horario de atención del local;Recarga;577232.081558518;6136138.73091542
Agencia de Quinielas 24/008;Republica Del Salvador 3260;094233849;Horario de atención del local;Recarga;577846.210938996;6138568.59130395
Agencia de Quinielas 26/019;Hum 3989;22117963;Horario de atención del local;Recarga;575393.286806802;6143499.90669939
Agencia de Quinielas 26/022;Farini 2998;099349249                     ;Horario de atención del local;Recarga;573720.519028559;6140866.77288118
Agencia de Quinielas 31/000;Batlle Y Ordoñez, Br. Jose 3553;24806068;Horario de atención del local;Recarga;576646.736233081;6141143.97043733
Agencia de Quinielas 33/043;Erevan 1884;26134525;Horario de atención del local;Recarga;581111.278111499;6139362.28060572
Agencia de Quinielas 41/021;Gallinal, Dr. Alejandro 2153;25259888                      ;Horario de atención del local;Recarga;581750.745345815;6140151.35571682
Agencia de Quinielas 48/013;San Martin, Av. Gral. 2465;22086084                      ;Horario de atención del local;Recarga;574352.005332838;6139896.79308822
Agencia de Quinielas 54/006;Duarte, Cap. Luis E. 2137;25220179;Horario de atención del local;Recarga;581413.667509473;6140151.25369921
Agencia de Quinielas 54/022;Lopez, Av.Mcal Fco. Solano 1768;26194818;Horario de atención del local;Recarga;579761.352060876;6138858.42498674
Agencia de Quinielas 56/034;Batlle Berres, Av. Luis 5846;23115813;Horario de atención del local;Recarga;567939.560614565;6144285.37174558
Agencia de Quinielas 58/038;Italia, Av. 5057;26199275;Horario de atención del local;Recarga;582361.537814995;6139285.23739325
Agencia de Quinielas 60/002;Sayago, Av. 981;096761166;Horario de atención del local;Recarga;571622.08041049;6145063.61428834
Agencia de Quinielas 62/015;Guaycuru 2750;22009758;Horario de atención del local;Recarga;573945.723156012;6140378.52803243
Agencia de Quinielas 75/004;Mediodia 1909;23228463;Horario de atención del local;Recarga;568375.560992606;6149900.66333324
Agencia de Quinielas 77/035;Timote 5516;095399253;Horario de atención del local;Recarga;569176.115892007;6144489.50288853
Agencia de Quinielas 88/037;Lecocq, Cno. Fco. 1607;23205011;Horario de atención del local;Recarga;570562.222373994;6147640.89899368
Agencia de Quinielas 90/020;Sosa, Julio 4549;26130975;Horario de atención del local;Recarga;581352.982318156;6139318.54535193
Agencia de Quinielas 76/034;Molinos De Raffo 618;23079114;Horario de atención del local;Recarga;572013.293799685;6143691.88708043
Agencia de Quinielas 85/008;Chimborazo 3850;22155457;Horario de atención del local;Recarga;575720.267919953;6143547.67324426
Agencia de Quinielas 85/018;Batlle Y Ordoñez, Br. Jose 4002;22156042;Horario de atención del local;Recarga;575007.548901067;6142751.80156242
Agencia de Quinielas 90/011;Moro, Luis 4519;095589526;Horario de atención del local;Recarga;572715.934277858;6144625.36480773
Agencia de Quinielas 91/015;Helvecia 4304;22153050;Horario de atención del local;Recarga;577914.968444487;6145958.77730566
Agencia de Quinielas 91/019;Rodriguez, Dr. Sebastian 4458;22220806  ;Horario de atención del local;Recarga;578385.142619762;6146483.79087227
Agencia de Quinielas 93/011;Batlle Pacheco, Cesar 4049;25132873  ;Horario de atención del local;Recarga;579110.343440658;6145318.49149549
Agencia de Quinielas 93/030;Belloni, Av. Jose 4237;22158630;Horario de atención del local;Recarga;578525.882958692;6145840.66661646
Kiosco El 11;Nery, Av. Dr. Carlos 3469;097411800 ;Horario de atención del local;Recarga;579439.243134135;6144426.8482736
Agencia de Quinielas 94/002;Galeano, Cno. Tte. Alberto 4300;22168399;Horario de atención del local;Recarga;577993.747651202;6145704.91096067
Agencia de Quinielas 08/037;Av. Luis A. Herrera 3365 (Nuevocentro Shopping);099651804;Horario de atención del local;Recarga;575866.897335922;6141192.93997357
Agencia de Quinielas 11/005;Belloni, Av. Jose 4316;25134219;Horario de atención del local;Recarga;578594.410125515;6146057.45460256
Agencia de Quinielas 11/010;Figueredo, Santiago 4330;22116576;Horario de atención del local;Recarga;575770.338851049;6143753.87557049
Agencia de Quinielas 12/009;Durango 0370;29162188  ;Horario de atención del local;Recarga;572385.219949275;6136869.10222246
Agencia de Quinielas 12/019;Colon 1301;29161950;Horario de atención del local;Recarga;572291.181178931;6136727.00018329
Agencia de Quinielas 12/026;Av. 8 De Octubre 4763;25136151;Horario de atención del local;Recarga;579193.163133002;6142414.47777468
Agencia de Quinielas 13/021;De Herrera, Av. Dr. L. A. 3701;22091756;Horario de atención del local;Recarga;575415.388581999;6141597.48047005
Agencia de Quinielas 14/020;Av. 8 De Octubre 4337;25070837;Horario de atención del local;Recarga;579128.238745157;6141460.02392009
Agencia de Quinielas 18/000;Batlle Y Ordoñez, Br. Jose 3004;25083446;Horario de atención del local;Recarga;577642.997339047;6140251.54663692
Agencia de Quinielas 19/017;Plaza Cagancha  Esq. Av. 18 De Julio;29002303;Horario de atención del local;Recarga;573845.172562208;6137070.03699576
Agencia de Quinielas 22/030;Dunant 4217;22162446;Horario de atención del local;Recarga;578199.685958013;6145842.89852963
Agencia de Quinielas 24/009;Ortiz, Juan 3153;24807768  ;Horario de atención del local;Recarga;577861.265192595;6139081.40574041
Agencia de Quinielas 28/004;Vignale, Dr. Bartolome 4158;22201839;Horario de atención del local;Recarga;578402.045672911;6146642.35203249
Agencia de Quinielas 29/008;De Mendoza, Av Pedro 4655;22201738;Horario de atención del local;Recarga;577262.908164293;6146036.26952493
Agencia de Quinielas 29/035;Urquiza, Gral. 2851;24874561;Horario de atención del local;Recarga;576855.089181156;6139275.56658764
Agencia de Quinielas 30/024;Buenos Aires 151;29158013;Horario de atención del local;Recarga;572029.621120917;6136600.19223858
Agencia de Quinielas 31/001;Gomez, Juan Ramon 2707;24800445;Horario de atención del local;Recarga;576595.304622427;6139071.79162809
Agencia de Quinielas 33/004;Washington 198;095028548;Horario de atención del local;Recarga;572024.213240404;6136783.56092386
Agencia de Quinielas 33/013;Ituzaingo 1307;29159332;Horario de atención del local;Recarga;572753.338781752;6136883.03896916
Agencia de Quinielas 33/026;Costa, Pascual 3879;23360719;Horario de atención del local;Recarga;573611.802363424;6142648.00047642
Agencia de Quinielas 35/004;Ellauri, Jose L. 1051;27067100;Horario de atención del local;Recarga;577401.47657303;6136486.43307001
Agencia de Quinielas 39/014;Treinta Y Tres 1473;29153339;Horario de atención del local;Recarga;572541.143154929;6137153.00405848
Agencia de Quinielas 39/027;Gomez, Maximo 1501;22031551;Horario de atención del local;Recarga;574469.292924446;6142823.73236842
Agencia de Quinielas 39/040;25 De Mayo 543;29158823;Horario de atención del local;Recarga;572643.961151539;6137145.5337505
Agencia de Quinielas 44/027;Nery, Av. Dr. Carlos 3549;093548992;Horario de atención del local;Recarga;579235.543716494;6144440.81044754
Agencia de Quinielas 48/045;Medina, Walter 4254;22154911;Horario de atención del local;Recarga;578400.793160367;6145917.81768749
Agencia de Quinielas 50/011;Lira, Luciano 4724;22200570  ;Horario de atención del local;Recarga;577494.256791562;6146281.30400287
Agencia de Quinielas 51/010;Saravia, Bvar. Aparicio 3685;25148085;Horario de atención del local;Recarga;578953.601197934;6145223.0213647
Agencia de Quinielas 53/000;Brum, Rbla. Baltasar. 3038;22086179;Horario de atención del local;Recarga;572423.980142623;6140335.90357445
Agencia de Quinielas 53/037;Ramon Y Cajal 2499;24817957;Horario de atención del local;Recarga;576488.554964331;6138961.11287685
Agencia de Quinielas 59/016;Viena 5217;25112350;Horario de atención del local;Recarga;578905.826915446;6144368.34863358
Agencia de Quinielas 64/005;Ramon Y Cajal 2559;24874918    ;Horario de atención del local;Recarga;576354.933194589;6139057.60774977
Agencia de Quinielas 66/009;Iberia 3746;25113798;Horario de atención del local;Recarga;577813.556648561;6144052.5081183
Agencia de Quinielas 66/019;Novara 3519;25111278  ;Horario de atención del local;Recarga;579489.171513451;6144880.68667283
Agencia de Quinielas 68/002;25 De Mayo 326 Bis;;Horario de atención del local;Recarga;572248.264405816;6136972.77234104
Agencia de Quinielas 69/021;Belloni, Av. Jose 3930;25111928;Horario de atención del local;Recarga;578605.377898609;6145234.88484542
Agencia de Quinielas 70/003;Rincon 672;29151902;Horario de atención del local;Recarga;572900.724702291;6137114.54466632
Agencia de Quinielas 70/026;Locarno 3511 Bis;25141468;Horario de atención del local;Recarga;579414.984481649;6144687.68756096
Agencia de Quinielas 71/004;Av. 8 De Octubre 4716;25148331;Horario de atención del local;Recarga;579207.122650805;6142347.81332521
Agencia de Quinielas 73/003;Flores, Av. Gral. 4904;25132941;Horario de atención del local;Recarga;577601.681509375;6144201.58647373
Agencia de Quinielas 25/012;Canning, Jorge 2363;24870654;Horario de atención del local;Recarga;576375.496376559;6138105.19669708
Agencia de Quinielas 25/023;Monterroso De Lavalleja, Ana 2290;24076267;Horario de atención del local;Recarga;576313.620955918;6137731.07197198
Agencia de Quinielas 25/029;Blanes, Juan Manuel 1349;24098432;Horario de atención del local;Recarga;575607.170496596;6137249.39470773
Agencia de Quinielas 27/001;Chiavari 2949 Bis;099683968;Horario de atención del local;Recarga;576642.088071518;6140337.39154252
Agencia de Quinielas 27/023;Martinez, Dr. Martin C. 3051;22032132;Horario de atención del local;Recarga;575373.739474699;6140701.93000608
Agencia de Quinielas 28/005;Porongos 3037;22043113;Horario de atención del local;Recarga;575272.02965548;6140637.66511321
Agencia de Quinielas 31/009;Saravia, Bvar. Aparicio 4971;22155306;Horario de atención del local;Recarga;575406.132888259;6144817.35048497
Agencia de Quinielas 38/000;Constituyente 2025;24000615;Horario de atención del local;Recarga;575597.926424786;6136871.61408922
Agencia de Quinielas 38/047;Yrigoyen, Hipolito 2016;25254011;Horario de atención del local;Recarga;581205.906161777;6139686.06771253
Agencia de Quinielas 43/004;Real 4267;23052182;Horario de atención del local;Recarga;570327.853736349;6141843.12335965
Agencia de Quinielas 51/004;Yrigoyen, Hipolito 1610;26139445;Horario de atención del local;Recarga;581442.738781696;6138724.16967905
Agencia de Quinielas 51/014;Pelliciari, Enrique 2085;094063740;Horario de atención del local;Recarga;580949.424619117;6139816.880794
Agencia de Quinielas 52/039;Ascasubi 4513;23052702;Horario de atención del local;Recarga;569684.617587858;6142062.74792638
Agencia de Quinielas 53/022;Albo, Av. Dr. Manuel 2715;24816801;Horario de atención del local;Recarga;576779.001358962;6138779.01300892
Agencia de Quinielas 55/015;Flores, Av. Gral. 3451;22098110;Horario de atención del local;Recarga;575856.333196353;6141705.41054241
Agencia de Quinielas 55/023;Almeria 4667 Bis;26130595;Horario de atención del local;Recarga;581551.011589942;6138291.55262185
Agencia de Quinielas 56/038;Batlle Berres, Av. Luis 5706;23119869;Horario de atención del local;Recarga;568144.362823587;6144086.88864096
Agencia de Quinielas 57/039;Flores, Av. Gral. 3389 Bis;22093662;Horario de atención del local;Recarga;575755.847037035;6141525.57721961
Agencia de Quinielas 58/039;Barrios Amorin, Dr. Javier 1156;24104738;Horario de atención del local;Recarga;574526.818558368;6136763.84276317
Agencia de Quinielas 63/004;Muñoz, Daniel 2287;091333590;Horario de atención del local;Recarga;576059.811344076;6138206.42180675
Agencia de Quinielas 64/000;Hocquard 2139;24096628;Horario de atención del local;Recarga;575837.85878171;6138945.45560649
Agencia de Quinielas 69/033;Yrigoyen, Hipolito 1755 Bis;26191109;Horario de atención del local;Recarga;581307.581193037;6139073.84309208
Agencia de Quinielas 73/013;Bacigaluppi, Prof. Carlos 2239;099574750;Horario de atención del local;Recarga;574609.322930866;6138691.48696823
Agencia de Quinielas 75/012;Lanus 6134;23234543;Horario de atención del local;Recarga;569404.898648711;6148637.64147024
Agencia de Quinielas 75/015;Melilla, Cno. 9491;23227462;Horario de atención del local;Recarga;566308.953722614;6154288.41469695
Agencia de Quinielas 79/036;Martinez, Dr. Martin C. 1793;24032273;Horario de atención del local;Recarga;575578.771554914;6138125.12113581
Agencia de Quinielas 83/000;Av. 8 De Octubre 2953;24801614;Horario de atención del local;Recarga;577083.164176402;6139413.16870219
Agencia de Quinielas 85/007;De Herrera, Av. Dr. L. A. 3561;22017815;Horario de atención del local;Recarga;575578.929219478;6141476.46579016
Agencia de Quinielas 85/009;De Herrera, Av. Dr. L. A. 3590;22082421;Horario de atención del local;Recarga;575561.623210615;6141517.19991302
Agencia de Quinielas 88/014;Yegros 2042 Bis;23201188;Horario de atención del local;Recarga;570543.570840159;6148737.20495291
Agencia de Quinielas 88/023;Pinta 1881;23233697;Horario de atención del local;Recarga;568871.010286775;6149123.08766944
Agencia de Quinielas 88/033;Oficial 1 1906;23234837;Horario de atención del local;Recarga;567724.675742551;6150469.08710707
Agencia de Quinielas 88/040;Lezica, Av. 6341 Bis;23227730;Horario de atención del local;Recarga;568797.288460413;6149259.27347547
Agencia de Quinielas 89/012;Lezica, Av. 6400;094327703;Horario de atención del local;Recarga;568730.02904374;6149379.1076565
Agencia de Quinielas 89/020;Lezica, Av. 6406;23235764;Horario de atención del local;Recarga;568649.855994614;6149448.35560545
Agencia de Quinielas 55/033;San Jose 1262 Bis;29011153;Horario de atención del local;Recarga;574114.085635467;6136994.33153956
Agencia de Quinielas 56/017;Camejo, Soto Juan 1197;23080539;Horario de atención del local;Recarga;570182.666558246;6145015.96376299
Agencia de Quinielas 58/014;Bolivia, Av. 2244;26019804;Horario de atención del local;Recarga;583551.189902952;6139969.07394534
Agencia de Quinielas 58/040;Zum Felde, Alberto 2090;25227558;Horario de atención del local;Recarga;582339.802964665;6139957.64513527
Agencia de Quinielas 59/037;Confederada ;099509642 ;Horario de atención del local;Recarga;570730.526924901;6146679.73855284
Agencia de Quinielas 61/022;Larraya, Isidoro 4630;25247866;Horario de atención del local;Recarga;580496.040782575;6141005.03310798
Agencia de Quinielas 63/002;Bolivia, Av. 2130;26015017;Horario de atención del local;Recarga;583791.200007268;6139489.86406433
Agencia de Quinielas 65/042;De Las Instrucciones, Av. 4249;095562176;Horario de atención del local;Recarga;579135.473743013;6151057.8470632
Agencia de Quinielas 66/006;Marquez, Antonio Ma. 5299;23561611;Horario de atención del local;Recarga;571063.615798539;6146525.22770673
Agencia de Quinielas 66/017;Duran, Marin. 1116;092493627 ;Horario de atención del local;Recarga;579571.838594859;6149776.23054956
Agencia de Quinielas 67/000;Requena, Dr. Joaquin 2350;22035226;Horario de atención del local;Recarga;575629.539038112;6139436.49549997
Agencia de Quinielas 70/009;Yi 1584;29014810;Horario de atención del local;Recarga;574052.924627446;6137599.0405019
Agencia de Quinielas 71/029;Maldonado, Cno. 6796;25135974;Horario de atención del local;Recarga;582087.332361027;6145996.81061652
Agencia de Quinielas 75/009;Pintos Cardeiros, Manuel 5567;23202604;Horario de atención del local;Recarga;570667.606466162;6146929.64417793
Agencia de Quinielas 76/024;Yi 1409;29089974;Horario de atención del local;Recarga;574061.698468685;6137238.19369688
Agencia de Quinielas 88/019;Garzon, Av. Gral. Eugenio 0250;23042579;Horario de atención del local;Recarga;571005.520049658;6143381.12236647
Agencia de Quinielas 89/026;Pintos Cardeiros, Manuel 5451;23210436;Horario de atención del local;Recarga;570883.421320738;6146771.05191213
Agencia de Quinielas 91/024;Juanico 3688;25083629;Horario de atención del local;Recarga;578380.130621091;6140476.72800072
Agencia de Quinielas 93/026;Bolivia, Av. 2851;25220076;Horario de atención del local;Recarga;582588.91846315;6140683.73267751
Agencia de Quinielas 93/029;Carrasco, Camino ;26017537;Horario de atención del local;Recarga;582591.330863045;6140738.3884199
Agencia de Quinielas 93/039;Bolivia, Av. 2813;25221851;Horario de atención del local;Recarga;582667.556018196;6140636.44190352
Agencia de Quinielas 35/006;Nueva California 1303;23206684;Horario de atención del local;Recarga;570531.923907507;6146852.50143939
Agencia de Quinielas 36/001;21 De Setiembre 2696;27110693;Horario de atención del local;Recarga;576867.179163275;6135896.8129496
Agencia de Quinielas 39/028;Gomez, Maximo 1584;22024892;Horario de atención del local;Recarga;574557.819831178;6142804.93508513
Agencia de Quinielas 43/029;Burdeos 2527; ;Horario de atención del local;Recarga;567083.152979503;6140048.98113302
Agencia de Quinielas 43/038;Conciliacion 4287;23055185;Horario de atención del local;Recarga;570645.073304677;6142260.89711398
Agencia de Quinielas 44/000;21 De Setiembre 2458;27114939;Horario de atención del local;Recarga;576510.753757598;6136239.84193927
Agencia de Quinielas 49/034;Blanes, Juan Manuel  Esq. Ramirez, Av. Gon;24104336;Horario de atención del local;Recarga;575678.733038898;6136412.90330325
Agencia de Quinielas 50/003;Catala, Jose 2355;24862401;Horario de atención del local;Recarga;576828.227687975;6140376.31230485
Agencia de Quinielas 57/008;Lezica, Av. 6053;094353881;Horario de atención del local;Recarga;569765.326741558;6148698.01350788
Agencia de Quinielas 64/001;Pagola, Gral. 2102;24095406;Horario de atención del local;Recarga;575683.890850681;6138803.55071344
Agencia de Quinielas 66/030;Carbajal, Edo. D. 2762 Bis;094706932;Horario de atención del local;Recarga;573126.808010632;6140070.68943928
Agencia de Quinielas 67/022;Cufre 2198;094343701;Horario de atención del local;Recarga;575896.765505598;6139117.42589604
Agencia de Quinielas 68/040;Fynn, Enrique 5579;23206421 ;Horario de atención del local;Recarga;571282.274911005;6148902.29054749
Agencia de Quinielas 70/021;Callao 3512;22114685 ;Horario de atención del local;Recarga;577271.514257721;6142934.06332354
Agencia de Quinielas 81/023;De Pena, Carlos Maria 4379;23055961;Horario de atención del local;Recarga;572070.133530358;6143129.93359283
Agencia de Quinielas 85/034;San Martin, Av. Gral. 3382;22039562;Horario de atención del local;Recarga;575036.209393898;6141797.33997805
Agencia de Quinielas 55/021;Tellier, Carlos 4946;23072333;Horario de atención del local;Recarga;569288.662620927;6142758.12052928
Agencia de Quinielas 30/017;Paraguay 1015;29009987;Horario de atención del local;Recarga;573811.541010363;6136389.68080296
Agencia de Quinielas 07/016;Soriano 938;29022577;Horario de atención del local;Recarga;573458.407429804;6136851.67316719
Agencia de Quinielas 06/016;Durazno 1054;29011535;Horario de atención del local;Recarga;573726.404896706;6136549.51715402
Agencia de Quinielas 19/015;Sarandi 407;29154107;Horario de atención del local;Recarga;572475.049926931;6136871.71798526
Agencia de Quinielas 52/033;Mercado Del Puerto  Esq. Sin Datos De Call;29150143;Horario de atención del local;Recarga;571977.525443044;6137119.97069087
Agencia de Quinielas 68/006;Misiones 1359;29153359;Horario de atención del local;Recarga;572526.772202571;6136907.68488277
Agencia de Quinielas 41/045;Canelones 1164;29021823;Horario de atención del local;Recarga;573989.768464102;6136783.39739864
Agencia de Quinielas 58/003;Rio Negro 1156;29081063;Horario de atención del local;Recarga;573712.5080317;6136684.26856166
Agencia de Quinielas 07/020;Maldonado 996;29030201;Horario de atención del local;Recarga;573576.709098122;6136645.6579125
Agencia de Quinielas 37/000;Narvaja, Tristan 1661;24001978;Horario de atención del local;Recarga;574990.546127986;6137763.63932548
Agencia de Quinielas 33/000;Sarandi 546;29170288;Horario de atención del local;Recarga;572723.865228427;6136956.5817389
Agencia de Quinielas 49/000;Canelones 2202;24083308;Horario de atención del local;Recarga;576069.77250345;6136942.89624542
Agencia de Quinielas 08/000;Av. 8 De Octubre 3829;25089504;Horario de atención del local;Recarga;578624.151957977;6140538.51817032
Agencia de Quinielas 23/003;Uriarte, Mariano 6292;26046079;Horario de atención del local;Recarga;584994.26068471;6139279.58087299
Agencia de Quinielas 23/011;Italia, Av. ;26007806;Horario de atención del local;Recarga;584264.460522974;6139790.96178341
Agencia de Quinielas 94/030;Paz, Av. Gral. Jose Maria  Esq. Caramuru;26004812;Horario de atención del local;Recarga;584057.842220003;6138440.55425554
Agencia de Quinielas 58/035;Bolivia, Av.  Esq. San Marino, Av.;26016877;Horario de atención del local;Recarga;584741.512563025;6138652.07360257
Agencia de Quinielas 44/008;Hernani 1691;;Horario de atención del local;Recarga;583568.187888506;6139007.78801824
Agencia de Quinielas 41/005;Rene 1707;26016828;Horario de atención del local;Recarga;583300.697416383;6138877.35834788
Agencia de Quinielas 23/002;Cooper 2289;26006410;Horario de atención del local;Recarga;585072.765692863;6140459.91819224
Kiosco French;Rivera, Av.  Esq. French, Gral.;26046933;Horario de atención del local;Recarga;587271.348227931;6139689.92468323
Agencia de Quinielas 89/015;Besnes E Irigoyen, Cno. 5626;23206408;Horario de atención del local;Recarga;571104.509180877;6148498.54077556
Agencia de Quinielas 09/015;Av. 8 De Octubre 3491;25074626;Horario de atención del local;Recarga;578031.500098326;6140140.77582242
Agencia de Quinielas 12/023;Castriz, Ramon  Esq. Av. 8 De Octubre;25064755;Horario de atención del local;Recarga;579160.339399082;6141440.6706572
Agencia de Quinielas 30/022;De Mendoza, Av Pedro 6995;097136844;Horario de atención del local;Recarga;576304.962656887;6152483.83191461
Agencia de Quinielas 35/005;Besares 3295;25135092;Horario de atención del local;Recarga;578678.427495892;6143272.22331536
Agencia de Quinielas 14/019;Corrales, Cno. 3235 Bis;25067179;Horario de atención del local;Recarga;578243.778200416;6142469.21429176
Agencia de Quinielas 48/009;Arenal, Concepcion 1850;94987257;Horario de atención del local;Recarga;575132.056982073;6139753.12391911
Agencia de Quinielas 93/024;Gronardo 2959;25143299;Horario de atención del local;Recarga;579170.7474594;6142729.86711439
Agencia de Quinielas 70/025;Anador, Av. Ramon 3306;26285140;Horario de atención del local;Recarga;578079.295201802;6138126.08441654
Agencia de Quinielas 70/036;Iris 1997;098813492;Horario de atención del local;Recarga;571306.181949228;6148434.9820521
Agencia de Quinielas 73/015;Av. 18 De Julio 1915;24013617;Horario de atención del local;Recarga;575375.017165992;6137583.36307678
Agencia de Quinielas 74/008;Miranda, Hector 2417;27106365 ;Horario de atención del local;Recarga;576660.937998952;6135193.06724067
Agencia de Quinielas 75/003;Millan, Av. ;23555065 - 099113006;Horario de atención del local;Recarga;569439.746643269;6146025.62263998
Agencia de Quinielas 75/021;Badajoz 1778;094931274;Horario de atención del local;Recarga;571930.843186943;6147227.69711649
Agencia de Quinielas 75/043;Passadore, Alberico 1884;23211452;Horario de atención del local;Recarga;571269.676384783;6148092.46454591
Agencia de Quinielas 83/010;Av. 8 De Octubre 2680;24832683;Horario de atención del local;Recarga;576702.517830174;6138866.71565013
Agencia de Quinielas 88/003;Lister 6410;098546003;Horario de atención del local;Recarga;568213.50714774;6149072.21130588
Agencia de Quinielas 89/004;Newton 1574;23549656;Horario de atención del local;Recarga;572350.364135829;6146307.22767855
Agencia de Quinielas 90/009;Lopez, Cno. Carlos A. 8117;23208554 ;Horario de atención del local;Recarga;571047.780667285;6149490.22861418
Agencia de Quinielas 90/046;Casavalle, Cno. 5201;23587301 ;Horario de atención del local;Recarga;571944.612668628;6147000.68100879
Agencia de Quinielas 02/020;Coe, Comodoro 3417;24875705;Horario de atención del local;Recarga;578305.421019653;6138325.22591489
Agencia de Quinielas 04/000;Andes 1387;29010240;Horario de atención del local;Recarga;573245.338911476;6137124.10205428
Agencia de Quinielas 04/002;Av. 8 De Octubre 3340;24836651;Horario de atención del local;Recarga;577817.459493716;6139926.99565801
Agencia de Quinielas 50/041;Cantares Gallego 4542;23057727;Horario de atención del local;Recarga;572126.326170533;6144136.61029935
Agencia de Quinielas 05/050;Gomez, Francisco 877;23094428;Horario de atención del local;Recarga;572101.256359249;6141310.97122244
Agencia de Quinielas 07/002;Barreiro, Miguel 3004;27077048;Horario de atención del local;Recarga;577657.972474478;6137051.54663909
Agencia de Quinielas 07/039;Pereira, Gabriel Antonio 3033;091680748;Horario de atención del local;Recarga;577611.526551446;6136993.93665282
Agencia de Quinielas 10/043;Sosa, Cnel. Marcelino 2252;22044825;Horario de atención del local;Recarga;574449.844643655;6139352.1183768
Agencia de Quinielas 15/006;Llupes, Jose 5180;096515203;Horario de atención del local;Recarga;569587.223921499;6143851.69353405
Agencia de Quinielas 17/011;Murillo, Pedro Domingo 6073;26006239;Horario de atención del local;Recarga;584459.918260733;6139400.537218
Agencia de Quinielas 17/014;Castro, Cno. 694;095147186;Horario de atención del local;Recarga;572942.676052932;6143242.6965548
Agencia de Quinielas 19/030;Perez Castellano 1599;29151715;Horario de atención del local;Recarga;572024.533379427;6137172.28053206
Agencia de Quinielas 19/041;Millan, Av. 4512;23555588;Horario de atención del local;Recarga;572324.076030649;6144203.1474863
Agencia de Quinielas 24/034;Euskalerria, Rambla ;093981349;Horario de atención del local;Recarga;581051.515549975;6139517.85852501
Agencia de Quinielas 25/037;Linneo, Cno. Carlos 4035;22226690;Horario de atención del local;Recarga;579102.682228204;6150682.0509859
Agencia de Quinielas 26/003;Watt 1699;23583388;Horario de atención del local;Recarga;572380.751721423;6146576.92725012
Agencia de Quinielas 26/049;Garzon, Av. Gral. Eugenio 1307;23558784;Horario de atención del local;Recarga;571319.152249423;6146266.6149361
Agencia de Quinielas 27/011;Requena, Dr. Joaquin 3017;22030466;Horario de atención del local;Recarga;575503.165067903;6140868.33104486
Agencia de Quinielas 30/006;Batlle Y Ordoñez, Br. Jose 2438;095695077;Horario de atención del local;Recarga;578511.656078806;6139464.24487487
Salón Paredes;De Herrera, Av. Dr. L. A. 3245 Bis;24870297;Horario de atención del local;Recarga;576359.083828555;6140936.09597568
Agencia de Quinielas 31/019;Tula, Cno. Cap. 5089;22223634;Horario de atención del local;Recarga;576124.529028617;6146241.42198701
Agencia de Quinielas 32/018;Millan, Av. 4650;099888286;Horario de atención del local;Recarga;571909.365656999;6144511.50572749
Agencia de Quinielas 32/019;Carape, Felipe 4466;23367146;Horario de atención del local;Recarga;573678.116621139;6142879.70166409
Agencia de Quinielas 39/015;Ituzaingo 1266;29152798;Horario de atención del local;Recarga;572792.997391714;6136815.07119548
Agencia de Quinielas 42/041;Meteorito S110;22276387;Horario de atención del local;Recarga;580023.772591075;6148311.79044043
Agencia de Quinielas 47/028;Blanco, Juan Benito 1171;095315530;Horario de atención del local;Recarga;578051.178567925;6136501.65056751
Agencia de Quinielas 49/028;Artigas, Bvar. 1149;24015423;Horario de atención del local;Recarga;576398.46432823;6136807.17987465
Agencia de Quinielas 53/015;Versailles 523;23043398;Horario de atención del local;Recarga;571695.24149551;6143684.50966987
Agencia de Quinielas 55/012;Av. 18 De Julio 1218;29019765;Horario de atención del local;Recarga;574033.202200554;6137092.69443109
Agencia de Quinielas 56/014;Albeniz 1344;23238068;Horario de atención del local;Recarga;570022.344936023;6147685.40189258
Agencia de Quinielas 58/019;Colon 1507 Bis;29169191;Horario de atención del local;Recarga;572164.867706349;6137067.70002901
Agencia de Quinielas 61/005;Lanza, Dr. Aquiles 1101;29012527;Horario de atención del local;Recarga;574211.538554184;6136607.47858909
Agencia de Quinielas 62/017;Penco, Jose Maria. 3205;22043985;Horario de atención del local;Recarga;575049.894245776;6141135.78939674
Agencia de Quinielas 63/048;Barreiro, Miguel 3277;27067971;Horario de atención del local;Recarga;577980.195901469;6136620.0392555
Agencia de Quinielas 64/007;Acevedo Diaz 2105;099216633;Horario de atención del local;Recarga;575995.819245429;6139072.35255957
Agencia de Quinielas 64/009;Monte Caseros 2590;093739813;Horario de atención del local;Recarga;576319.578188555;6139026.07260933
Agencia de Quinielas 64/018;Flores, Av. Gral. 5029;22155404;Horario de atención del local;Recarga;577746.717159142;6144473.07445744
Agencia de Quinielas 64/036;Flores, Av. Gral. ;092287641;Horario de atención del local;Recarga;578512.667038571;6145525.36436269
Agencia de Quinielas 64/041;Cruz, Osvaldo 5077;25134022;Horario de atención del local;Recarga;579096.400544296;6143331.3987751
Agencia de Quinielas 64/048;Chimborazo 3307;22162211;Horario de atención del local;Recarga;576704.204682145;6143248.36602249
Agencia de Quinielas 66/015;Italia, Av. 4095;26194756;Horario de atención del local;Recarga;580105.412448197;6139171.28365787
Agencia de Quinielas 66/016;Liberia 125;093320637;Horario de atención del local;Recarga;566607.438743178;6139858.26312001
Agencia de Quinielas 67/009;Calamet, Alberto N. 4691;25117791;Horario de atención del local;Recarga;578187.338308961;6143086.7766415
Agencia de Quinielas 67/020;De Amezaga, Dr. Juan J. 2052;22091815;Horario de atención del local;Recarga;575500.899999162;6139396.63322352
Agencia de Quinielas 67/024;Aramburu, Domingo 2039;22033889;Horario de atención del local;Recarga;575560.457442344;6139581.46516167
Agencia de Quinielas 67/026;Blandengues 1818;22034990;Horario de atención del local;Recarga;574935.308269895;6139442.75943182
Agencia de Quinielas 68/028;Ituzaingo 1473;29158316;Horario de atención del local;Recarga;572635.558748593;6137191.95884201
Agencia de Quinielas 68/044;Vidiella, Cno. 5712;23238632;Horario de atención del local;Recarga;571445.656579276;6148713.48406831
Agencia de Quinielas 69/008;Dodera, Dr. Elbio 6004;23207603;Horario de atención del local;Recarga;570423.050147528;6149996.54073205
Agencia de Quinielas 69/020;Paz, La 2193;24014265;Horario de atención del local;Recarga;575670.565944644;6138385.65675713
Agencia de Quinielas 69/028;Yrigoyen, Hipolito 1706;26142786;Horario de atención del local;Recarga;581378.575206773;6138897.53452817
Agencia de Quinielas 69/044;De Mendoza, Av Pedro 6126;22201188;Horario de atención del local;Recarga;576352.020960764;6149853.57578401
Agencia de Quinielas 73/011;Gomez, Gral. Leandro 3362;22110427;Horario de atención del local;Recarga;577456.114952729;6145349.35704308
Agencia de Quinielas 74/018;Pereira, Gabriel Antonio 3036 Bis;094688525;Horario de atención del local;Recarga;577672.838725353;6136876.29866329
Agencia de Quinielas 75/002;De La Redencion, Cno. 9901 Bis;23229679;Horario de atención del local;Recarga;563883.603256531;6153329.32400151
Kiosco El 12;Lezica, Av.  Esq. Peabody;23233796;Horario de atención del local;Recarga;568514.269338817;6149558.27374921
Agencia de Quinielas 75/017;Requena, Dr. Joaquin 2165;24087908;Horario de atención del local;Recarga;575639.890055493;6139052.34343297
Agencia de Quinielas 75/019;Fauquet, Cno. 7097;23234006;Horario de atención del local;Recarga;569324.970108347;6149719.4310493
Agencia de Quinielas 75/033;Isla Del Tigre 470k;23129011;Horario de atención del local;Recarga;559659.611085851;6149831.98503241
Agencia de Quinielas 76/013;Chamberlain 4660;23597176;Horario de atención del local;Recarga;573349.894533057;6146398.77206201
Agencia de Quinielas 77/014;Tomkinson, Cno. 2925;23123793;Horario de atención del local;Recarga;565542.750111548;6143845.79133344
Agencia de Quinielas 77/023;De Herrera, Juan 2419;23135255;Horario de atención del local;Recarga;566575.632140131;6143253.67095247
Agencia de Quinielas 77/050;Garcia, Jorge. 208;23141391;Horario de atención del local;Recarga;566074.832683592;6141735.49152142
Agencia de Quinielas 78/002;Pereira, Gabriel Antonio 3136;27085482;Horario de atención del local;Recarga;577804.014657882;6136712.48342342
Agencia de Quinielas 78/047;Pereira, Gabriel Antonio 2854;27050633;Horario de atención del local;Recarga;577362.477760333;6137211.53811191
Agencia de Quinielas 80/002;Pernambuco 1867;23132980;Horario de atención del local;Recarga;568100.902692522;6141388.83170692
Agencia de Quinielas 80/031;Congreso De Avalos 5290;23133917;Horario de atención del local;Recarga;567130.043759253;6142369.50342903
Agencia de Quinielas 83/012;De La Paz A Mendoza, Cno. 3388;23206541;Horario de atención del local;Recarga;571593.091809908;6152761.05720864
Agencia de Quinielas 04/001;Puntas De Soto 5133;25135158;Horario de atención del local;Recarga;580199.400785055;6142819.07487523
Agencia de Quinielas 05/012;Hornos, Gral. 5378;23075832;Horario de atención del local;Recarga;569788.186955749;6144487.97011063
Agencia de Quinielas 08/006;Italia, Av. 5775;26014482;Horario de atención del local;Recarga;583812.610333074;6139682.20488007
Agencia de Quinielas 08/012;Cabrera, Jose Antonio 3687;25083711;Horario de atención del local;Recarga;578524.325196304;6140259.44689219
Agencia de Quinielas 19/021;Rondeau, Av. Gral. Jose 1507;29001227;Horario de atención del local;Recarga;573831.66573784;6137422.82557877
Agencia de Quinielas 23/000;Arocena, Dr. Alfredo 1568;26018093;Horario de atención del local;Recarga;586204.885262485;6138752.0881449
Agencia de Quinielas 30/004;Hornos, Gral. 4859;23042419;Horario de atención del local;Recarga;571020.539277527;6143608.58029747
Agencia de Quinielas 36/004;Cooper 2390;26044581  ;Horario de atención del local;Recarga;585062.784962834;6140959.87571071
Agencia de Quinielas 36/023;Carrasco, Camino 4337 Bis;25066765;Horario de atención del local;Recarga;579932.362517404;6140693.66368323
Agencia de Quinielas 39/025;Italia, Av. 3700;25075700  ;Horario de atención del local;Recarga;579224.720092881;6139141.01867562
Agencia de Quinielas 45/002;Tambor 2112;23132340;Horario de atención del local;Recarga;564473.862842159;6139212.1145731
Agencia de Quinielas 46/010;Rodriguez, Senen M. 4777;23591180  ;Horario de atención del local;Recarga;573070.897228241;6146415.30479614
Agencia de Quinielas 65/019;Paysandu 1144;29024918  ;Horario de atención del local;Recarga;573827.349714531;6137499.38519407
Agencia de Quinielas 77/000;Grecia 4249;23111529;Horario de atención del local;Recarga;568428.370686196;6140539.31146991
Agencia de Quinielas 27/003;Batlle Y Ordoñez, Br. Jose 3359 Bis;095402244;Horario de atención del local;Recarga;577049.293752732;6140764.06740291
Agencia de Quinielas 27/017;Garibaldi, Av. Gral. 2076;22000870 099686239;Horario de atención del local;Recarga;575435.769475251;6140121.16182489
Agencia de Quinielas 28/002;Cufre  Esq. Itapebi;22086396;Horario de atención del local;Recarga;575768.079868426;6140230.98710504
Salon Mabel;Cufre 2662;22033659;Horario de atención del local;Recarga;575792.874215085;6140156.80785324
Agencia de Quinielas 28/021;De Las Instrucciones, Av. 4274;22275706;Horario de atención del local;Recarga;579354.766961782;6151264.34633797
Agencia de Quinielas 36/027;Londres 3319;25071716;Horario de atención del local;Recarga;577758.329107901;6142532.90305712
Agencia de Quinielas 40/003;Roldos Y Pons, Jaime 3981;22197685;Horario de atención del local;Recarga;577221.433791042;6142101.14023546
Agencia de Quinielas 48/038;Pedernal 2152 Bis;22002767;Horario de atención del local;Recarga;575904.276995831;6140497.47433909
Agencia de Quinielas 54/001;Comercio 1938;25082794;Horario de atención del local;Recarga;579428.664552909;6139242.61640346
Agencia de Quinielas 54/007;Sosa, Agustin 3489;25049890;Horario de atención del local;Recarga;578476.343192694;6139779.85499554
Agencia de Quinielas 54/018;Comercio 1993;25062217;Horario de atención del local;Recarga;579267.940833424;6139372.55072366
Agencia de Quinielas 54/034;Comercio 2263;25076777;Horario de atención del local;Recarga;578755.742222827;6139887.14236046
Agencia de Quinielas 65/045;Serrato, Ing. Jose 3351;22118092;Horario de atención del local;Recarga;577443.55975035;6142196.64067911
Agencia de Quinielas 66/020;Mercedes 1151;29085061;Horario de atención del local;Recarga;573855.115886138;6137302.35926101
Agencia de Quinielas 67/012;Sainz Rosas, Fco. 4601 Bis;25112788;Horario de atención del local;Recarga;578248.782285709;6142883.95987274
Agencia de Quinielas 67/016;De Amezaga, Dr. Juan J. 2212;22085671;Horario de atención del local;Recarga;575868.423706606;6139468.78859942
Agencia de Quinielas 67/019;Garibaldi, Av. Gral. 2148;22000827;Horario de atención del local;Recarga;575552.503296916;6140035.13475047
Agencia de Quinielas 67/021;Garibaldi, Av. Gral. 2250;22080914 099639443;Horario de atención del local;Recarga;575747.70199183;6139877.92128629
Agencia de Quinielas 68/012;Elcano, J. Sebastian 3501;22163662;Horario de atención del local;Recarga;577164.380113807;6142360.47483043
Agencia de Quinielas 79/035;Miguelete 2142 Bis;24024757;Horario de atención del local;Recarga;575532.620241624;6138578.21989642
Agencia de Quinielas 83/017;Raña, Emilio 3161;25070581;Horario de atención del local;Recarga;577382.590134032;6140552.64295651
Agencia de Quinielas 85/032;Roldos Y Pons, Jaime 4051;22116118;Horario de atención del local;Recarga;577253.663510179;6142161.42307175
Agencia de Quinielas 02/002;Anador, Av. Ramon 3535 Bis;094493036;Horario de atención del local;Recarga;578605.826256034;6138319.54488248
Agencia de Quinielas 04/012;Rondeau, Av. Gral. Jose 2459;22032109;Horario de atención del local;Recarga;573671.422450024;6139445.25516752
Agencia de Quinielas 04/026;Ramirez, Av. Dr. C. Ma. 2001;23153787;Horario de atención del local;Recarga;567814.15751572;6140548.87129791
Agencia de Quinielas 05/031;Lamolle, Ing. Juan P. 1862;23236021 ;Horario de atención del local;Recarga;569241.12547392;6148646.3083768
Agencia de Quinielas 05/049;Lerena De Blixen Josefina 1865;23205670;Horario de atención del local;Recarga;572257.127801835;6147265.94650972
Agencia de Quinielas 11/002;Blandengues 1909;22007071 ;Horario de atención del local;Recarga;575100.261402142;6139420.00284676
Agencia de Quinielas 11/003;Nueva Palmira 1627;29290495 ;Horario de atención del local;Recarga;574831.451643509;6138934.99643767
Agencia de Quinielas 14/011;Lutecia 3718;25146996;Horario de atención del local;Recarga;579737.518348915;6144563.22466074
Salon Naranjito;Genova 3405;25111476;Horario de atención del local;Recarga;580860.748089741;6144765.88531119
Agencia de Quinielas 17/012;Melilla, Cno. 6420;23234213;Horario de atención del local;Recarga;568578.769133095;6146582.84087177
Agencia de Quinielas 24/011;Ricaldoni, Dr. Americo  Esq. Italia, Av.;24816201;Horario de atención del local;Recarga;577303.373338128;6138618.66450961
Agencia de Quinielas 25/046;Artigas, Bvar. Gral. 644;27122562;Horario de atención del local;Recarga;576517.45998065;6135851.28023322
Agencia de Quinielas 26/035;Calle 5 5603;23547727;Horario de atención del local;Recarga;570146.905395018;6145899.91306076
Agencia de Quinielas 29/040;Laguna, Julian 5556;23047803 ;Horario de atención del local;Recarga;568865.643955142;6144240.4230505
Agencia de Quinielas 29/091;Acevedo, Eduardo 1527;24005933;Horario de atención del local;Recarga;575220.759934822;6137558.23714898
Agencia de Quinielas 31/005;Varela, Av. Jose P. 3915;095165794;Horario de atención del local;Recarga;578000.816128807;6142043.52141477
Agencia de Quinielas 32/008;Calle 1 0000;094618707;Horario de atención del local;Recarga;568651.187461487;6146580.63580215
Agencia de Quinielas 33/006;Buenos Aires 444 Bis;098444154;Horario de atención del local;Recarga;572568.893140797;6136781.36245591
Agencia de Quinielas 33/016;Artigas, Bvar. ;23089235;Horario de atención del local;Recarga;572863.490402961;6140839.02928
Agencia de Quinielas 01/016;Yaguaron 1412;29000873;Horario de atención del local;Recarga;574182.293992382;6137248.41794445
Agencia de Quinielas 01/022;Vignale, Dr. Bartolome 4127;097570304;Horario de atención del local;Recarga;578624.867427143;6146655.41772759
Agencia de Quinielas 02/050;Nuñez De Arce 4380 Bis;25084408;Horario de atención del local;Recarga;579938.142244602;6140957.90417481
Agencia de Quinielas 03/011;Peru 2118;23113021;Horario de atención del local;Recarga;567650.906543508;6140039.70208409
Agencia de Quinielas 04/020;De Las Instrucciones, Av. 5355;22202362;Horario de atención del local;Recarga;581282.17745663;6153486.0147205
Agencia de Quinielas 05/021;De Pena, Carlos Maria 5346;23094993;Horario de atención del local;Recarga;570164.058609892;6144448.39266144
Explanada Municipal;Av. 18 De Julio  Esq. Ejido;29032514;Horario de atención del local;Recarga;574303.197967888;6137105.36646823
Agencia de Quinielas 08/022;Uruguay, Av. 1104;29029825;Horario de atención del local;Recarga;573785.692010786;6137386.93042845
Agencia de Quinielas 08/050;Carrasco, Camino 5990;26062025;Horario de atención del local;Recarga;583495.730212587;6140873.25873418
Agencia de Quinielas 11/000;Blandengues 1751;22034941;Horario de atención del local;Recarga;574847.111463246;6139509.02611967
Agencia de Quinielas 11/001;Flores, Av. Gral. 2937 Bis;22081925;Horario de atención del local;Recarga;575224.1564265;6140729.22269619
Agencia de Quinielas 14/002;Bolivia, Av. 2551;25220495;Horario de atención del local;Recarga;582844.598652241;6140494.32180233
Que Apostamos;Bolivia, Av. 2551;25259446;Horario de atención del local;Recarga;582853.863632774;6140498.00884447
Agencia de Quinielas 15/022;Rivera Indarte. 4413;23079191;Horario de atención del local;Recarga;569621.816608483;6141677.83562019
Agencia de Quinielas 16/006;Perez Bravo, Silvestre 5840;23077691;Horario de atención del local;Recarga;569458.563984071;6145129.05236562
Agencia de Quinielas 17/010;De Las Instrucciones, Av. 2756;22271947;Horario de atención del local;Recarga;576078.860743481;6147429.14537352
Agencia de Quinielas 17/020;Mazzei, Luis 5106;22276771;Horario de atención del local;Recarga;575567.617806228;6146793.11769665
Agencia de Quinielas 17/022;Zum Felde, Alberto 2097;099834312;Horario de atención del local;Recarga;582133.552399881;6140113.99208432
Agencia de Quinielas 18/004;Gomez, Hernan 4453;25071320;Horario de atención del local;Recarga;580248.190974276;6141312.64558583
Agencia de Quinielas 19/029;San Martin, Av. Gral. 2654;22009219;Horario de atención del local;Recarga;574393.327714323;6140269.5425389
Agencia de Quinielas 22/009;Calle A 4699;22202449;Horario de atención del local;Recarga;577807.205790329;6149117.04672006
Agencia de Quinielas 22/036;Spencer 4829;25256636;Horario de atención del local;Recarga;580459.409238041;6141559.11317723
Agencia de Quinielas 23/001;Etna 5894;092440846 ;Horario de atención del local;Recarga;583354.695087288;6140672.91278877
Agencia de Quinielas 23/009;Isla De Gaspar 2467;098662624;Horario de atención del local;Recarga;579794.098899952;6140581.6336063
Agencia de Quinielas 24/015;De Duran, Jose 1226;098845744;Horario de atención del local;Recarga;570486.540962956;6144981.47132851
Agencia de Quinielas 26/008;De Las Instrucciones, Av. 5469;22222845;Horario de atención del local;Recarga;580971.83534515;6153126.64717988
Agencia de Quinielas 26/025;Ariel, Cno. 4842;23555062;Horario de atención del local;Recarga;571655.676692394;6145126.78869653
Agencia de Quinielas 26/047;Marin 1225;23204205;Horario de atención del local;Recarga;570758.219735989;6146499.30757956
Agencia de Quinielas 27/013;Berges, Cno. Benito 3707;22273187;Horario de atención del local;Recarga;580295.081171838;6149785.02008713
Agencia de Quinielas 28/018;Garibaldi, Av. Gral. 1688;22004389;Horario de atención del local;Recarga;574719.104971657;6140487.0368439
Agencia de Quinielas 29/014;Monterroso De Lavalleja, Ana 2104;24099426;Horario de atención del local;Recarga;575909.759420007;6137665.44828573
Agencia de Quinielas 30/011;Maldonado 1309;29043537;Horario de atención del local;Recarga;574238.037331115;6136709.29679728
Agencia de Quinielas 30/025;Italia, Av. 4776;26190521;Horario de atención del local;Recarga;581859.240964431;6139211.66414983
Agencia de Quinielas 30/033;Olivera, Edrulfo 4080;22200827;Horario de atención del local;Recarga;579713.98748897;6150099.39583732
Agencia de Quinielas 31/042;De Mendoza, Av Pedro 5104;22202396;Horario de atención del local;Recarga;576958.496817312;6147295.60241193
Agencia de Quinielas 35/008;Garzon, Av. Gral. Eugenio 597;23063158;Horario de atención del local;Recarga;571122.279303504;6144218.7594713
Agencia de Quinielas 42/019;Belloni, Av. Jose 5908;22220833;Horario de atención del local;Recarga;579048.918130299;6149697.67761511
Agencia de Quinielas 46/026;Raiz, Cno. Cnel. 1709;23554437;Horario de atención del local;Recarga;573092.228295394;6146245.78482166
Agencia de Quinielas 48/000;Flores, Av. Gral. 2505;22090034;Horario de atención del local;Recarga;574747.824936827;6139840.22452684
Agencia de Quinielas 54/002;Sanguinetti, Felipe 2157;25074660;Horario de atención del local;Recarga;578598.935992011;6139453.84700627
Agencia de Quinielas 55/002;San Jose 1144;29033561;Horario de atención del local;Recarga;573861.675490483;6136975.30129871
Agencia de Quinielas 55/014;Rondeau, Av. Gral. Jose 1458;29002387;Horario de atención del local;Recarga;573856.857858469;6137329.12887777
Agencia de Quinielas 01/006;Roxlo, Carlos 1530;24098625;Horario de atención del local;Recarga;574691.364116954;6137536.17923242
Agencia de Quinielas 02/010;Juarez, Benito 3425;24818695;Horario de atención del local;Recarga;576214.047628046;6141323.25551923
Agencia de Quinielas 02/024;Larravide 2991;25089678;Horario de atención del local;Recarga;578175.85553398;6141344.65192822
Agencia de Quinielas 02/026;Coruña 2979;095241308;Horario de atención del local;Recarga;577781.178913489;6141046.45826921
Agencia de Quinielas 03/028;Grecia 3697;23151981;Horario de atención del local;Recarga;568601.098160684;6139451.82971321
Agencia de Quinielas 06/008;Atahona 3611;23362274 ;Horario de atención del local;Recarga;574085.363212865;6143100.66770066
Agencia de Quinielas 06/031;Pesaro 3085;25079828;Horario de atención del local;Recarga;577021.644480933;6141128.18214548
Agencia de Quinielas 08/016;Irureta Goyena, Dr. Jose 3035;25066434;Horario de atención del local;Recarga;578206.354519129;6141501.54561019
Agencia de Quinielas 08/021;Serrato, Ing. Jose 3081;25078200;Horario de atención del local;Recarga;577854.177102703;6141461.73584346
Agencia de Quinielas 09/048;Apostoles 3519;25087556;Horario de atención del local;Recarga;577612.4401646;6140862.67660952
Agencia de Quinielas 10/045;Mercedes 866;095141828;Horario de atención del local;Recarga;573293.323797155;6137240.39012427
Agencia de Quinielas 11/006;Chiavari 3168;24810090;Horario de atención del local;Recarga;576953.584507575;6140697.55226447
Agencia de Quinielas 11/008;Madreselva 3808;25080695;Horario de atención del local;Recarga;577365.698324134;6141539.40511316
Agencia de Quinielas 11/018;Serrato, Ing. Jose 3150 Bis;25077036;Horario de atención del local;Recarga;577737.168099106;6141665.90935776
Agencia de Quinielas 11/050;Serratosa, Dr. Antonio 3800 Bis;25060791;Horario de atención del local;Recarga;577678.339206419;6141800.05004624
Agencia de Quinielas 12/022;Reconquista 247;092939145;Horario de atención del local;Recarga;572244.548513171;6136571.7687488
Salón San Cono;25 De Mayo 223;29166122;Horario de atención del local;Recarga;572078.176626504;6136930.306816
Agencia de Quinielas 13/008;Quesada, Cnel. Juan Jose 3654;22082869;Horario de atención del local;Recarga;575639.109769178;6141834.74778214
Agencia de Quinielas 14/023;Sainz Rosas, Fco. 4705;25146212;Horario de atención del local;Recarga;578410.979564659;6143024.08957716
Agencia de Quinielas 14/032;Pasaje E 5974;25132209;Horario de atención del local;Recarga;581937.465817318;6144086.22868717
Agencia de Quinielas 14/040;San Borja 2914;25220242;Horario de atención del local;Recarga;582948.672392954;6141267.73789989
Agencia de Quinielas 14/091;Maldonado, Cno. 5502;25117135;Horario de atención del local;Recarga;579936.790964857;6143695.20085833
Agencia de Quinielas 16/026;De Herrera, Av. Dr. L. A. 2348;24861719;Horario de atención del local;Recarga;577664.815717646;6139375.86757337
Agencia de Quinielas 17/036;Colman, Antigua Cont. Cno. 5794;22227642 ;Horario de atención del local;Recarga;575521.39752594;6147356.11613836
Agencia de Quinielas 18/006;Crocker, Carlos 2752;25072859;Horario de atención del local;Recarga;577730.47434532;6140457.20086961
Agencia de Quinielas 18/007;Irureta Goyena, Dr. Jose 2886;25087713;Horario de atención del local;Recarga;578380.430523092;6141195.287452
Agencia de Quinielas 18/031;Corrales, Cno. 2721;25074759;Horario de atención del local;Recarga;579011.728525883;6141506.83397674
Agencia de Quinielas 21/016;Blanco, Juan Benito 855;27109444;Horario de atención del local;Recarga;577646.836945663;6135966.08532941
Agencia de Quinielas 21/024;Austria 1734;23157119;Horario de atención del local;Recarga;568469.893072063;6139858.60822714
Agencia de Quinielas 22/002;Guayabo 1943;24089835;Horario de atención del local;Recarga;575441.162095664;6137460.59948454
Kiosco Palmar;Palmar  Esq. Artigas, Bvar. Gral.;094404109;Horario de atención del local;Recarga;576320.190805241;6137631.42339978
Agencia de Quinielas 22/026;Palmar 2330;27087021;Horario de atención del local;Recarga;576441.484543543;6137625.75264255
Agencia de Quinielas 22/040;Acevedo Diaz 1590;24017614;Horario de atención del local;Recarga;576119.581608875;6137867.10670557
Agencia de Quinielas 23/007;Arocena, Dr. Alfredo 1691;26041770;Horario de atención del local;Recarga;586029.131238388;6139129.28039913
Agencia de Quinielas 25/009;Chana 2353 Bis;24011801;Horario de atención del local;Recarga;576279.422278734;6137333.53659235
Agencia de Quinielas 25/015;Ramon, Dr. Gaston 2392;096695972;Horario de atención del local;Recarga;576448.061038736;6137734.82942835
Agencia de Quinielas 25/026;Pouey, Dr. Enrique 2548;099453300;Horario de atención del local;Recarga;576860.985548212;6137649.29893149
Agencia de Quinielas 25/033;Rivera, Av. Gral. 2303;24007250;Horario de atención del local;Recarga;576258.106240154;6137516.59868174
Agencia de Quinielas 25/042;Cassinoni, Mario. 1461 Bis;24006272;Horario de atención del local;Recarga;576229.171916348;6137629.85324051
Agencia de Quinielas 26/028;Millan, Av. 5168;23554932;Horario de atención del local;Recarga;570667.935168431;6145405.05667284
Agencia de Quinielas 26/046;Ariel, Cno. 5031;23551579;Horario de atención del local;Recarga;571328.303313826;6145338.17181837
Agencia de Quinielas 27/004;Ibiray 2270;27110184 098608515;Horario de atención del local;Recarga;576305.143197991;6135849.94927108
Agencia de Quinielas 27/034;Larrañaga, Av. Damaso 3648 Bis;25094175;Horario de atención del local;Recarga;577505.76364681;6141239.77318889
Agencia de Quinielas 56/019;San Quintin 4296;23045856;Horario de atención del local;Recarga;571156.344572526;6142800.25879894
Agencia de Quinielas 57/046;Lisboa 5356;098041040;Horario de atención del local;Recarga;579266.650757477;6143871.70449995
Agencia de Quinielas 61/000;Ejido 1315;29012565;Horario de atención del local;Recarga;574280.635995548;6137049.76416446
Agencia de Quinielas 61/006;Pasaje Articulo 45 S74;093937889;Horario de atención del local;Recarga;575386.751399192;6146731.94434904
Agencia de Quinielas 65/001;Av. 18 De Julio 2034;24082044;Horario de atención del local;Recarga;575678.590596729;6137687.65929289
Agencia de Quinielas 65/009;Av. 18 De Julio 2080;24013072;Horario de atención del local;Recarga;575794.769115656;6137748.25035124
Agencia de Quinielas 66/025;Agraciada, Av. 2686;22098513;Horario de atención del local;Recarga;573588.639010815;6139685.8086801
Agencia de Quinielas 67/003;Garibaldi, Av. Gral. 2401;22000336;Horario de atención del local;Recarga;576137.420609028;6139506.25949114
Agencia de Quinielas 69/018;Rivera, Av. 2100;24030444;Horario de atención del local;Recarga;575790.191728893;6137471.46677427
Agencia de Quinielas 70/000;Yaguaron 1450;29080907;Horario de atención del local;Recarga;574179.001825706;6137315.65344585
Agencia de Quinielas 71/033;Areguati 3195 Bis;25148093;Horario de atención del local;Recarga;580044.897580832;6142903.2728305
Agencia de Quinielas 73/019;Zapican 2564;22035425;Horario de atención del local;Recarga;573831.144510105;6139861.41517062
Agencia de Quinielas 73/020;Calle D 548;25087791;Horario de atención del local;Recarga;579203.989010653;6145594.06056903
Agencia de Quinielas 73/025;Piñeyrua, Pedro 4939;25140420;Horario de atención del local;Recarga;578301.91464091;6143602.73074323
Agencia de Quinielas 78/025;Rivera, Av. 2459 Bis;27069593 ;Horario de atención del local;Recarga;576526.721728251;6137438.60655308
Agencia de Quinielas 79/009;Acevedo Diaz 1484 Bis;24033930 ;Horario de atención del local;Recarga;576141.639739716;6137651.98707407
Agencia de Quinielas 79/015;Aconcagua 4857;092024636;Horario de atención del local;Recarga;581867.303626521;6138263.88492492
Agencia de Quinielas 80/019;Prusia 1948;23139730 ;Horario de atención del local;Recarga;568167.085272593;6139204.20819087
Agencia de Quinielas 80/048;Islas Canarias, Av. 5350;23072008 ;Horario de atención del local;Recarga;570323.366589511;6144678.07285001
Agencia de Quinielas 81/034;Lamas, Dr. Andres 3318;24871672;Horario de atención del local;Recarga;576163.509229422;6141291.5132808
Agencia de Quinielas 83/025;Irureta Goyena, Dr. Jose 3198;25062989 ;Horario de atención del local;Recarga;578170.400006688;6141637.26888363
Agencia de Quinielas 88/009;Molinos De Raffo 976;23576311 ;Horario de atención del local;Recarga;572345.228865496;6144554.76773026
Agencia de Quinielas 88/013;Oficial 3 6055;097496321;Horario de atención del local;Recarga;568657.679870326;6145456.25702989
Agencia de Quinielas 89/018;Perez De Marchena, Juan 5383;23240217 ;Horario de atención del local;Recarga;571838.682637247;6148260.9275428
Agencia de Quinielas 89/049;Viera, Roque 1777;23214307 ;Horario de atención del local;Recarga;571572.03732234;6147534.37689834
Agencia de Quinielas 89/050;De Las Instrucciones, Av. 1925;23554543;Horario de atención del local;Recarga;574467.509502578;6145598.68944279
Agencia de Quinielas 93/036;Belloni, Av. Jose 5891;096235717;Horario de atención del local;Recarga;579019.216889463;6149616.52887114
Agencia de Quinielas 85/017;Pugnalini, Dr. Jose 1822 Bis;22042528;Horario de atención del local;Recarga;574932.261299388;6141371.20607383
Agencia de Quinielas 85/019;Acosta, Juan 4324;22118091;Horario de atención del local;Recarga;576261.010480565;6143341.78660217
Agencia de Quinielas 88/018;Millan, Av. 4492;23593238;Horario de atención del local;Recarga;572429.91254393;6144127.89545437
Agencia de Quinielas 88/022;Isolica 6365;23229739;Horario de atención del local;Recarga;568325.711876495;6148574.42529254
Agencia de Quinielas 88/035;De Herrera, Av. Dr. L. A. 4462;096739081;Horario de atención del local;Recarga;573603.76609778;6142444.2224398
Agencia de Quinielas 88/036;Zubiria, Alberto 942;23591314;Horario de atención del local;Recarga;573491.880920353;6143608.50816897
Agencia de Quinielas 89/019;Castro, Cno. 553;23054627;Horario de atención del local;Recarga;572612.009880263;6143141.62675338
Agencia de Quinielas 89/021;Besnes E Irigoyen, Cno. 5276;096574570;Horario de atención del local;Recarga;571982.586514858;6147877.5171953
Agencia de Quinielas 89/029;Casavalle, Cno. 5457;23204539;Horario de atención del local;Recarga;571228.758472141;6147511.09591587
Agencia de Quinielas 89/041;Isolica 6244;094735247;Horario de atención del local;Recarga;568726.048514953;6148187.27233701
Agencia de Quinielas 89/046;Senda 12  Esq. Sin Datos De Calle;23207624;Horario de atención del local;Recarga;570375.528594695;6148976.82401953
Agencia de Quinielas 91/007;Roxlo, Carlos 1268;095571343;Horario de atención del local;Recarga;574877.79821474;6136994.10014122
Agencia de Quinielas 91/010;Saravia, Bvar. Aparicio 3333;097078655;Horario de atención del local;Recarga;577734.74128048;6145077.4998032
Agencia de Quinielas 91/011;Flores, Av. Gral. 5483;22169169;Horario de atención del local;Recarga;578455.695289173;6145504.22524896
Agencia de Quinielas 93/009;Barros Arana 5268;25115232;Horario de atención del local;Recarga;579221.935993482;6143575.08447906
Agencia de Quinielas 93/028;Corrales, Cno. 3456;25116481;Horario de atención del local;Recarga;578016.312342492;6143058.40039272
Agencia de Quinielas 93/048;Gronardo 3094 Bis;25132527;Horario de atención del local;Recarga;578947.935193153;6142929.86774616
Agencia de Quinielas 94/013;Colonia 1955;24010320;Horario de atención del local;Recarga;575439.13237481;6137746.30993172
Agencia de Quinielas 40/008;Veracierto 3070;25060637 095503812;Horario de atención del local;Recarga;579906.087721646;6142376.014688
Agencia de Quinielas 40/091;Rincon 725;29023020;Horario de atención del local;Recarga;573029.10999305;6137185.38715119
Agencia de Quinielas 42/020;Rafael 4352;095096805;Horario de atención del local;Recarga;579840.757502042;6146391.49906934
Agencia de Quinielas 42/024;Gomez, Gral. Leandro 3040;25121077;Horario de atención del local;Recarga;580844.217999248;6146231.32543493
Agencia de Quinielas 43/012;Gutierrez, Juan Maria ;23047499;Horario de atención del local;Recarga;571578.009592257;6141259.62299871
Agencia de Quinielas 43/031;Basualdo, Blas 3713;23042739;Horario de atención del local;Recarga;571506.531488997;6141084.17636512
Agencia de Quinielas 44/014;Arribeños 3595;25143136;Horario de atención del local;Recarga;577845.590050523;6142807.31955792
Agencia de Quinielas 45/024;San Cono 3708;22201026;Horario de atención del local;Recarga;579490.169960703;6146885.18987984
Agencia de Quinielas 45/040;Roldos Y Pons, Jaime 4450;22166059;Horario de atención del local;Recarga;577571.60225066;6143089.12522261
Agencia de Quinielas 46/003;Corona, La. ;22279759;Horario de atención del local;Recarga;587225.96944017;6151235.15524728
Agencia de Quinielas 50/009;De Las Leyes, Av. ;098111030;Horario de atención del local;Recarga;574372.005849752;6138815.19279879
Agencia de Quinielas 51/017;Punta De Rieles, Av. 3299;25149779;Horario de atención del local;Recarga;582365.8564535;6145787.1404075
Agencia de Quinielas 51/018;Mataojo S 5;094465416;Horario de atención del local;Recarga;580579.382944245;6139995.15673765
Agencia de Quinielas 52/005;Rodriguez Larreta, Aureliano 2903;22002414;Horario de atención del local;Recarga;575862.051228244;6140729.28417479
Agencia de Quinielas 52/011;Einstein, Albert ;25117934;Horario de atención del local;Recarga;582316.945548332;6146533.20517714
Agencia de Quinielas 53/020;Agraciada, Av. 2353;29243063;Horario de atención del local;Recarga;574063.123227244;6139084.9794429
Agencia de Quinielas 54/008;Gomez, Tiburcio 1585;26289581;Horario de atención del local;Recarga;578846.493580297;6138083.34983202
Agencia de Quinielas 54/011;Maldonado, Cno. 6819;25145744;Horario de atención del local;Recarga;582075.673933924;6146032.84867802
Agencia de Quinielas 54/024;Bustamante, Pedro N. 1596;26280711;Horario de atención del local;Recarga;578980.246875361;6138123.12093222
Agencia de Quinielas 54/038;Batlle Y Ordoñez, Br. Jose 1905;099663199;Horario de atención del local;Recarga;579041.75245591;6138907.03442926
Agencia de Quinielas 56/006;San Quintin 4311;23045611;Horario de atención del local;Recarga;571102.152506256;6142838.27580328
Agencia de Quinielas 57/004;Irureta Goyena, Dr. Jose 3196;094816500;Horario de atención del local;Recarga;578096.539508956;6141830.32089661
Agencia de Quinielas 59/001;Caldas 1743;093998938;Horario de atención del local;Recarga;580902.761598447;6139045.82165571
Agencia de Quinielas 59/002;Defensa 1794;098077551;Horario de atención del local;Recarga;575510.863207327;6138222.83535344
Agencia de Quinielas 59/010;Batlle Y Ordoñez, Br. Jose 1646;26140101;Horario de atención del local;Recarga;579723.593023157;6138290.02225039
Agencia de Quinielas 60/017;Colombia 1349;29245737;Horario de atención del local;Recarga;574132.481132176;6138847.6350886
Agencia de Quinielas 62/020;Compte Y Rique, Enriqueta 1400;099808706;Horario de atención del local;Recarga;574250.803073817;6139397.3208681
Agencia de Quinielas 62/046;Monte Caseros 2897;24808411;Horario de atención del local;Recarga;576696.077287023;6139581.33735565
Agencia de Quinielas 64/002;Artigas, Bvar. 2301;095457296;Horario de atención del local;Recarga;576165.956589722;6139410.08854033
Agencia de Quinielas 65/018;Campillos 3547;25110969;Horario de atención del local;Recarga;581833.032590862;6145970.69040788
Agencia De Quinielas 66/007;Rio Branco 1541;096212237;Horario de atención del local;Recarga;573423.500003583;6137454.05894992
Agencia de Quinielas 66/011;Colombia 1203;29248631;Horario de atención del local;Recarga;573848.06690701;6138821.09907617
Agencia de Quinielas 69/045;Ruta 8 J.A.Lavalleja ;22276190;Horario de atención del local;Recarga;586645.089294874;6151364.53352775
Agencia de Quinielas 70/012;Rivera, Av. Gral. 3750;26223595;Horario de atención del local;Recarga;579278.350804185;6137736.58256168
Agencia de Quinielas 70/027;Herrera Y Obes, Julio 1330;29019981;Horario de atención del local;Recarga;573576.830603676;6137024.17744225
Agencia de Quinielas 71/048;Guerra, Jose Ma. 3751;25149075;Horario de atención del local;Recarga;578163.338837273;6144271.67679224
Agencia de Quinielas 73/031;Repetto, Cno. 3695;22260163;Horario de atención del local;Recarga;579495.331650205;6147058.71249919
Agencia de Quinielas 78/028;Rivera, Av. 3001;26220189;Horario de atención del local;Recarga;577607.733216275;6137386.80031009
Agencia de Quinielas 78/043;Videla, Cap. 3102;26226203;Horario de atención del local;Recarga;577758.500491139;6137656.46497877
Agencia de Quinielas 79/010;Mora, Domingo 7983;22229174;Horario de atención del local;Recarga;583616.078607224;6149315.20182788
Agencia de Quinielas 79/021;Ruta 8 J.A.Lavalleja 6899;;Horario de atención del local;Recarga;582218.260591561;6146278.3392805
Agencia de Quinielas 85/003;Artigas, Bvar. Gral.  Esq. Cufre;22086725;Horario de atención del local;Recarga;575781.991598134;6141072.7559104
Agencia de Quinielas 85/012;Verdi 4131;26138665;Horario de atención del local;Recarga;580155.152890924;6137984.80594776
Agencia de Quinielas 89/006;Santos, Cno. Gral. Maximo 4751;23555033;Horario de atención del local;Recarga;572196.289335141;6145602.09645943
Agencia de Quinielas 89/023;Sayago, Av.  Esq. Ariel, Cno.;23593372;Horario de atención del local;Recarga;571688.300020965;6145112.2271914
Agencia de Quinielas 91/021;Echevarriarza, Cristobal 3249;27089559;Horario de atención del local;Recarga;578232.727015429;6136802.43166653
Agencia de Quinielas 91/023;Rosas, Juan 4372;095097033;Horario de atención del local;Recarga;576485.229287508;6143368.08828731
Agencia de Quinielas 93/017;Ruta 8 J.A.Lavalleja 7554;25147397;Horario de atención del local;Recarga;583064.675723283;6147880.19482585
Agencia de Quinielas 24/001;Brito Foresti, Dr. Jose  Bis Esq. Italia, ;094725581;Horario de atención del local;Recarga;577461.592011818;6138817.40175673
Agencia de Quinielas 29/024;Rondeau, Av. Gral. Jose 2386;29242752;Horario de atención del local;Recarga;573716.368200977;6139238.83159334
Agencia de Quinielas 32/007;Zapican 2632 Bis;22036843;Horario de atención del local;Recarga;573794.909906505;6140037.49182094
Agencia de Quinielas 33/050;Maldonado, Cno. 5575;25118017;Horario de atención del local;Recarga;579947.448235217;6143826.86463615
Agencia de Quinielas 45/022;Arena, Cno. Dr. Domingo 5283;22225317;Horario de atención del local;Recarga;575871.901571926;6146481.95950102
Agencia de Quinielas 05/045;Tampico 891;23095109;Horario de atención del local;Recarga;570397.499414442;6144019.84728144
Agencia de Quinielas 93/025;Yrigoyen, Hipolito 2393;099718088;Horario de atención del local;Recarga;580985.322619448;6140568.95817786
Agencia De Quinielas 29/000;Av. 18 De Julio 1841;24083387;Horario de atención del local;Recarga;575211.790785049;6137500.86164466
Agencia De Quinielas 15/012;Olivera, Leonardo 4111;091878704;Horario de atención del local;Recarga;569596.594517173;6140656.27208111
Agencia De Quinielas 57/023;Agraciada, Av. 2476;093997795;Horario de atención del local;Recarga;573905.591289745;6139256.71413079
Agencia de Quinielas 88/002;Burgues, Av. 2926;22031928;Horario de atención del local;Recarga;574430.800677158;6140786.83233261
Agencia De Quinielas 91/018;Canelones 1298;29009079;Horario de atención del local;Recarga;574197.876253594;6136792.8019955
Agencia De Quinielas 23/005;Arocena, Dr. Alfredo 2004;26001094;Horario de atención del local;Recarga;585744.633892228;6139792.63478042
Agencia De Quinielas 23/021;Bolivia, Av. 2203;091460923;Horario de atención del local;Recarga;583720.650789137;6139690.36626093
Agencia De Quinielas 39/012;Abreu, Agustin 2441;098890427;Horario de atención del local;Recarga;577770.862989071;6139745.8379929
Agencia De Quinielas 58/008;Italia, Av. 4474;26134345;Horario de atención del local;Recarga;581108.276972072;6139064.8533741
Agencia De Quinielas 58/037;Pitagoras ;25224938;Horario de atención del local;Recarga;582202.291097775;6140013.00375787
Agencia De Quinielas 60/010;De Herrera, Av. Dr. L. A. 2840;24874805;Horario de atención del local;Recarga;577079.212640144;6140246.43932163
Agencia de Quinielas 01/041;Cervantes Saavedra 4065;25062889;Horario de atención del local;Recarga;578368.699636178;6141918.27438438
Agencia de Quinielas 02/003;Av. 8 De Octubre 3919;25086820;Horario de atención del local;Recarga;578822.342023627;6140680.32738142
Agencia de Quinielas 02/006;Rivera, Av. Gral. 3525;26228686;Horario de atención del local;Recarga;578739.427710972;6137598.16674453
Agencia de Quinielas 04/010;Agraciada, Av. 3655;23083932;Horario de atención del local;Recarga;572209.466511231;6141598.91368109
Agencia de Quinielas 04/016;Av. 8 De Octubre 3621;25081914;Horario de atención del local;Recarga;578262.303457756;6140293.52032701
Agencia de Quinielas 05/030;Sanguinetti, Camino 4277;23120037;Horario de atención del local;Recarga;558765.913826792;6145439.12909371
Agencia de Quinielas 09/026;Leopardi 1651;26141725;Horario de atención del local;Recarga;579852.490710249;6138369.41694729
Agencia de Quinielas 13/003;Garcia, Martin 1466;29242774;Horario de atención del local;Recarga;574334.143701926;6139227.84657031
Agencia de Quinielas 13/011;Libres 1440;22045199;Horario de atención del local;Recarga;574342.102465435;6139555.17441319
Agencia de Quinielas 14/007;Zum Felde, Alberto 2225;25224450;Horario de atención del local;Recarga;581988.563183873;6140334.99947685
Agencia de Quinielas 14/014;7 De Setiembre 278;22202347;Horario de atención del local;Recarga;581040.167730068;6148152.81952226
Agencia de Quinielas 14/048;Ruta 8 J.A.Lavalleja  Esq. Pasaje Los Sauc;22278361;Horario de atención del local;Recarga;587176.599268825;6151403.98126759
Agencia de Quinielas 17/013;Capricornio 3303;25142168;Horario de atención del local;Recarga;582079.902107478;6145616.13446217
Agencia de Quinielas 17/032;Edison, Cno. 4198;23559472;Horario de atención del local;Recarga;574045.785677557;6144698.01189224
Agencia de Quinielas 17/048;Saravia, Bvar. Aparicio 3827;22167348;Horario de atención del local;Recarga;575949.552511729;6144825.39822835
Agencia de Quinielas 18/022;Capdehourat, Dr. Pedro 2493;25066341;Horario de atención del local;Recarga;579905.110401836;6141697.94024841
Agencia de Quinielas 18/025;Manila 2411;25069872;Horario de atención del local;Recarga;579964.005899627;6140475.89907445
Agencia de Quinielas 20/002;Muñoz, Daniel 1902;98652808;Horario de atención del local;Recarga;575233.02975736;6138105.90020439
Agencia de Quinielas 20/010;Julio Cesar 1428;26226650;Horario de atención del local;Recarga;578393.429860842;6137558.66087309
Agencia de Quinielas 20/025;Santos, Juan Fco. 4915;25129485;Horario de atención del local;Recarga;577975.550280577;6143855.38327795
Agencia de Quinielas 20/027;Pereira De La Luz, Basilio 1433;26229672;Horario de atención del local;Recarga;578363.027237513;6137444.13274249
Agencia de Quinielas 20/030;Asamblea 4384;094845775;Horario de atención del local;Recarga;580497.682085788;6138395.70533612
Agencia de Quinielas 20/039;Gomez, Tiburcio 1399 Bis;26220405;Horario de atención del local;Recarga;578983.387589687;6137650.74090325
Chicago Bulls;Julio Cesar 1394;091326227;Horario de atención del local;Recarga;578495.137818228;6137442.88918309
Agencia de Quinielas 20/042;De Herrera, Av. Dr. L. A. 1501;26232436;Horario de atención del local;Recarga;578514.504158995;6137846.9786086
Agencia de Quinielas 20/047;Verdi 4354;26195075;Horario de atención del local;Recarga;580536.547239895;6138191.29368571
Agencia de Quinielas 23/046;Peatonal, Pasaje 5381;25225173;Horario de atención del local;Recarga;582353.953899979;6140860.41725711
Agencia de Quinielas 24/017;Talcahuano 3201;24804912;Horario de atención del local;Recarga;577832.940777;6138308.40651879
Agencia de Quinielas 26/036;Faramiñan 628;23061606;Horario de atención del local;Recarga;569569.922030904;6144029.60262541
Agencia de Quinielas 28/006;Gallinal, Gustavo 1711;22096419;Horario de atención del local;Recarga;575002.408266633;6140683.6849265
Agencia de Quinielas 28/023;Rocha 2642;22009606;Horario de atención del local;Recarga;574685.602796306;6140099.91806177
Agencia de Quinielas 29/015;Batlle Y Ordoñez, Br. Jose 1556;26135125;Horario de atención del local;Recarga;579811.819505022;6138200.97101111
Agencia de Quinielas 30/014;Bolivia, Av. 1413;26015526;Horario de atención del local;Recarga;585303.46312829;6138409.84031641
Agencia de Quinielas 31/050;Sastre, Marcos 2496 Bis;25082312;Horario de atención del local;Recarga;580056.037710287;6141886.71662345
Agencia de Quinielas 35/007;Del Oriente, Cno. ;22279814;Horario de atención del local;Recarga;588155.400184556;6151287.50808502
Agencia de Quinielas 35/012;Zum Felde, Alberto 2248;25248218;Horario de atención del local;Recarga;581926.065824418;6140470.08970027
Agencia de Quinielas 36/029;Ounanian, Nerses 984;22099354;Horario de atención del local;Recarga;573319.333317347;6140099.53767099
Agencia de Quinielas 37/013;Rivas, Av. Santiago 1574;26232874 095297846;Horario de atención del local;Recarga;579347.580682576;6138070.14552618
Agencia de Quinielas 38/004;Fernandez Rios, Ovidio 3638;25145651;Horario de atención del local;Recarga;581248.060432966;6146040.99178406
Agencia de Quinielas 40/001;Escardo Y Anaya Dr. Victor 5622;094830294;Horario de atención del local;Recarga;574916.601341349;6145484.23904025
Agencia de Quinielas 40/002;Veracierto ;095927789;Horario de atención del local;Recarga;580105.188400028;6141987.76661128
Agencia de Quinielas 28/019;Batlle Y Ordoñez, Br. Jose 3447;22164167;Horario de atención del local;Recarga;576260.623763328;6141559.76211979
Agencia de Quinielas 28/034;Marquez, Ramon 2950;22095874;Horario de atención del local;Recarga;574522.755260003;6140821.01963713
Agencia de Quinielas 29/007;Narvaja, Tristan 1519;24088035;Horario de atención del local;Recarga;575129.469921686;6137523.49745216
Agencia de Quinielas 29/012;Turin 3533;095315580;Horario de atención del local;Recarga;580416.464492683;6144895.89254687
Agencia de Quinielas 29/039;Jackson, Juan D. 1344;099361380;Horario de atención del local;Recarga;575531.968761046;6137215.41330416
El Tajamar;De Mendoza, Av Pedro 7463;22220477;Horario de atención del local;Recarga;576373.0302745;6153208.35500151
Agencia de Quinielas 30/046;Belloni, Av. Jose 6690;22200737 ;Horario de atención del local;Recarga;578936.282487277;6151411.46098451
Agencia de Quinielas 31/002;Arrieta Francisco 3288;094081519;Horario de atención del local;Recarga;576873.642564985;6141028.39035505
Agencia de Quinielas 31/011;Zubiria, Alberto 900;23595688;Horario de atención del local;Recarga;573458.297923486;6143502.309174
Agencia de Quinielas 33/030;Artigas, Bvar. 3901;22041305 ;Horario de atención del local;Recarga;574136.698835512;6140914.76235312
Agencia de Quinielas 35/035;Claramunt, Tomas 3669;25063019;Horario de atención del local;Recarga;577608.15747535;6141317.31671822
Agencia de Quinielas 36/028;Santa Ana 4108;22113948 ;Horario de atención del local;Recarga;574999.878321916;6143222.10115561
Agencia de Quinielas 37/014;Gardel, Carlos 1219;29006397;Horario de atención del local;Recarga;574084.165301119;6136492.6148427
Agencia de Quinielas 37/019;Chana 2220;24019474 ;Horario de atención del local;Recarga;575980.437068369;6137275.13741959
Agencia de Quinielas 37/037;Leal De Ibarra Antonio Cno.Cap 5589 Bis;23121827;Horario de atención del local;Recarga;560619.806939079;6141340.3654645
Agencia de Quinielas 37/046;Irureta Goyena, Dr. Jose 3409;25071103 ;Horario de atención del local;Recarga;577843.609875896;6142186.81804644
Agencia de Quinielas 38/012;Rincon 474;29168636;Horario de atención del local;Recarga;572563.980190457;6136991.23408106
Agencia de Quinielas 38/020;Misiones 1550;099086232;Horario de atención del local;Recarga;572418.417069948;6137242.47881546
Agencia de Quinielas 39/022;Piedras 525;29155379;Horario de atención del local;Recarga;572550.272940321;6137324.94552006
Agencia de Quinielas 39/024;Rincon 608;29156849;Horario de atención del local;Recarga;572807.652165438;6137083.67799856
Agencia de Quinielas 43/042;Cibils, Cno. 4617;23153418;Horario de atención del local;Recarga;566924.590329985;6141212.51575716
Agencia de Quinielas 44/030;Obligado 944;099657145;Horario de atención del local;Recarga;576726.422372658;6136182.24884594
Agencia de Quinielas 44/033;España, Bvar. 2592;098626947;Horario de atención del local;Recarga;576885.02312218;6136313.22825065
Agencia de Quinielas 45/023;Belloni, Av. Jose 6295;22223021;Horario de atención del local;Recarga;579058.355644271;6150603.02457992
Agencia de Quinielas 45/041;Antillas 5403;22275606;Horario de atención del local;Recarga;575199.555045531;6146020.9195405
Agencia de Quinielas 45/046;San Petersburgo 4296;094961439;Horario de atención del local;Recarga;576887.90235292;6142956.47635619
Agencia de Quinielas 46/005;Berges, Cno. Benito 1196;22270240;Horario de atención del local;Recarga;579610.305394331;6149717.45019982
Agencia de Quinielas 46/008;Mio-Mio 3908;22222211 ;Horario de atención del local;Recarga;579312.614978795;6151586.33424115
Agencia de Quinielas 46/012;Perez, Leon 3670;22152319;Horario de atención del local;Recarga;575852.971030863;6142878.37267375
Agencia de Quinielas 48/004;Duhalde, Bernardino 4871;091970276;Horario de atención del local;Recarga;578404.126975426;6143398.67751167
Kiosco El Uno;Batlle Y Ordoñez, Br. Jose 3763;24876017;Horario de atención del local;Recarga;576293.396962145;6141477.75183408
Agencia de Quinielas 49/001;Mercedes 1828;093997299;Horario de atención del local;Recarga;575125.992161437;6137678.57238842
Agencia de Quinielas 49/021;Acevedo Diaz 1050;24025349;Horario de atención del local;Recarga;576218.562274716;6136707.53432164
Agencia de Quinielas 49/024;Ortiz, Juan 3288;24811851;Horario de atención del local;Recarga;578165.328701657;6139222.99257479
Agencia de Quinielas 50/008;Serrato, Ing. Jose 3560;22168752;Horario de atención del local;Recarga;577066.956775887;6142613.93777095
Agencia de Quinielas 50/039;Pla, Francisco 3447 Bis;094825362;Horario de atención del local;Recarga;576351.715220428;6142925.69114442
Agencia de Quinielas 51/036;Chimborazo 3759;22113400;Horario de atención del local;Recarga;575853.858185057;6143482.68741904
Agencia de Quinielas 52/009;Valladolid  Esq. Saladero Fariña;091076876;Horario de atención del local;Recarga;576481.858764616;6141441.91039588
Agencia de Quinielas 52/027;Agaces 3615;25091322;Horario de atención del local;Recarga;577710.421489984;6141066.91108539
Agencia de Quinielas 53/019;Pagola, Gral. 2386;24814604 ;Horario de atención del local;Recarga;576300.624610675;6138868.18961012
Agencia de Quinielas 55/029;Calle A 6043;23238614 ;Horario de atención del local;Recarga;570866.653827617;6150370.30868673
Agencia de Quinielas 55/047;Garzon, Av. Gral. Eugenio 176;23096111;Horario de atención del local;Recarga;570955.414067578;6143191.64330493
Agencia de Quinielas 04/004;Boiso Lanza, Cno. Cap. J. 4030;093548144;Horario de atención del local;Recarga;578988.173613955;6147879.79889089
Agencia de Quinielas 07/001;Arredondo, Horacio 4684;22222581 ;Horario de atención del local;Recarga;577312.456117623;6147130.15192213
Autoservice Mis Hijos;De La Española, Paso. 5627;22222981;Horario de atención del local;Recarga;580123.740603158;6148697.53545546
Salon El Triunfo;Mas De Ayala, Dr. Isidro 5351;22169597;Horario de atención del local;Recarga;575656.171323927;6145209.4466221
Agencia de Quinielas 17/007;Av. 18 De Julio ;094443140;Horario de atención del local;Recarga;573910.80425191;6137107.88021043
Agencia de Quinielas 17/009;Batlle Y Ordoñez, Br. Jose 4753;23560133;Horario de atención del local;Recarga;573578.423238358;6144138.71297493
Agencia de Quinielas 18/011;Batlle Y Ordoñez, Br. Jose 2901;24816037;Horario de atención del local;Recarga;577769.566236665;6140077.34787278
Agencia de Quinielas 23/030;Schroeder, Dr. Alejandro 6454;26005710;Horario de atención del local;Recarga;586109.048342535;6139026.93610861
Agencia de Quinielas 28/038;Boiso Lanza, Cno. Cap. J. 3845;22275520;Horario de atención del local;Recarga;579546.30585257;6147969.58187237
Agencia de Quinielas 30/001;Millan, Av. 2851;22011572;Horario de atención del local;Recarga;574135.660400417;6140628.41400018
Agencia de Quinielas 30/002;Belloni, Av. Jose 8170;099701105;Horario de atención del local;Recarga;578280.685338858;6155053.83911719
Agencia de Quinielas 31/018;Guevara, Trinidad 4518;095575310;Horario de atención del local;Recarga;578298.708907704;6146676.28416303
Agencia de Quinielas 35/027;Antillas 5236;22274629;Horario de atención del local;Recarga;575870.884207632;6146181.97093104
Agencia de Quinielas 39/004;Gomez, Maximo 1388;23377152 ;Horario de atención del local;Recarga;574342.719304509;6143111.22691144
Agencia de Quinielas 42/012;Arena, Cno. Dr. Domingo 4259 Bis;22271992;Horario de atención del local;Recarga;578354.531501071;6146851.25987674
Agencia de Quinielas 42/023;Proyectada 17 Metros 4409;22223340;Horario de atención del local;Recarga;579399.722616533;6146558.80121339
Agencia de Quinielas 42/032;Arena, Cno. Dr. Domingo 4196;099496103   ;Horario de atención del local;Recarga;578501.56064591;6146899.46708623
Agencia de Quinielas 42/038;Argos 5383;097501040;Horario de atención del local;Recarga;580200.243125784;6148899.15934192
Agencia de Quinielas 45/029;Belloni, Av. Jose 4917;22274126;Horario de atención del local;Recarga;578755.854150886;6147221.79743968
Agencia de Quinielas 47/014;26 De Marzo 3289;26287226;Horario de atención del local;Recarga;578336.758219019;6136958.69637167
Agencia de Quinielas 51/016;Cruz, Osvaldo 4953;25146388 095030978            ;Horario de atención del local;Recarga;578969.707917394;6143154.26508153
Agencia de Quinielas 55/050;Hornos, Gral. 4951;23092554;Horario de atención del local;Recarga;570810.655294822;6143743.62099628
Agencia de Quinielas 60/001;Clara 4629;099635019;Horario de atención del local;Recarga;571935.687122938;6144614.77245572
Agencia de Quinielas 64/010;Tobas 3680 Bis;22111858 ;Horario de atención del local;Recarga;576563.888073125;6142452.46203333
Agencia de Quinielas 65/011;Arena, Cno. Dr. Domingo 4447;22270609;Horario de atención del local;Recarga;577973.622439368;6146834.20868066
Agencia de Quinielas 65/013;Cabral, Eusebio 4245;22224690;Horario de atención del local;Recarga;578738.281516047;6148052.2961234
Agencia de Quinielas 65/035;Gerona Casales, Luis 4812;22270478;Horario de atención del local;Recarga;577897.005377188;6146945.43180674
Agencia de Quinielas 79/042;Canelones 834;29030502;Horario de atención del local;Recarga;573248.517133576;6136722.37725066
Agencia de Quinielas 80/009;Pasaje Artigas 1937;23134708;Horario de atención del local;Recarga;567724.925735466;6141064.23331398
Agencia de Quinielas 80/026;De Quevedo, Francisco 6214;23123737;Horario de atención del local;Recarga;566361.85754304;6143881.70861308
Agencia de Quinielas 83/002;Fierro, Martin 2581;24874148;Horario de atención del local;Recarga;576459.402631473;6139814.44508409
Agencia de Quinielas 89/035;Dodera, Dr. Elbio 5747;23203497;Horario de atención del local;Recarga;570777.174635582;6149788.98221179
Agencia de Quinielas 91/004;Belloni, Av. Jose ;22272122;Horario de atención del local;Recarga;578984.425968124;6148837.16523604
Agencia de Quinielas 93/014;Del Andaluz, Cno Paso 3976;095096444;Horario de atención del local;Recarga;579161.631578893;6148869.13270144
Agencia De Quinielas 94/016;Paz, La 1850;96132769;Horario de atención del local;Recarga;575037.386688843;6138249.79880243
Agencia de Quinielas 04/011;Batlle Berres, Av. Luis 6149;23146592;Horario de atención del local;Recarga;567416.218051528;6144550.74281581
Agencia de Quinielas 17/028;Giuria, Arq. Juan G. 1543;23554309  ;Horario de atención del local;Recarga;574445.554398196;6144775.40267913
Agencia de Quinielas 17/033;Salamanca 1320;23557581;Horario de atención del local;Recarga;573205.309652725;6144933.22238133
Agencia de Quinielas 17/042;Fuentes, Pedro 1456;23570582;Horario de atención del local;Recarga;574453.244915267;6144404.91929393
Agencia de Quinielas 19/032;Agraciada, Av. 4109;23095096;Horario de atención del local;Recarga;571494.396541989;6142398.81716084
Agencia de Quinielas 27/002;Mercado Modelo  Esq. Trento;25079648;Horario de atención del local;Recarga;577293.414871511;6140902.97176872
Agencia de Quinielas 31/006;Garzon, Av. Gral. Eugenio 2075;23206342;Horario de atención del local;Recarga;570941.247877984;6148904.59871649
Agencia de Quinielas 31/015;Braga, Cte. 2413;24871199  ;Horario de atención del local;Recarga;576395.302799627;6139646.18144558
Agencia de Quinielas 36/049;De Pena, Carlos Maria 4754;23052354;Horario de atención del local;Recarga;571266.671662211;6143656.24398592
Agencia de Quinielas 39/010;Lopez, Av.Mcal Fco. Solano 1732;26133787 094520508;Horario de atención del local;Recarga;579763.417023063;6138854.19252096
Agencia de Quinielas 43/020;Republica Francesa 729;23046557;Horario de atención del local;Recarga;571574.607388889;6141245.34294527
Agencia de Quinielas 44/016;Rio De La Plata 1495;26140929  ;Horario de atención del local;Recarga;582039.149600057;6138320.68339726
Agencia de Quinielas 53/026;Santa Ana 4268;22153245;Horario de atención del local;Recarga;574778.7006287;6143410.56110257
Agencia de Quinielas 58/000;Lanza, Dr. Aquiles 1332;29010435;Horario de atención del local;Recarga;574196.399393389;6137095.03194749
Agencia de Quinielas 59/004;Belloni, Av. Jose 6146;22229841;Horario de atención del local;Recarga;579065.401649256;6150188.40131302
Agencia de Quinielas 61/009;Gutemberg 6216;23219890  ;Horario de atención del local;Recarga;569279.403510321;6149075.98772194
Agencia de Quinielas 68/038;Calle 5 5276;22225261;Horario de atención del local;Recarga;575199.777622708;6145713.37957142
Agencia de Quinielas 73/028;Arenal, Concepcion 1554;22092807  ;Horario de atención del local;Recarga;574448.512581247;6140008.68855906
Agencia de Quinielas 77/019;Cibils, Cno. 4002;23137367;Horario de atención del local;Recarga;567151.149663602;6139862.16536066
Agencia de Quinielas 88/030;Zorrilla, Daniel 5521;23238868;Horario de atención del local;Recarga;571450.005562488;6148061.5626425
Agencia de Quinielas 89/016;Atahona 4485;23367653;Horario de atención del local;Recarga;573979.950105777;6143066.69514997
Salon Delfino;Garzon, Av. Gral. Eugenio 1976 Bis;23200188;Horario de atención del local;Recarga;571089.815363811;6148420.24624545
Agencia de Quinielas 89/037;Raiz, Eduardo A. 1930;23206248;Horario de atención del local;Recarga;571003.136645221;6148236.374644
Agencia de Quinielas 03/020;Prusia;23112593;Horario de atención del local;Recarga;568746.123376197;6139305.01425736
Agencia de Quinielas 05/003;De Maria, Alcides 616;23041427;Horario de atención del local;Recarga;570758.852422141;6144566.03748907
Agencia de Quinielas 10/044;Zum Felde, Alberto 2051;25244960;Horario de atención del local;Recarga;582175.815749795;6140006.14332912
Agencia de Quinielas 14/024;Veracierto 3025;25065792;Horario de atención del local;Recarga;580132.101108977;6141876.95729061
Agencia de Quinielas 18/034;Av. 8 De Octubre 4301;25085500;Horario de atención del local;Recarga;579120.561344646;6141396.65174627
Agencia de Quinielas 29/025;Navarro, Dr. Alfredo 3100;24806461;Horario de atención del local;Recarga;577694.994498844;6138323.33124384
Agencia de Quinielas 30/026;Belloni, Av. Jose 5868;097163040;Horario de atención del local;Recarga;579048.217622054;6149616.27933623
Agencia de Quinielas 45/003;Millan, Av. 4352;23547677;Horario de atención del local;Recarga;572819.923989189;6143856.86176011
Agencia de Quinielas 48/002;Rivadavia 1850;22043178;Horario de atención del local;Recarga;574992.687616748;6139909.75605136
Agencia de Quinielas 51/027;Rivadavia 2082;22008622;Horario de atención del local;Recarga;575530.247343443;6139830.03214787
Agencia de Quinielas 54/000;Comercio 2102;25089442;Horario de atención del local;Recarga;579109.085504179;6139560.58107574
Agencia de Quinielas 56/029;Romero, Emilio 453;23078674;Horario de atención del local;Recarga;570892.332830564;6141691.27044975
Agencia de Quinielas 56/035;Gori, Cno. 2428;23148532;Horario de atención del local;Recarga;561674.089577102;6147761.70225118
Agencia de Quinielas 56/045;Batlle Berres, Av. Luis 5969;096578636;Horario de atención del local;Recarga;567894.353694761;6144255.54109514
Agencia de Quinielas 58/010;Flores, Av. Gral. 3405;22033443;Horario de atención del local;Recarga;575785.36080601;6141568.36438387
Agencia de Quinielas 68/042;Laborde, Gral. Felix 2453;094960030;Horario de atención del local;Recarga;578960.912913257;6140617.24778559
Agencia de Quinielas 75/049;Gomez Ruano, Alberto 1190;23079565;Horario de atención del local;Recarga;569248.353995619;6145591.8868761
Agencia de Quinielas 77/028;Austria 1900;23112957;Horario de atención del local;Recarga;568164.645783951;6139809.31593147
Agencia de Quinielas 80/038;Liberia 114;23116200;Horario de atención del local;Recarga;566687.29570999;6139592.29071761
Agencia de Quinielas 90/006;De Herrera, Av. Dr. L. A. 1058;26226963;Horario de atención del local;Recarga;578962.466165372;6136762.00102888
Agencia de Quinielas 93/010;Av. 8 De Octubre 4826;25117080;Horario de atención del local;Recarga;579305.102616119;6142514.3234996
Agencia de Quinielas 93/013;Pan De Azucar 2505;25061969;Horario de atención del local;Recarga;579094.308177265;6140801.75420388
Agencia de Quinielas 93/040;Latorre, Andres 4879;25143143;Horario de atención del local;Recarga;579611.398695347;6142486.82448244
Agencia de Quinielas 01/032;Tesino 3571;25142628;Horario de atención del local;Recarga;579446.007322379;6145154.88751027
Agencia de Quinielas 11/048;Rinaldi, Cno. Tte. 3951;25144057;Horario de atención del local;Recarga;578926.586105772;6146143.32737956
Agencia de Quinielas 13/001;Prevision 4129;22225733;Horario de atención del local;Recarga;578686.94425212;6147260.42903361
Agencia de Quinielas 15/003;Verdun 2252;23132587;Horario de atención del local;Recarga;566748.412642575;6141419.96970622
Agencia de Quinielas 16/021;Basagoity, Dr. Vicente 3950 Bis;23079868;Horario de atención del local;Recarga;571574.801642611;6142007.25274995
Agencia de Quinielas 27/009;Serrato, Ing. Jose 3627 Bis;22162145;Horario de atención del local;Recarga;576829.744443231;6142693.34172503
Agencia de Quinielas 30/018;Guadalupe 2155;22003483;Horario de atención del local;Recarga;575700.230131769;6139950.62440475
Agencia de Quinielas 42/009;Lopez, Cno. Carlos A. 4739;22225674;Horario de atención del local;Recarga;577122.880631783;6147928.93066856
Agencia de Quinielas 42/011;Lacosta, Cno. Cap. Coralio 3935;22229276;Horario de atención del local;Recarga;579266.519160118;6147613.66651266
Agencia de Quinielas 42/021;Tardaguila 3813;22227289;Horario de atención del local;Recarga;579344.35893469;6147761.49642252
Agencia de Quinielas 43/045;Fraternidad 4047;23054047;Horario de atención del local;Recarga;571134.479932098;6141926.94964245
Agencia de Quinielas 45/047;Torricelli 4994;097231998;Horario de atención del local;Recarga;577527.178338237;6144506.54133462
Agencia de Quinielas 48/049;Petirossi, Cno. 4037 Bis;22275576;Horario de atención del local;Recarga;579293.031392074;6148533.39776953
Agencia de Quinielas 58/023;Maldonado, Cno. 6151;        ;Horario de atención del local;Recarga;581183.938279546;6144996.15538611
Agencia de Quinielas 65/008;Las Flores 4316;22229327;Horario de atención del local;Recarga;578403.438947094;6147908.32349676
Agencia de Quinielas 73/032;Saravia, Bvar. Aparicio 3505;25120617;Horario de atención del local;Recarga;579760.093474056;6145340.03622755
Agencia de Quinielas 79/012;Artigas, Bvar. Gral. 2148;24816359;Horario de atención del local;Recarga;576248.205715044;6139146.66770146
Agencia de Quinielas 79/043;Ruggia, Clemente 3612;22229517;Horario de atención del local;Recarga;579597.887378291;6146702.70355285
Agencia de Quinielas 83/016;Florencia 3531 Bis;094413055;Horario de atención del local;Recarga;580854.826673834;6145214.44306406
Agencia de Quinielas 89/044;Edison, Cno.  Esq. Raiz, Cno. Cnel.;23555402;Horario de atención del local;Recarga;573058.031997957;6145443.00240207
Agencia de Quinielas 09/041;Av. 8 De Octubre 4057 Bis;25089511;Horario de atención del local;Recarga;579029.703753466;6140930.96349222
Agencia de Quinielas 69/006;Daniel Muñoz 2038;24014918;Horario de atención del local;Recarga;575475.107142646;6138130.85668283
Agencia de Quinielas 05/047;Av. De Las Instrucciones Esq. Batlle Y O;23550460;Horario de atención del local;Recarga;573431.093913711;6144306.58321302
Agencia de Quinielas 77/003;Cno De Las Tropas 4573;23153624;Horario de atención del local;Recarga;567393.961925048;6141238.90705164
Agencia de Quinielas 45/001;Pacheco De B.Y Ordoñez, Matild 4338 Bis;22270269;Horario de atención del local;Recarga;578124.900572518;6146275.29029453
Agencia de Quinielas 75/010;Miguelete 1992;24002671;Horario de atención del local;Recarga;575224.802345895;6138483.3801569
Agencia de Quinielas 75/006;Lima 1816;24097585;Horario de atención del local;Recarga;575086.140422197;6138545.40618405
Agencia de Quinielas 17/021;Cno. Ariel 5167;096899197;Horario de atención del local;Recarga;571021.146649121;6145564.13646165
Agencia de Quinielas 91/001;Rodriguez, Lucio 4898;23114840;Horario de atención del local;Recarga;567829.694643273;6141881.81193199
Agencia de Quinielas 56/021;Pasaje Albeniz 1198;094667223;Horario de atención del local;Recarga;570210.976615743;6147437.09149568
Agencia de Quinielas 09/016;Villagran, Gral. Jose 2336;25065746;Horario de atención del local;Recarga;579538.843474387;6140795.5751394
Agencia de Quinielas 02/041;Av. 8 De Octubre 3549;25077154;Horario de atención del local;Recarga;578117.157831007;6140207.25465982
Agencia de Quinielas 03/009;Guardia Oriental 3108;098033103;Horario de atención del local;Recarga;574129.847002448;6141197.51458318
Agencia de Quinielas 05/026;Berna 2337;23116298;Horario de atención del local;Recarga;567222.691118784;6140158.52813044
Agencia de Quinielas 08/009;Smidel 3010;25113237;Horario de atención del local;Recarga;578877.632746632;6142431.06263039
Agencia de Quinielas 08/027;Pavon 4638 Bis;095210795;Horario de atención del local;Recarga;578504.379809578;6142635.56256329
Agencia de Quinielas 10/039;Uruguayana 3497;23091628;Horario de atención del local;Recarga;572253.974343371;6141087.95902469
Agencia de Quinielas 15/000;Ramirez, Av. Dr. C. Ma. 888;23097897 ;Horario de atención del local;Recarga;569823.857474656;6141561.29081498
Agencia de Quinielas 17/040;Smidel 3061;25132920;Horario de atención del local;Recarga;578811.930736194;6142455.69460953
Agencia de Quinielas 32/027;Carape, Felipe 4444;23362842;Horario de atención del local;Recarga;573851.033785337;6142748.10786338
Agencia de Quinielas 43/000;Capurro 848;23090154;Horario de atención del local;Recarga;572089.278969514;6141008.62933445
Agencia de Quinielas 53/018;Sanabria, Gregorio 3951;22187962 ;Horario de atención del local;Recarga;574669.847997833;6143314.29593871
Agencia de Quinielas 53/030;Artigas, Pantalaeon 3841;22117740;Horario de atención del local;Recarga;574547.87163482;6143357.76532215
Agencia de Quinielas 55/006;Atahona 3779;23361368;Horario de atención del local;Recarga;574266.207309284;6143225.41358369
Agencia de Quinielas 55/009;Sanguinetti, Felipe 2628;25074038;Horario de atención del local;Recarga;577973.622615322;6140277.57272498
Agencia de Quinielas 55/018;Covadonga 1282;23552968;Horario de atención del local;Recarga;573370.609081115;6144632.34936246
Agencia de Quinielas 77/044;Batlle Berres, Av. Luis 6602;23124060;Horario de atención del local;Recarga;566466.43224083;6144913.00723354
Agencia de Quinielas 78/019;Chucarro, Alejandro 1317;099625987;Horario de atención del local;Recarga;578107.747401607;6136696.14198203
Agencia de Quinielas 01/019;Chayos 4514;25093837 ;Horario de atención del local;Recarga;579358.838687296;6141752.15305698
Agencia de Quinielas 04/013;Pastor Earl Martin Smith 4243;23141515;Horario de atención del local;Recarga;566493.112738114;6140160.75027207
Agencia de Quinielas 04/031;Ramirez, Av. Dr. C. Ma. 2389;23140867 ;Horario de atención del local;Recarga;567079.841011162;6140457.68329759
Agencia de Quinielas 05/048;Silva, Dr. Jose Ma.  Esq. De Las Instrucci;23554971;Horario de atención del local;Recarga;573723.050692275;6144693.07072866
Agencia de Quinielas 12/041;Spencer 4681;25256598;Horario de atención del local;Recarga;580234.629291274;6141434.09644998
Agencia de Quinielas 14/000;Av. 8 De Octubre 4142;25071117;Horario de atención del local;Recarga;579059.386299722;6140970.52274883
Agencia de Quinielas 14/005;Avellaneda 3913;25072628;Horario de atención del local;Recarga;578602.425807376;6141010.27868052
Agencia de Quinielas 18/015;Veracierto 2803;25131201;Horario de atención del local;Recarga;580338.458043704;6141474.22193984
Agencia de Quinielas 27/026;Rondeau, Av. Gral. Jose  Esq. Valparaiso;29245925;Horario de atención del local;Recarga;573822.546238056;6137923.19363386
Agencia de Quinielas 40/011;Bruselas 4298;22116550 ;Horario de atención del local;Recarga;577015.952667752;6142897.84120285
Agencia de Quinielas 44/005 - Salón Cambalache;Belloni, Av. Jose 4742 Bis;22271727;Horario de atención del local;Recarga;578743.395070542;6146899.72419027
Agencia de Quinielas 85/001;San Martin. Av. Gral. 3948;22156062;Horario de atención del local;Recarga;575673.516563977;6142901.70454542
Agencia de Quinielas 54/003;Comercio 2201;25095911;Horario de atención del local;Recarga;578864.771456167;6139780.50979669
Agencia de Quinielas 54/009;Guemes 2908;95975019;Horario de atención del local;Recarga;579003.947936673;6142141.61811499
Agencia de Quinielas 65/031;Maldonado. Cno. 6677;25110483;Horario de atención del local;Recarga;581889.827740294;6145909.29589484
Agencia de Quinielas 73/008;Mayo Gutierrez, Ruta Cesar 2416;23207621;Horario de atención del local;Recarga;570978.496417384;6149853.6376285
Agencia de Quinielas 74/010;Nardone, Benito 2339;27168741;Horario de atención del local;Recarga;576475.119197294;6135583.90601066
Agencia de Quinielas 91/036;Asilo, Pasaje 2486;24802802 - 094275311;Horario de atención del local;Recarga;577668.452179727;6139804.48956777
Agencia de Quinielas 18/009;Mercado Modelo ;25094704;Horario de atención del local;Recarga;577433.025004844;6140799.093481
Agencia de Quinielas 66/002;Paysandu ;29083198;Horario de atención del local;Recarga;573425.674336272;6137463.13573733
Agencia de Quinielas 93/045;Carrasco, Camino 4680;25250360;Horario de atención del local;Recarga;580769.399497612;6140845.24936039
Agencia de Quinielas 27/022;Cadiz 3280;25085581;Horario de atención del local;Recarga;577254.393813946;6140730.62042047
Agencia de Quinielas 81/006;Repetto, Cno. 4061;22271803;Horario de atención del local;Recarga;578796.940667557;6146925.54916532
Agencia de Quinielas 14/022;Claramunt, Tomas 4057;25064656;Horario de atención del local;Recarga;578431.735627405;6141817.47578442
Salon Pastoriza;Pastoriza, Rafael 1472;26234466;Horario de atención del local;Recarga;577478.133838695;6137544.16629395
Agencia de Quinielas 32/010;Agraciada, Av. 2765;22037616 ;Horario de atención del local;Recarga;573491.215110075;6139936.12751466
Agencia de Quinielas 37/010;Magallanes 1505;24001489;Horario de atención del local;Recarga;574836.480060713;6137594.54964782
Agencia de Quinielas 38/023;Yrigoyen, Hipolito 2050;25220672;Horario de atención del local;Recarga;581211.284025705;6139766.87151204
Agencia de Quinielas 46/006;Tula, Cno. Cap. 4880;22229945;Horario de atención del local;Recarga;576689.331063813;6146324.44412356
Agencia de Quinielas 53/011;Constitucion 2296;22083729;Horario de atención del local;Recarga;575290.271882741;6139266.05768188
Agencia de Quinielas 54/025;Lopez, Av.Mcal Fco. Solano 1823;25084975;Horario de atención del local;Recarga;579667.344304193;6138945.52946761
Agencia de Quinielas 59/007;Costa, Dalmiro 4354;26193558;Horario de atención del local;Recarga;580265.758276532;6138583.17961545
Agencia de Quinielas 60/019;Lavalleja, Liber.Brig.Gral. 1748;29249986;Horario de atención del local;Recarga;573956.258941437;6137927.32632443
Agencia de Quinielas 64/003;Batlle Y Ordoñez, Br. Jose 3309;099916093;Horario de atención del local;Recarga;577088.766357273;6140719.04013335
Agencia de Quinielas 66/003;Durazno 1200;29080444;Horario de atención del local;Recarga;574005.351230636;6136575.21229344
Agencia de Quinielas 67/001;Igua 4498;094164468;Horario de atención del local;Recarga;581150.864898618;6139642.30372909
Agencia de Quinielas 67/015;Requena, Dr. Joaquin 2532;22094789;Horario de atención del local;Recarga;575587.073379676;6139882.90875193
Agencia de Quinielas 79/003;Nicaragua 2328;24081992;Horario de atención del local;Recarga;575963.190886764;6138730.58966343
Agencia de Quinielas 80/015;Grecia 3791;23114968;Horario de atención del local;Recarga;568554.736944944;6139740.97002888
Agencia de Quinielas 80/027;Continuación China 1313;23130159;Horario de atención del local;Recarga;567005.60586225;6139730.48067142
Agencia de Quinielas 90/002;Raiz, Cno. Cnel. 1750;23591491;Horario de atención del local;Recarga;573145.791338104;6146356.70536372
Agencia de Quinielas 91/005;Raiz, Cno. Cnel. 1787;23560402;Horario de atención del local;Recarga;573155.972250068;6146475.06943585
Agencia de Quinielas 08/015;Lasala,Cnel. 4365;25091294;Horario de atención del local;Recarga;578705.738015468;6141651.31732334
Agencia de Quinielas 11/014;Isabela 3483;22112412;Horario de atención del local;Recarga;576067.536925108;6141842.62375348
Agencia de Quinielas 14/049;Piran 2352;25223736;Horario de atención del local;Recarga;580219.205859933;6140372.51984514
Agencia de Quinielas 17/030;Ortiz De Zarate 4099;22169265;Horario de atención del local;Recarga;575253.167601503;6143315.73599364
Agencia de Quinielas 38/038;Timbues ;22169237;Horario de atención del local;Recarga;577180.473764964;6145314.9710108
Agencia de Quinielas 42/046;Encuentro ;22201908;Horario de atención del local;Recarga;580895.968045878;6148533.50023626
Agencia de Quinielas 50/004;Hocquard 1977 Bis;24080096;Horario de atención del local;Recarga;575465.642286009;6138911.15703498
Agencia de Quinielas 56/022;Raiz, Eduardo A. 1885;23238471;Horario de atención del local;Recarga;570955.05392576;6148134.16124424
Agencia de Quinielas 58/034;Rondeau, Av. Gral. Jose  Esq. Galicia;29015875;Horario de atención del local;Recarga;573862.171688487;6137760.95189853
Agencia de Quinielas 59/018;Ramos 4350;26137671 098236993;Horario de atención del local;Recarga;580310.237701006;6138413.87752432
Agencia de Quinielas 61/013;Canelones 1371;29017844;Horario de atención del local;Recarga;574369.297560224;6136829.67216769
Agencia de Quinielas 73/044;Monte Caseros 3099;24878264;Horario de atención del local;Recarga;577068.838931418;6139926.11912366
Agencia de Quinielas 89/002;Garzon, Av. Gral. Eugenio 1946;23200328;Horario de atención del local;Recarga;571112.808231104;6148353.52647177
Agencia de Quinielas 93/034;Belloni, Av. Jose 4351;22223862;Horario de atención del local;Recarga;578569.088768179;6146144.28868195
Agencia de Quinielas 74/009;Scoseria, Dr. Jose 2743;27124598;Horario de atención del local;Recarga;577366.716900564;6136038.6638859
Agencia de Quinielas 04/019;Lopez, Av.Mcal Fco. Solano 1624 Bis;26199642;Horario de atención del local;Recarga;580032.811369193;6138466.65998014
Agencia de Quinielas 05/024;Coronel, Dionisio 439;23031861;Horario de atención del local;Recarga;570601.767562702;6142098.09149104
Agencia de Quinielas 15/014;Freire, Jose B. 146 Bis;23098737;Horario de atención del local;Recarga;571398.500759075;6142821.33245081
Agencia de Quinielas 21/030;Echevarriarza, Cristobal ;26280766;Horario de atención del local;Recarga;578426.881894292;6136749.97341476
Agencia de Quinielas 37/009;Mackinnon, Dr. R. 4964;22112624;Horario de atención del local;Recarga;575929.371704443;6145071.77414092
Agencia de Quinielas 43/025;Pinzon, Vte. Yañez 4345;098697584;Horario de atención del local;Recarga;570321.451686278;6142128.52773316
Agencia de Quinielas 65/005;Dunant 3999;25138104;Horario de atención del local;Recarga;578943.404829872;6145919.04240945
Agencia de Quinielas 45/000;De Lemos, Fco. A 4155;22114240 ;Horario de atención del local;Recarga;576647.030758828;6142872.87500718
Agencia de Quinielas 45/027;Tula, Cno. Cap. 4573;22228361;Horario de atención del local;Recarga;577987.206429909;6146409.32624452
Agencia de Quinielas 55/024;Oficial 3 ;099116541;Horario de atención del local;Recarga;578361.427981606;6146341.48002309
Agencia de Quinielas 61/008;Fernandez Crespo, Av. Daniel 1673 Bis;;Horario de atención del local;Recarga;575215.908410185;6137779.42333197
Agencia de Quinielas 06/004;Cañas 263;23070245;Horario de atención del local;Recarga;569286.609774833;6143284.70462966
Agencia de Quinielas 06/006;Chana 2296;24089914;Horario de atención del local;Recarga;576136.602249459;6137299.23644768
Agencia de Quinielas 07/009;Islas Canarias, Av. 4968;23055397;Horario de atención del local;Recarga;570853.367236931;6144301.46836203
Agencia de Quinielas 14/017;Jimenez De Arechaga, Dr.Justin 2983;094212106;Horario de atención del local;Recarga;580956.437118509;6143693.23991277
Agencia de Quinielas 19/012;Av. 18 De Julio 1395;29006423;Horario de atención del local;Recarga;574353.550465938;6137140.33620986
Agencia de Quinielas 31/024;Araujo, Cap. Basilio 3654;22114649;Horario de atención del local;Recarga;575829.195460747;6142093.36029509
Agencia de Quinielas 40/006;Fajardo, Heraclio C. 3475;22160280;Horario de atención del local;Recarga;576207.209838123;6142039.65100738
Agencia de Quinielas 65/015;Azorin 3540;095244061;Horario de atención del local;Recarga;582002.05216865;6146217.16835869
Agencia de Quinielas 68/010;Del Andaluz, Cno Paso 3835;22275934    ;Horario de atención del local;Recarga;579660.838370359;6148950.76737223
Agencia de Quinielas 71/028;Guerra, Cno. 6860;099754809;Horario de atención del local;Recarga;582250.761686118;6146098.37916567
Agencia de Quinielas 73/002;Millan, Av. 3294;22044555;Horario de atención del local;Recarga;573893.797068416;6141475.90778497
Agencia de Quinielas 93/022;Larravide 2549;098878787;Horario de atención del local;Recarga;578675.028209494;6140545.1792221
Agencia de Quinielas 65/010;Fells, Teodoro 5072;095933669;Horario de atención del local;Recarga;578544.206959237;6148067.37812895
Agencia de Quinielas 89/030;Tosti 4638;23577251;Horario de atención del local;Recarga;572663.575120959;6145599.40482651
Agencia de Quinielas 10/003;Terra, Dr. Jose L. 2220;22036428;Horario de atención del local;Recarga;574606.040087748;6139185.59758599
Agencia de Quinielas 32/042;Millan, Av. 3569;23363705;Horario de atención del local;Recarga;573704.065310926;6141934.47477219
Agencia de Quinielas 36/002;20 De Febrero 2251;25081427;Horario de atención del local;Recarga;579701.078750049;6140815.79149333
Agencia de Quinielas 36/003;Franzini, Luis 952;27100589;Horario de atención del local;Recarga;576839.410789523;6136223.3336719
Agencia de Quinielas 64/008;De Mendoza, Av Pedro 4504;22164807;Horario de atención del local;Recarga;577315.443140301;6145650.32066106
Agencia de Quinielas 11/009;Corrales, Cno. 3611;22191696;Horario de atención del local;Recarga;577708.247139886;6143235.69408442
Agencia de Quinielas 28/043;Stagnero De Munar, Maria 2266;25076918;Horario de atención del local;Recarga;578489.07357358;6139687.02799924
Agencia de Quinielas 80/030;Bahia 1748;23130926;Horario de atención del local;Recarga;568127.722782425;6141135.883849
Agencia de Quinielas 83/015;Magariños Cervantes 2052;24845083;Horario de atención del local;Recarga;578448.159005429;6139157.24527157
Agencia de Quinielas 06/002;Convencion 1410;29001333;Horario de atención del local;Recarga;573360.560343933;6137182.29123716
Agencia de Quinielas 10/033;Andes 1490;29000870;Horario de atención del local;Recarga;573241.237629841;6137342.17480237
Agencia de Quinielas 17/005;Salto 960;24106563;Horario de atención del local;Recarga;574763.173007333;6136395.14785417
Agencia de Quinielas 18/050;Artigas, Bvar. Gral. 2474;24811966;Horario de atención del local;Recarga;576192.602217008;6139822.54741072
Agencia de Quinielas 27/006;Scoseria, Dr. Jose 2524;093821512;Horario de atención del local;Recarga;576908.889382566;6136000.82536918
Agencia de Quinielas 44/031;Carape, Felipe 4600;23367338;Horario de atención del local;Recarga;573558.531504437;6143061.43659628
Agencia de Quinielas 53/021;Berro, Presidente 2500;093877616;Horario de atención del local;Recarga;576314.34058683;6138759.60917492
Agencia de Quinielas 88/017;San Quintin 4282 Bis;23055087;Horario de atención del local;Recarga;571159.891700693;6142797.90227621
Agencia De Quinielas 62/024;Castellanos, Florentino 1174;23361574;Horario de atención del local;Recarga;574200.170348774;6143289.82949161
Agencia De Quinielas 67/005;De Amezaga, Dr. Juan J. 2002;22089918;Horario de atención del local;Recarga;575385.221064708;6139343.46467104
Agencia De Quinielas 77/031;Ramirez, Av. Dr. C. Ma. 1761;23113783;Horario de atención del local;Recarga;568304.811569375;6140626.51677111
Agencia de Quinielas 49/014;Paullier, Juan 1493;092000110;Horario de atención del local;Recarga;575995.068577056;6137672.61436615
Agencia de Quinielas 56/012;De Morales, Juan 5770;23043122;Horario de atención del local;Recarga;569741.543454805;6144967.53721439
Agencia de Quinielas 75/044;Perez, Fray Generoso ;23048474;Horario de atención del local;Recarga;571342.243808676;6143592.33011909
Agencia De Quinielas 93/008;Sacarello, Luis 4650;25251457;Horario de atención del local;Recarga;580015.988829478;6141644.95720789
Agencia de Quinielas 03/027;Grecia 3999;23118914;Horario de atención del local;Recarga;568522.154354896;6140064.2759948
Agencia de Quinielas 20/001;Muñoz, Fco. Joaquin 3105;26286207;Horario de atención del local;Recarga;577898.677496406;6137142.88331942
Agencia de Quinielas 27/012;21 De Setiembre 2855;092023583;Horario de atención del local;Recarga;577128.141817079;6135621.78461286
Agencia De Quinielas 02/025;Paraguay 1102;29007147;Horario de atención del local;Recarga;573822.231226127;6136582.23760921
Agencia de Quinielas 01/021;Guerra, Cno. 7008;25139845;Horario de atención del local;Recarga;582595.40344809;6146314.87834138
Agencia De Quinielas 25/011;De Maria,Dr. Pablo 1249;24031317;Horario de atención del local;Recarga;575723.424085028;6137121.11286009
Agencia De Quinielas 31/025;De Herrera, Av. Dr. L. A. 3142;24870660;Horario de atención del local;Recarga;576621.410463942;6140771.76084635
Agencia De Quinielas 35/043;Salcedo, Marcos 5364;25130026;Horario de atención del local;Recarga;580492.086502422;6143208.34195278
Agencia De Quinielas 42/043;Cabral, Eusebio 4424;22226258;Horario de atención del local;Recarga;578151.037710163;6148002.30509545
Agencia De Quinielas 55/032;Emaus 336;093822970;Horario de atención del local;Recarga;568550.390758892;6143985.49089585
Agencia De Quinielas 24/012;Nuñez De Arce 4794;25225975;Horario de atención del local;Recarga;580642.579650195;6141172.76627958
Agencia De Quinielas 61/014;Durazno 1601;24128372;Horario de atención del local;Recarga;574943.700268209;6136663.06074432
Agencia De Quinielas 71/007;Elcano, J. Sebastian 3301;22169629;Horario de atención del local;Recarga;577572.146802366;6142181.46787581
Agencia De Quinielas 71/040;De Bejar, Jose 2662;25072229;Horario de atención del local;Recarga;579636.670148668;6142207.3424133
Agencia De Quinielas 36/050;Bolivia, Av. 2831;25257251;Horario de atención del local;Recarga;582647.044624632;6140652.59775362
Agencia De Quinielas 93/023;21 De Setiembre 2980;27123467;Horario de atención del local;Recarga;577381.831161411;6135525.37000111
Agencia De Quinielas 93/038;Bolivia, Av. 2140;26010322;Horario de atención del local;Recarga;583792.567734713;6139489.51882001
Agencia De Quinielas 80/005;Via, La. 3775 Bis;23150047;Horario de atención del local;Recarga;566219.747828507;6139351.14367982
Agencia De Quinielas 42/002;Saravia, Bvar. Aparicio 2716;25127572;Horario de atención del local;Recarga;581525.600111263;6146274.09494417
Agencia De Quinielas 23/012;Italia, Av. 7548;26044925;Horario de atención del local;Recarga;587801.775582725;6140286.75935115
Agencia de Quinielas 25/018;Jackson, Juan D. 1269;096941749;Horario de atención del local;Recarga;575505.266356172;6137079.77386171
Agencia De Quinielas 29/041;Vazquez, Dr. Laudelino 3335;22272345;Horario de atención del local;Recarga;585936.40746098;6150267.10663033
Agencia De Quinielas 37/017;Rinaldi, Cno. Tte. 5168;22202628 094921700;Horario de atención del local;Recarga;576149.258070594;6145849.05758517
Quinielas El Puma;San Martin, Av. Gral. 5125;22162701;Horario de atención del local;Recarga;576066.100871388;6145437.84710065
Agencia De Quinielas 71/001;Italia, Av. 3498;24801833;Horario de atención del local;Recarga;578708.341579871;6139168.20952812
Agencia de Quinielas 74/010;Patria 553;27122224;Horario de atención del local;Recarga;576288.498045754;6135672.52684816
Agencia De Quinielas 77/017;Batlle Berres, Av. Luis 6605;23122705;Horario de atención del local;Recarga;566479.718774373;6144878.97486616
Agencia De Quinielas 81/019;Edison, Cno. 5168;23594656;Horario de atención del local;Recarga;571525.048417365;6146551.91898586
Agencia De Quinielas 93/044;Carrasco, Camino 4670 Bis;25252635;Horario de atención del local;Recarga;580640.831472117;6140808.11940419
Agencia De Quinielas 10/037;Millan, Av. 4249;23060763;Horario de atención del local;Recarga;573106.032593189;6143595.29057805
Agencia De Quinielas 39/039;Guarapiru 3816;22151650;Horario de atención del local;Recarga;577806.114347895;6144317.63560242
Agencia De Quinielas 53/023;Av. 8 De Octubre 2527;24860349;Horario de atención del local;Recarga;576491.403320295;6138591.21733042
Agencia De Quinielas 88/001;Lezica, Av. 6339;23235189;Horario de atención del local;Recarga;569083.088494749;6149514.86463456
Agencia de Quinielas 80/008;Grecia 3816;23127805;Horario de atención del local;Recarga;568583.161749167;6139716.91285537
Agencia De Quinielas 19/005;Agraciada, Av. 3961;23053888;Horario de atención del local;Recarga;571733.514903577;6142149.85405997
Agencia de Quinielas 03/017;Berna 2133;23122452;Horario de atención del local;Recarga;567610.371083017;6140218.77756165
Agencia de Quinielas 05/027;Trapani, Pedro 651;23593169;Horario de atención del local;Recarga;573182.430045137;6143979.96227264
Agencia de Quinielas 08/032;Serrato, Ing. Jose 2518;095724928;Horario de atención del local;Recarga;578571.024649318;6140439.93471827
Agencia de Quinielas 62/036;Burgues, Av. 2757;22030418;Horario de atención del local;Recarga;574433.422879331;6140479.71471171
Agencia de Quinielas 65/036;Perez Montero, Arq. Carlos 4646;22279112;Horario de atención del local;Recarga;577217.61442079;6146892.0611953
Agencia de Quinielas 67/025;Garcia, Martin 2354;094522191;Horario de atención del local;Recarga;576127.11046564;6139156.65904773
Agencia de Quinielas 71/016;De Las Instrucciones, Av. 1456;23540395/96;Horario de atención del local;Recarga;573877.839564695;6144849.41995831
Agencia de Quinielas 93/019;Millan, Av. 5808;23552841;Horario de atención del local;Recarga;569432.510427413;6146314.13547392
Agencia de Quinielas 10/028;Blanco, Juan Benito 914;27083009;Horario de atención del local;Recarga;577664.101451352;6136013.21831132
Agencia de Quinielas 21/035;Itapua 2300;27110527;Horario de atención del local;Recarga;576383.967208562;6135760.78766683
Agencia de Quinielas 23/033;Tajes, Gral. Maximo 6605;26008509;Horario de atención del local;Recarga;585382.070145038;6140263.61464384
Agencia de Quinielas 41/007;Corcega 1943;26043831;Horario de atención del local;Recarga;585015.752908211;6139271.3958526
Agencia de Quinielas 42/001;Colonia 1169;29023424;Horario de atención del local;Recarga;573895.621801059;6137207.70697123
Agencia de Quinielas 48/014;Flores, Av. Gral. 3348;22040292;Horario de atención del local;Recarga;575673.218169057;6141293.91342258
Agencia de Quinielas 52/046;Maldonado, Cno. 6817;25137891;Horario de atención del local;Recarga;582099.040372502;6146099.18359075
Agencia de Quinielas 73/024;Santa Lucia 4820;23054255;Horario de atención del local;Recarga;570208.570186133;6143526.66701781
Agencia de Quinielas 03/040;Etiopia 327;23112399;Horario de atención del local;Recarga;566567.96437655;6139130.24969137
Agencia de Quinielas 08/033;De La Chimenea, Cno. 6289;23181400 ;Horario de atención del local;Recarga;567694.226431855;6145485.0441462
Agencia de Quinielas 14/008;Genova 3513;25120683;Horario de atención del local;Recarga;580695.197269218;6145000.69061097
Agencia de Quinielas 16/016;Simon, Dr. Fco. 2101;24818631;Horario de atención del local;Recarga;578135.164209246;6139104.46923687
Agencia de Quinielas 31/012;Corrales, Cno. 3121;25069834;Horario de atención del local;Recarga;578340.735059409;6142197.22057824
Agencia de Quinielas 38/013;Maldonado 1808;24185775;Horario de atención del local;Recarga;575288.528409295;6136777.78889089
Agencia de Quinielas 43/024;Aurora 358;23097805;Horario de atención del local;Recarga;571312.036522783;6141555.48254209
Agencia de Quinielas 49/029;Blanes, Juan Manuel 1297 Bis;24004438 ;Horario de atención del local;Recarga;575612.628551927;6137124.91298659
Agencia de Quinielas 73/041;Flores, Av. Gral. 3946;22118166;Horario de atención del local;Recarga;576044.715469888;6141813.4232783
Agencia de Quinielas 80/024;Sierra Leona 224;23115120;Horario de atención del local;Recarga;566490.224408663;6139234.62007017
Agencia de Quinielas 49/004;Maldonado 2136;24083839;Horario de atención del local;Recarga;575914.136639841;6136838.71754586
Agencia de Quinielas 62/027;Burgues, Av. 3143 Bis;22091723;Horario de atención del local;Recarga;574350.590396466;6141276.02058133
Agencia de Quinielas 77/010;Vaillant, Adolfo 660;23063009;Horario de atención del local;Recarga;569610.280190967;6142373.1773067
Agencia de Quinielas 88/004;Lanus 5676;094774759;Horario de atención del local;Recarga;571047.860683141;6148164.496295
Agencia de Quinielas 14/037;Higgs, Tomas 0000;099516143;Horario de atención del local;Recarga;581104.350874773;6144579.29647839
Agencia de Quinielas 18/001;Cadiz 3280;25096333;Horario de atención del local;Recarga;577375.514202268;6140851.03994663
Agencia de Quinielas 26/027;Carafi 1148;23540712;Horario de atención del local;Recarga;571005.805006722;6146027.71996949
Agencia de Quinielas 76/010;25 De Noviembre 3668;22161919 ;Horario de atención del local;Recarga;576443.361222277;6141812.65637842
Agencia de Quinielas 65/007;Cochabamba 3168;25136244;Horario de atención del local;Recarga;580311.652750067;6143349.22334769
Agencia de Quinielas 04/027;Batlle Berres, Av. Luis 6469;099546878;Horario de atención del local;Recarga;566822.116921629;6144734.53143189
Agencia de Quinielas 75/013;Fauquet, Cno. 7646;091724157;Horario de atención del local;Recarga;567212.828786277;6152494.0211979
Agencia de Quinielas 04/015;Antares, Cno. ;22275095 094883831 ;Horario de atención del local;Recarga;579306.361640278;6150045.47497316
Agencia de Quinielas 04/028;Santa Lucia 5150;23034423 ;Horario de atención del local;Recarga;569695.330775855;6143880.37254086
Agencia de Quinielas 10/011;Piedras 249;29154066;Horario de atención del local;Recarga;572049.127041149;6137104.76750297
Agencia de Quinielas 54/003;Comercio 2201;25095911;Horario de atención del local;Recarga;578865.427404742;6139782.38955905
Agencia de Quinielas 73/018;Aguilar, Gral. 1243;22096740 ;Horario de atención del local;Recarga;573907.860184275;6139537.72953882
Agencia de Quinielas 77/032;Norte, Pasaje 3011;23136601 ;Horario de atención del local;Recarga;566756.035170254;6138191.30368112
Agencia de Quinielas 53/025;Grito De Asencio 1182;22059732;Horario de atención del local;Recarga;573400.795695633;6140513.66921159
Agencia de Quinielas 47/017;Blanco, Juan Benito 1088;27097517;Horario de atención del local;Recarga;577921.226392642;6136379.31938611
Agencia de Quinielas 60/009;De Herrera, Av. Dr. L. A. 4352;23360315;Horario de atención del local;Recarga;573815.335466625;6142390.83897519
Agencia de Quinielas 85/050;San Martin, Av. Gral. 4916;22162521;Horario de atención del local;Recarga;576054.816566808;6144926.22563541
Agencia de Quinielas 09/006;Perez, Dr. Pantaleon 4961 Bis;25224036;Horario de atención del local;Recarga;580875.00471179;6142008.50836681
Agencia de Quinielas 31/016;Añaquito 4551 Bis;094008194;Horario de atención del local;Recarga;578244.661331398;6142379.92741548
Agencia de Quinielas 65/027;De Herrera, Av. Dr. L. A. 2036;24873459;Horario de atención del local;Recarga;577954.097144954;6138854.14450756
Agencia de Quinielas 63/050;Ayacucho 3299;098824868;Horario de atención del local;Recarga;577966.896622184;6138264.89979825
Agencia de Quinielas 21/031;Yrigoyen, Hipolito 1949;26196540;Horario de atención del local;Recarga;581230.930482181;6139395.71181018
Agencia de Quinielas 79/025;Mora, Domingo 7983;22229174;Horario de atención del local;Recarga;583799.466679076;6149420.00079082
Agencia de Quinielas 91/026;Ruggia, Clemente 4008;22229001;Horario de atención del local;Recarga;578917.801290614;6146685.06566554
Agencia de Quinielas 39/035;Lopez, Av.Mcal Fco. Solano 1646;093651607;Horario de atención del local;Recarga;579972.872304044;6138530.17929881
Agencia de Quinielas 73/010;De Amezaga, Dr. Juan J. 1729 Bis;099141535;Horario de atención del local;Recarga;574844.418139868;6139168.45743675
Agencia de Quinielas 76/012;Agraciada, Av. 3778;096415967;Horario de atención del local;Recarga;572099.203852709;6141898.00372448
Agencia de Quinielas 65/002;Haedo, Eduardo Victor 2138;099293338;Horario de atención del local;Recarga;575710.226663261;6138010.46667113
Agencia de Quinielas 53/029;Acuña, Manuel 3173;25147344;Horario de atención del local;Recarga;580310.107164541;6143120.65852773
Agencia de Quinielas 42/016;De La Aljaba, Av 3890;091602242;Horario de atención del local;Recarga;579558.720496017;6148093.24481343
Agencia de Quinielas 05/046;Islas Canarias, Av. 4443;23059612;Horario de atención del local;Recarga;572086.143283118;6143456.75265686
Agencia de Quinielas 88/029;De La Vega, Carlos 5201;23077378;Horario de atención del local;Recarga;569155.001807327;6143763.24738717
Agencia de Quinielas 26/002;Berthelot, Marcelino 1778;096219506;Horario de atención del local;Recarga;574925.206889463;6139325.17139411
Agencia de Quinielas 77/029;Filipinas 4221;23133680;Horario de atención del local;Recarga;567546.092813885;6140363.64795692
Agencia de Quinielas 93/046;Pasaje F;093981084;Horario de atención del local;Recarga;581354.740382363;6145643.4449815
Agencia de Quinielas 15/004;Maldonado, Cno. 5759;25115270;Horario de atención del local;Recarga;580113.184035701;6144325.16169769
Agencia de Quinielas 09/007;Ruta 8 J.A.Lavalleja 9200;22223614;Horario de atención del local;Recarga;586059.095953621;6150842.01037679
Agencia de Quinielas 20/003;Campbell, Pedro 1454;099129512;Horario de atención del local;Recarga;576609.694214316;6137614.25310402
Agencia de Quinielas 09/021;Cabrera, Jose Antonio 3592;093753091;Horario de atención del local;Recarga;578315.268039232;6140074.36004987
Agencia de Quinielas 58/009;Corrales, Cno. 2855;25088511;Horario de atención del local;Recarga;578746.086092655;6141761.7659578
Agencia de Quinielas 80/033;Turquia 3780;23140566;Horario de atención del local;Recarga;568684.97490223;6139644.50580262
Agencia de Quinielas 38/011;Jackson, Juan D. 1269;096332197;Horario de atención del local;Recarga;575514.7620313;6137067.93942882
Agencia de Quinielas 47/012;Florencia 3497;25148647;Horario de atención del local;Recarga;580940.006492488;6145125.85387164
Agencia de Quinielas 17/024;Santos, Cno. Gral. Maximo 5295;094140014;Horario de atención del local;Recarga;571023.60390436;6146448.57071675
Agencia de Quinielas 10/030;Plaza Independencia 703  Bis;29015030;Horario de atención del local;Recarga;573014.72099649;6137088.23807869
Agencia de Quinielas 39/050;Ellauri, Jose L. 1145;099263357;Horario de atención del local;Recarga;577504.305697035;6136610.7758851
Agencia de Quinielas 01/029;Corrientes, Av. 4502;095306138;Horario de atención del local;Recarga;580091.1777947;6141127.69640982
Agencia de Quinielas 06/039;Galicia ;29086712;Horario de atención del local;Recarga;573357.665943811;6137732.84856448
Agencia de Quinielas 10/013;Ejido 1364;29003878;Horario de atención del local;Recarga;574287.744966957;6137148.85610552
Agencia de Quinielas 10/038;Av. 18 De Julio 1497;24005116;Horario de atención del local;Recarga;574586.344787379;6137218.07122566
Agencia de Quinielas 21/008;Saravia, Bvar. Aparicio 3684;22167702;Horario de atención del local;Recarga;577447.326640062;6145055.86494879
Agencia de Quinielas 42/004;Continuación Cno. Carmelo Colm 5354;22278239;Horario de atención del local;Recarga;576620.903753958;6146103.42789417
Agencia de Quinielas 25/006;Artigas, Bvar. Gral. ;24099266    ;Horario de atención del local;Recarga;576348.652637173;6137450.74147341
Agencia de Quinielas 93/003;Belloni, Av. Jose 3342;25117849;Horario de atención del local;Recarga;579089.210635793;6143684.9185364
Agencia de Quinielas 46/015;Gerona Casales, Luis 4878;22277202  ;Horario de atención del local;Recarga;577758.984331921;6147182.83014567
Agencia de Quinielas 48/015;Flores, Av. Gral. 2845;097023101 ;Horario de atención del local;Recarga;575032.160057821;6140455.08714912
Agencia de Quinielas 80/003;Cont. Austria 2469 Bis;094214518;Horario de atención del local;Recarga;566723.371101457;6139551.54820861
Agencia de Quinielas 37/020;Trapani, Jacinto 5044;099567475;Horario de atención del local;Recarga;576624.294596583;6145283.14654115
Agencia de Quinielas 61/048;Castelar, Emilio 4520;096113418;Horario de atención del local;Recarga;580516.255160568;6140507.54837059
Agencia De Quinielas 91/022;Pje. Lezica Lanus 0;23200129;Horario de atención del local;Recarga;569898.993187833;6148471.64311756
Agencia de Quinielas 04/025;Robinson 3410;22116090;Horario de atención del local;Recarga;577526.523832489;6142504.92260357
Agencia de Quinielas 91/036;Asilo, Pasaje 2486;24802802;Horario de atención del local;Recarga;577668.452179727;6139804.48956777
Agencia de Quinielas 53/038;Cuaro 3183 Bis;22094775;Horario de atención del local;Recarga;573215.346251862;6140822.24911843
Agencia de Quinielas 24/010;Heras, Gral. Las 1925;092098829;Horario de atención del local;Recarga;577701.303825017;6138635.92308304
Agencia de Quinielas 25/004;Rivera, Av.;27082178;Horario de atención del local;Recarga;577127.75069098;6137384.4272639
Agencia de Quinielas 75/022;De Arzadum, Carmelo 5939;098560812;Horario de atención del local;Recarga;569355.368416431;6145630.78157246
Agencia de Quinielas 65/039;Ruta 8 J.A.Lavalleja;091461629;Horario de atención del local;Recarga;586540.301552614;6151305.51997994
Agencia de Quinielas 75/024;Batlle Berres, Av. Luis 8960;091348343;Horario de atención del local;Recarga;561878.4938697;6147717.07543225
Agencia de Quinielas 07/014;Maldonado 846;29084247;Horario de atención del local;Recarga;573266.791253485;6136619.97605047
Agencia de Quinielas 14/015;Gomez, Gral. Leandro 7382;25116718;Horario de atención del local;Recarga;582608.353515575;6147245.49072245
Agencia de Quinielas 91/009;De Mendoza, Av Pedro 4904 Bis;094357379;Horario de atención del local;Recarga;577123.47742947;6146737.25321717
Agencia de Quinielas 56/004;Ramirez, Av. Dr. C. Ma. 43;23051177;Horario de atención del local;Recarga;571074.937060496;6142724.03420982
Agencia de Quinielas 17/045;Santos, Cno. Gral. Maximo 4548;093896369;Horario de atención del local;Recarga;572834.125564641;6145149.88968837
Agencia de Quinielas 94/011;Fernandez Crespo, Av. Daniel 1714;095311430;Horario de atención del local;Recarga;575180.454828719;6137857.12700849
Agencia de Quinielas 47/042;Masini, Ramon 3277;27089439;Horario de atención del local;Recarga;577697.852716701;6136540.59315362
Agencia de Quinielas 55/026;Riquet, Ing. Benito 151;098616562;Horario de atención del local;Recarga;571105.512455899;6142434.78164143
Agencia de Quinielas 05/029;O'Higgins, Cno. 9522 Bis;095987280;Horario de atención del local;Recarga;560161.272034156;6144869.48088043
Agencia de Quinielas 28/001;Romero, Emilio 400;094012690;Horario de atención del local;Recarga;570971.881864135;6141800.33848529
Agencia de Quinielas 36/007;Carrasco, Camino 4986;25244520;Horario de atención del local;Recarga;581368.466913378;6140958.28448298
Agencia de Quinielas 36/006;Gallinal, Dr. Alejandro 2448;092500251;Horario de atención del local;Recarga;581337.663638772;6140814.26775151
Agencia de Quinielas 54/017;Paes 2291;095054798;Horario de atención del local;Recarga;580052.358927318;6140838.2362393
Agencia de Quinielas 60/005;Arangua 4646 Bis;23572015;Horario de atención del local;Recarga;572488.142983849;6145248.22982524
Agencia De Quinielas 28/020;May, Dr. Jose 5456;22188715;Horario de atención del local;Recarga;575255.535353553;6145342.16836261
Agencia De Quinielas 89/033;Pasaje J 1736 Bis;095923888;Horario de atención del local;Recarga;570204.361311192;6147839.82989956
Agencia de Quinielas 07/020;Maldonado 996;29030201;Horario de atención del local;Recarga;573576.709098122;6136645.6579125
Agencia de Quinielas 10/002;Av. 8 De Octubre 3990;25087444;Horario de atención del local;Recarga;578954.937552688;6140761.69959849
Agencia de Quinielas 26/005;De Mendoza, Av Pedro 5404;22222604;Horario de atención del local;Recarga;576695.529654867;6148193.69125343
Agencia de Quinielas 68/024;Melian Lafinur, Dr. Luis 2102;22007682;Horario de atención del local;Recarga;575770.92802735;6140597.28464653
Agencia de Quinielas 73/030;Timbues 3571;96767457;Horario de atención del local;Recarga;577798.577356919;6144625.5732901
Agencia de Quinielas 39/018;Cruz Del Sur, Cno. 3774 Bis;095965818;Horario de atención del local;Recarga;579835.715589422;6148104.14885918
Agencia de Quinielas 45/014;Chapicuy 3839;22150618;Horario de atención del local;Recarga;577577.112514565;6144312.92169099
Agencia de Quinielas 76/000;Ejido 1520;29001313;Horario de atención del local;Recarga;574262.126135504;6137482.00285264
La Ochaba;De Herrera, Av. Dr. L. A. 4495;23363627;Horario de atención del local;Recarga;573510.465265476;6142414.69447101
Agencia de Quinielas 10/040;Minas 1479;24083573;Horario de atención del local;Recarga;574821.277373969;6137389.16560058
Agencia de Quinielas 20/000;Rivera, Av. Gral. 3475;26225650;Horario de atención del local;Recarga;578637.968222908;6137561.9965243
Agencia de Quinielas 30/013;Ceres 4160;22224333;Horario de atención del local;Recarga;578923.939923697;6150464.55092131
Agencia de Quinielas 55/000;Vazquez 1468;24011521;Horario de atención del local;Recarga;574556.203271943;6137331.32989197
Agencia de Quinielas 88/016;Millan, Av. 4147;23074530 ;Horario de atención del local;Recarga;573275.347070471;6143319.11780253
Agencia de Quinielas 33/033;Cerrito 115;29165015;Horario de atención del local;Recarga;571834.205801599;6136926.23734899
Agencia de Quinielas 83/024;Garibaldi, Av. Gral. 2757 Bis;24876464;Horario de atención del local;Recarga;576788.011288673;6138883.52191802
Agencia de Quinielas 45/017;Belloni, Av. Jose  Esq. De Las Instruccion;22219965;Horario de atención del local;Recarga;579044.9420754;6150830.71678233
Agencia de Quinielas 58/004;Carrara, Juan 3391;25112358;Horario de atención del local;Recarga;578335.994586577;6143246.87535708
Agencia de Quinielas 30/046;Belloni, Av. Jose 6690;22200737;Horario de atención del local;Recarga;578936.101386537;6151411.68434936
Agencia de Quinielas 89/030;Tosti 4638;23577251;Horario de atención del local;Recarga;572663.574242475;6145599.29392969
Agencia de Quinielas 29/024;Rondeau, Av. Gral. Jose 2386;29242752;Horario de atención del local;Recarga;573716.18633298;6139238.94396317
Agencia de Quinielas 29/044;San Ramon 6;22276655;Horario de atención del local;Recarga;576602.607363273;6146486.20239825
Agencia de Quinielas 18/008;Roletti, Gral. Julio Amadeo 3333;094222860;Horario de atención del local;Recarga;577406.694214864;6140387.41100453
Agencia de Quinielas 75/025;Fauquet, Cno. 7097;095765296;Horario de atención del local;Recarga;569267.170722163;6149710.21861064
Agencia de Quinielas 52/002;De Mendoza, Av Pedro;098150976;Horario de atención del local;Recarga;576694.070899198;6148117.62290944
Agencia de Quinielas 38/016;Garcia, Serafin J. 3925;25137467;Horario de atención del local;Recarga;581861.615991537;6147083.38200286
Agencia de Quinielas 19/043;Anador, Av. Ramon 3668;097700064;Horario de atenciÃ³n del local;Recarga;578954.805577963;6138383.41725358
Agencia de Quinielas 10/026;Av. 18 De Julio 1334;29027089;Horario de atención del local;Recarga;574248.325207513;6137110.02647539
Agencia de Quinielas 26/012;Fernandez Crespo, Av. Daniel 2177;29247530;Horario de atención del local;Recarga;574528.910834365;6138433.84325737
Agencia de Quinielas 32/001;Yatay 1437;094459883;Horario de atención del local;Recarga;574233.992566388;6139037.34767501
Agencia de Quinielas 19/040;Mena 4401;23089323;Horario de atención del local;Recarga;572131.719564641;6142951.33720579
Agencia de Quinielas 35/009;Carreras Nacionales 3648;25145339;Horario de atención del local;Recarga;577897.694290819;6143484.17838933
Agencia de Quinielas 68/048;San Jose 1043;29082640;Horario de atención del local;Recarga;573651.732821448;6136988.08484054
Agencia de Quinielas 85/023;Vigodet, Gdor. 2672;094071190;Horario de atención del local;Recarga;579544.856722215;6142024.92246947
Agencia de Quinielas 93/001;Castriz, Ramon 2591;094759450;Horario de atención del local;Recarga;579280.11373803;6141338.15534376
Agencia de Quinielas 51/023;Penco, Jose Maria. 3562;22011015;Horario de atención del local;Recarga;575322.891459999;6142065.7069164
Agencia De Quinielas 09/000;Av. 8 De Octubre 3468;25089441;Horario de atención del local;Recarga;578001.184660958;6140090.46085097
Agencia De Quinielas 10/002;Av. 8 De Octubre 3990;25087444;Horario de atención del local;Recarga;578954.937552688;6140761.69959849
Agencia De Quinielas 73/091;Av. 8 De Octubre 3758;29009290;Horario de atención del local;Recarga;578559.589836739;6140470.75390938
Agencia De Quinielas 04/030;Paz Aguirre, Eduardo. 2134;23126792;Horario de atención del local;Recarga;567855.255817756;6144841.17439548
Agencia De Quinielas 68/000;Rio Negro 1341;29087414;Horario de atención del local;Recarga;573663.420644051;6137055.31035779
Agencia De Quinielas 70/008;Paraguay 1315;29030796;Horario de atención del local;Recarga;573765.929131616;6137020.99074469
Agencia De Quinielas 93/004;Gronardo 3168;25141881;Horario de atención del local;Recarga;578821.905956967;6143030.87893667
Agencia De Quinielas 10/027;Ituzaingo 1433;29158019;Horario de atención del local;Recarga;572671.834661671;6137111.92987427
Agencia De Quinielas 12/000;Zabala 1384;29152166;Horario de atención del local;Recarga;572439.282852608;6136923.79405337
Agencia De Quinielas 15/036;Camambu 4195;23058124;Horario de atención del local;Recarga;569649.387373548;6140915.93991823
Agencia De Quinielas 55/001;Ejido 1000;29019246;Horario de atención del local;Recarga;574361.554497606;6136371.80514323
Agencia de Quinielas 20/021;Oribe, Bvar. Presidente 1694;26232814;Horario de atención del local;Recarga;579183.839124308;6138377.00194531
Agencia de Quinielas 54/014;Alferez Real 2670;25079072;Horario de atención del local;Recarga;579450.090109283;6141828.3312335
Agencia de Quinielas 39/016;Melendez, Manuel 4200;091833651;Horario de atención del local;Recarga;576472.424885393;6142994.99870099
Agencia de Quinielas 43/021;Uruguayana 3655;23080214  ;Horario de atención del local;Recarga;571995.102808501;6141435.02087298
Agencia de Quinielas 59/011;Verdi 4237;095571469;Horario de atención del local;Recarga;580279.933671815;6138053.25088022
Agencia de Quinielas 41/000;Legrand, Enrique 4864;26192363;Horario de atención del local;Recarga;581945.421718064;6138976.98854663
Agencia de Quinielas 39/009;Lomas De Zamora 2753;094529387;Horario de atención del local;Recarga;562573.273107902;6146374.45847009
Agencia de Quinielas 43/006;Ramirez, Av. Dr. C. Ma. 179;23041585;Horario de atención del local;Recarga;570874.444186885;6142545.70113895
Agencia de Quinielas 59/025;26 De Marzo 1366;27088184;Horario de atención del local;Recarga;578005.721203153;6136838.41904116
Agencia de Quinielas 55/042;Lamartine 1469;23595022;Horario de atención del local;Recarga;571821.308018194;6146379.81176309
Agencia de Quinielas 35/033;Blanco, Juan Benito 635;27103672;Horario de atención del local;Recarga;577500.633265241;6135444.62154446
Agencia de Quinielas 25/010;Colonia 2149;099704896;Horario de atención del local;Recarga;575882.201788581;6137945.27104242
Agencia de Quinielas 69/012;Beranger Juan 2434;26009145;Horario de atención del local;Recarga;584645.000752815;6140618.04497963
Agencia de Quinielas 93/002;Saravia, Bvar. Aparicio 3411 Bis;25140147;Horario de atención del local;Recarga;580113.282523471;6145383.20595506
Agencia de Quinielas 06/045;Galicia;29086712;Horario de atención del local;Recarga;573264.90480859;6137696.21681445
Agencia de Quinielas 85/036;Corrales, Cno. 2855;25088511;Horario de atención del local;Recarga;578676.858104026;6141822.36104191
Agencia de Quinielas 56/024;Piratas 4861;23032829;Horario de atención del local;Recarga;569658.480434594;6143146.02941695
Agencia de Quinielas 85/029;Requena, Dr. Joaquin 3096;098102484;Horario de atención del local;Recarga;575509.95627421;6140993.59816461
Agencia de Quinielas 39/030;Italia, Av. 3563;098884592;Horario de atención del local;Recarga;578843.711150116;6139213.51439735
Agencia De Quinielas 60/007;Herrera Y Obes, Julio  Esq. Colonia;099105675;Horario de atención del local;Recarga;573550.204107853;6137201.06398579
Agencia De Quinielas 10/035;Muñoz, Daniel 2200;24097620;Horario de atención del local;Recarga;575834.994218051;6138158.71285206
Agencia De Quinielas 50/034;Flores, Av. Gral. 4012;22116770;Horario de atención del local;Recarga;576500.657435873;6142598.60899485
Agencia De Quinielas 90/008;Batlle Y Ordoñez, Br. Jose 5550;23593312;Horario de atención del local;Recarga;573112.557107452;6144562.54464283
Agencia de Quinielas 31/013;Cabal, Juan 2291;24877218;Horario de atención del local;Recarga;576573.242315755;6140269.09500165
Agencia de Quinielas 67/030;Arenal Grande 2429;22010348;Horario de atención del local;Recarga;575042.542085233;6139469.2746334
Agencia de Quinielas 80/035;Republica Argentina 1848;23135881;Horario de atención del local;Recarga;568400.53619068;6138820.29258748
Agencia De Quinielas 57/000;Lavalleja, Liber.Brig.Gral. 1945;29240393;Horario de atención del local;Recarga;574073.896605098;6138282.15933944
Agencia De Quinielas 73/000;Flores, Av. Gral. 2422;22002361;Horario de atención del local;Recarga;574681.135526006;6139630.7140305
Agencia De Quinielas 85/010;Iraola, Dr. Jose 4867;22154451;Horario de atención del local;Recarga;576554.699559504;6144658.3341024
Agencia De Quinielas 90/014;Gomez, Gral. Leandro 4615;2169970;Horario de atención del local;Recarga;576684.828072154;6145260.68142973
Agencia de Quinielas 05/041;Cantares Gallego 4542;23057727;Horario de atención del local;Recarga;572126.326170533;6144136.61029935
Agencia de Quinielas 12/005;Millan, Av. 4570;094463794;Horario de atención del local;Recarga;572159.1484908;6144333.76089424
Agencia de Quinielas 56/002;Abrevadero 5620;23203168;Horario de atención del local;Recarga;570975.857916908;6152153.8843892
Agencia de Quinielas 90/005;Galicia ;29085443;Horario de atención del local;Recarga;573362.543847045;6137691.66358381
Agencia De Quinielas 42/045;Belloni, Av. Jose 4402;22220648;Horario de atención del local;Recarga;578647.956933677;6146308.08578347
Agencia de Quinielas 25/005;Ponsonby, Lord 0000;098963177;Horario de atención del local;Recarga;576516.918742717;6138003.53410738
Agencia De Quinielas 09/010;Abipones 5835;25137023;Horario de atención del local;Recarga;580179.331951308;6144632.68114518
Agencia De Quinielas 18/010;Sierra, Santiago 3858;22114629;Horario de atención del local;Recarga;575461.096443665;6142885.37855524
Agencia de Quinielas 68/026;Saravia, Bvar. Aparicio 3303;25120444;Horario de atención del local;Recarga;580535.000297964;6145658.77469845
Agencia De Quinielas 02/000;Anador, Av. Ramon 3410;26287161;Horario de atención del local;Recarga;578308.980758784;6138207.30160488
Agencia De Quinielas 40/014;Hermano Damasceno 1673;24018287;Horario de atención del local;Recarga;574466.668870697;6137657.56733443
Agencia De Quinielas 93/042;De Medina, Felix ;25224765;Horario de atención del local;Recarga;580815.242745682;6140529.75780465
Agencia de Quinielas 07/005;Galeano, Cno. Tte. Alberto  Bis;097051749;Horario de atención del local;Recarga;576162.634281654;6145389.35695315
Agencia de Quinielas 30/009;Rodriguez, Gral. Martin 4306;22166904;Horario de atención del local;Recarga;575565.586747753;6143782.84826184
Agencia de Quinielas 62/000;Artigas, Bvar. 3528;22091019;Horario de atención del local;Recarga;574987.566272881;6141014.30415382
Agencia de Quinielas 62/004;San Martin, Av. Gral. 3083;22083616;Horario de atención del local;Recarga;574774.989155102;6141107.53893023
Agencia de Quinielas 62/008;San Martin, Av. Gral. 3222;22053697;Horario de atención del local;Recarga;574934.332471408;6141445.6064879
Agencia De Quinielas 10/031;Av. 18 De Julio 1927;24002897;Horario de atención del local;Recarga;575402.200810052;6137589.01707651
Agencia De Quinielas 65/000;Av. 18 De Julio 2013;24098130;Horario de atención del local;Recarga;575611.706543907;6137687.65779666
Agencia de Quinielas 05/091;Castro, Cno. 253;23059964;Horario de atención del local;Recarga;572101.323400384;6142724.99937175
Agencia de Quinielas 32/091;Agraciada, Av. 2329;29241075;Horario de atención del local;Recarga;574126.992215664;6139016.14473468
Agencia de Quinielas 70/001;Brasil, Av. 3086;27099586;Horario de atención del local;Recarga;577671.312350603;6136191.01843067
Agencia de Quinielas 83/008;Anaya, Carlos 2839 Bis;24860625;Horario de atención del local;Recarga;576693.308527095;6139403.57821478
Agencia de Quinielas 04/025;Robinson 3410;22116090;Horario de atención del local;Recarga;118098733363904000000000000000000000;-106282636608249000000000000000000000000000
Agencia de Quinielas 32/002;Maestra Elena Quinteros 0;095715407;Horario de atención del local;Recarga;569849.635690658;6146301.54260765
Agencia de Quinielas 03/002;Pereda, Gral. Enrique 1546;22044712 ;Horario de atención del local;Recarga;574141.363442124;6141660.44937113
Agencia de Quinielas 21/012;Aconcagua 5053;26192447 ;Horario de atención del local;Recarga;582288.601844328;6138247.79513435
Agencia de Quinielas 46/000;Av. 18 De Julio 975;29083970;Horario de atención del local;Recarga;573458.896045654;6137060.39330938
Agencia de Quinielas 52/006;Galatea 3002;098805214 ;Horario de atención del local;Recarga;576340.737479727;6140741.83126688
Agencia de Quinielas 55/025;Ellauri, Jose L. 395;27118217;Horario de atención del local;Recarga;576776.377735972;6135179.45499783
Agencia de Quinielas 68/030;Soriano 1060;091211892 ;Horario de atención del local;Recarga;573711.246796593;6136856.51506384
Agencia de Quinielas 71/005;Smidel 2859;25075725 ;Horario de atención del local;Recarga;579177.202650935;6142217.8678878
Agencia de Quinielas 33/015;Larrobla, J. Fco. 934 Bis; 091806478;Horario de atención del local;Recarga;572666.88458211;6140850.57279905
Agencia de Quinielas 04/008;Saravia, Bvar. Aparicio 3832;094125334;Horario de atención del local;Recarga;576326.551843233;6144932.84045799
Agencia de Quinielas 42/005;Belloni, Av. Jose 5738;22274735;Horario de atención del local;Recarga;579037.190008378;6149238.52060626
Agencia de Quinielas 01/034;Av. 8 De Octubre 3121;096424981;Horario de atención del local;Recarga;577394.416004382;6139691.80058129
Agencia de Quinielas 07/006;Alvarez, Hermogenes 3374;22007792;Horario de atención del local;Recarga;575263.313028696;6141445.57106367
Agencia de Quinielas 28/044;Gronardo 3709;25112572;Horario de atención del local;Recarga;577861.396834155;6143742.56431431
Agencia de Quinielas 73/030;Timbues 3571;096767457;Horario de atención del local;Recarga;577798.577356919;6144625.5732901
Agencia de Quinielas 07/003;Fraternidad 4157;099511476;Horario de atención del local;Recarga;570963.666610287;6142085.09242162
Agencia de Quinielas 32/037;Guatemala 1232;099102602;Horario de atención del local;Recarga;573910.068008335;6138600.2297518
Agencia de Quinielas 79/049;Chamizo 4231;26142754;Horario de atención del local;Recarga;580267.355100829;6138911.11840771
Agencia De Quinielas 85/020;Saravia, Bvar. Aparicio 3568;093438273;Horario de atención del local;Recarga;577002.20243548;6145005.38042706
Agencia de Quinielas 90/012;De Mendoza, Av Pedro 4755;22271822;Horario de atención del local;Recarga;577203.631555344;6146328.11611645
Agencia de Quinielas 47/030;España, Bvar. 2823;097969081 ;Horario de atención del local;Recarga;577475.978149509;6136135.66946003
Agencia de Quinielas 04/033;Pasaje C 1740;23124648 ;Horario de atención del local;Recarga;566327.907918752;6146570.99659745
Agencia de Quinielas 62/005;Artigas, Bvar. ;22006733;Horario de atención del local;Recarga;576185.315873692;6139408.2638497
Agencia de Quinielas 88/024;Laguna, Julian 5001 Bis;23036856;Horario de atención del local;Recarga;569786.424990452;6143559.83453875
Agencia de Quinielas 54/009;Guemes 2908;095975019;Horario de atención del local;Recarga;579005.355431335;6142145.82041759
Agencia de Quinielas 28/019;Batlle Y Ordoñez, Br. Jose 3447;22164167;Horario de atención del local;Recarga;576260.532359174;6141559.76288073
Agencia de Quinielas 04/032;Batlle Berres, Av. Luis 5664 Bis;094695872;Horario de atención del local;Recarga;568477.040944112;6143835.76567857
Agencia de Quinielas 85/001;San Martin, Av. Gral. 3948;22156062;Horario de atención del local;Recarga;575677.987776824;6142900.66947843
Agencia de Quinielas 73/008;Mayo Gutierrez, Ruta Cesar 2416;23207621;Horario de atención del local;Recarga;570978.404931424;6149853.6383354
Agencia de Quinielas 65/031;Maldonado, Cno. 6677;25110483;Horario de atención del local;Recarga;581891.646811632;6145908.17059083
Agencia de Quinielas 30/005;Rodriguez Correa, Ing. Manuel 1577;22083769;Horario de atención del local;Recarga;574533.146347819;6142682.58597564
Agencia de Quinielas 85/022;Lavalleja, Manuel 4937;22153994;Horario de atención del local;Recarga;576469.735174272;6145029.35498174
Agencia de Quinielas 10/042;Av. 18 De Julio 1969;24014161;Horario de atención del local;Recarga;575531.132485774;6137645.29186487
Agencia de Quinielas 04/034;Molinos De Raffo 549;23094562;Horario de atención del local;Recarga;571927.597273421;6143560.36245449
Agencia de Quinielas 68/016;Florencia 3766;25140554;Horario de atención del local;Recarga;580682.377996928;6145705.72382673
Agencia de Quinielas 85/014;Rodriguez Correa, Ing. Manuel 1697;22034578;Horario de atención del local;Recarga;574840.928702699;6142600.22595263
Agencia de Quinielas 12/001;Colon 1409;094342670;Horario de atención del local;Recarga;572231.774364049;6136897.70892774
Agencia de Quinielas 30/016;Rodriguez, Guillermo 4752;22167574;Horario de atención del local;Recarga;576173.996491713;6144379.25122192
Agencia de Quinielas 90/000;De Herrera, Av. Dr. L. A. 1290;26281978;Horario de atención del local;Recarga;578890.313842677;6137294.53421782
Agencia de Quinielas 52/003;Raña, Emilio 2647;094782531;Horario de atención del local;Recarga;576658.902368061;6139823.9782712
Agencia de Quinielas 20/016;Rodriguez, Feliciano 3050;26286740;Horario de atención del local;Recarga;577600.812503357;6137798.87708967
Agencia de Quinielas 44/029;España, Bvar. 2512;27106126;Horario de atención del local;Recarga;576734.497734392;6136371.60949242
Agencia de Quinielas 04/023;Calle La Paloma;23148493;Horario de atención del local;Recarga;567532.909562127;6141178.66139609
Agencia de Quinielas 28/022;Petrone, Pedro 4875;22186834;Horario de atención del local;Recarga;576631.596642969;6145631.77083874
Agencia de Quinielas 63/040;Cassinoni, Mario. 1709;24017198;Horario de atención del local;Recarga;576169.695264718;6138256.19181561
Agencia de Quinielas 73/016;Constitucion 2504;22015753;Horario de atención del local;Recarga;575223.483241694;6139824.01810732
Agencia de Quinielas 30/020;Canope 3946;095800559;Horario de atención del local;Recarga;579298.608440676;6150260.25407475
Agencia de Quinielas 39/019;Conciliacion 3963;099520282;Horario de atención del local;Recarga;571166.342853647;6141721.7516472
Agencia de Quinielas 57/037;Batlle Berres, Av. Luis 9255;23134334;Horario de atención del local;Recarga;561327.969237865;6148007.22566455
Agencia de Quinielas 93/007;Gallinal, Gustavo 2336;25081823;Horario de atención del local;Recarga;576281.659582344;6140727.01856844
Agencia de Quinielas 48/007;Corrales, Cno. 3780;25146062;Horario de atención del local;Recarga;577262.990758488;6143614.87348882
Agencia de Quinielas 61/003;Isla De Flores 1500;24130315;Horario de atención del local;Recarga;574647.844753155;6136525.29538074
Agencia de Quinielas 75/016;Paz, La 2006;095023409;Horario de atención del local;Recarga;575277.307893055;6138434.37167044
Agencia de Quinielas 03/004;Guaycuru 2902;093641619;Horario de atención del local;Recarga;573925.200693222;6140712.07415048
Creditel - Mini Piedras Blancas;Teniente Galeano 4095 Esq. Belloni;25138867;Horario de atención del local;Recarga;578569.207219579;6145795.04619844
Agencia de Quinielas 42/047;Abeja, Cno. La 11;25151820;Horario de atención del local;Recarga;576002.44591011;6149059.96126729
Agencia de Quinielas 15/021;Laguna, Julian 4674;23074812;Horario de atención del local;Recarga;570320.53314113;6143212.06284809
Agencia de Quinielas 20/020;Maggiolo, Ing. Carlos Ma. 499;27107220;Horario de atención del local;Recarga;576403.864606016;6135551.00800107
Agencia de Quinielas 30/010;Vedia 995;23558408;Horario de atención del local;Recarga;571816.994742955;6144941.20507587
Agencia de Quinielas 18/032;Republica De Corea  Esq. Larrañaga, Av. Da;099626695;Horario de atención del local;Recarga;577447.537288965;6140893.90631947
Agencia de Quinielas 31/007;Senda 13 4926;22162905;Horario de atención del local;Recarga;575674.44418854;6144952.55134425
Agencia de Quinielas 12/007;Perez Castellano 1451;095600231;Horario de atención del local;Recarga;572110.119757155;6136937.5965708
Agencia de Quinielas 60/020;Vidal, Mateo 3233;24819201;Horario de atención del local;Recarga;577712.256359635;6139560.0130807
Agencia de Quinielas 05/044;Molinos De Raffo 669;095203944;Horario de atención del local;Recarga;572077.754376644;6143854.96373324
Agencia de Quinielas 17/046;Giralt, Pedro 4240;23595642;Horario de atención del local;Recarga;570119.464819401;6141500.58654809
Agencia de Quinielas 60/021;De Herrera, Av. Dr. L. A. 2840;097230679;Horario de atención del local;Recarga;577096.307108988;6140214.24356536
Agencia de Quinielas 26/011;Flores, Av. Gral. 0000;094707673;Horario de atención del local;Recarga;576875.36688039;6143227.74537915
Agencia de Quinielas 91/003;Roxlo, Carlos 1363;24090469;Horario de atención del local;Recarga;574780.181428917;6137235.12078325
Agencia de Quinielas 54/019;Abreu, Agustin 2354;099220782;Horario de atención del local;Recarga;577882.675560216;6139589.28584516
Agencia de Quinielas 35/016;Zum Felde, Alberto 2097;099185305;Horario de atención del local;Recarga;582140.926060546;6140100.50611017
Agencia de Quinielas 42/007;De La Aljaba, Av 5294;096435308;Horario de atención del local;Recarga;579529.515318018;6148058.78444748
Agencia de Quinielas 20/007;De Herrera, Av. Dr. L. A. 1429;26226391;Horario de atención del local;Recarga;578657.223701247;6137644.23484386
Agencia de Quinielas 33/017;Cuestas, Juan Lindolfo 1406;29169654;Horario de atención del local;Recarga;571884.587316618;6136757.04408473
Agencia de Quinielas 80/028;Polonia 3380;23113497;Horario de atención del local;Recarga;568127.474042617;6138744.3641005
Agencia de Quinielas 73/033;Melian Lafinur, Dr. Luis 1991;23030218;Horario de atención del local;Recarga;575492.479299742;6140603.24423976
Agencia de Quinielas 27/048;Cosio, Pedro 2421;25242875;Horario de atención del local;Recarga;581414.547531084;6140949.33511103
Agencia de Quinielas 29/018;Rodo, Jose Enrique 1914;099440027;Horario de atención del local;Recarga;575324.873511016;6137419.19169559
Agencia de Quinielas 16/007;Habana 3004;094937822;Horario de atención del local;Recarga;578762.034426976;6142181.40899912
Agencia de Quinielas 29/043;Euskal-Erria, Complejo  Esq. Berro, Dr. Ro;25223782;Horario de atención del local;Recarga;580641.96881479;6140252.24303911
Agencia de Quinielas 04/007;Moreno, Av. Alfredo 6545;23124294;Horario de atención del local;Recarga;566494.712462416;6144613.80993475
Agencia de Quinielas 46/019;Canelones 800;29007101;Horario de atención del local;Recarga;573171.305861204;6136709.57576962
Agencia de Quinielas 51/005;Cantu, Luis Pedro 3484;091222030;Horario de atención del local;Recarga;583605.935620455;6148964.82920972
Agencia de Quinielas 17/026;Edison, Cno.;093941805;Horario de atención del local;Recarga;570497.43074659;6147303.36498823
Agencia de Quinielas 39/033;Melilla, Cno. 6525;23233158;Horario de atención del local;Recarga;567898.799137204;6149244.44513408
Agencia de Quinielas 50/020;Inca 2150;094745418;Horario de atención del local;Recarga;575122.071036079;6138937.27369899
Agencia de Quinielas 79/011;Maldonado, Cno. 5575;095720586;Horario de atención del local;Recarga;579946.275004933;6143870.57195426
Agencia de Quinielas 13/018;Rivadavia 2002;091337878;Horario de atención del local;Recarga;575346.194532274;6139820.45819072
Agencia de Quinielas 25/019;Ramon, Dr. Gaston 2320;27076573;Horario de atención del local;Recarga;576478.258172429;6137740.12235817
Agencia de Quinielas 11/016;Libres 1765;22000168;Horario de atención del local;Recarga;574873.733112467;6139255.38940667
Agencia de Quinielas 26/045;Cont. Luis C. Caviglia;25117473;Horario de atención del local;Recarga;580613.760102693;6146233.35322444
Agencia de Quinielas 01/001;Calleros, Manuel 4912;25110473;Horario de atención del local;Recarga;579140.126203402;6142815.19668914
Agencia de Quinielas 45/037;Michelena, Bernabe 4650;098601442;Horario de atención del local;Recarga;576188.141258159;6144100.76199553
Agencia de Quinielas 88/005;Molinos De Raffo 549;23094562;Horario de atención del local;Recarga;571928.244198678;6143561.24460941
Agencia de Quinielas 45/049;24 De Abril 4657;25112539;Horario de atención del local;Recarga;577405.047889563;6143546.68809125
Agencia de Quinielas 74/012;Zudañez, Jaime 2894;27135983;Horario de atención del local;Recarga;577608.068015863;6135822.12460457
Agencia de Quinielas 08/014;Batlle Y Ordoñez, Br. Jose 4454;22111837;Horario de atención del local;Recarga;575027.351350099;6142736.22366967
Agencia de Quinielas 29/019;Artigas, Bvar. 1629;24012462;Horario de atención del local;Recarga;576303.509732416;6137932.00738221
Agencia de Quinielas 76/001;Cerro Largo 1416;097300606;Horario de atención del local;Recarga;574350.869230056;6137676.03227511
Agencia de Quinielas 69/037;Oviedo 4729;26191567;Horario de atención del local;Recarga;581569.891623533;6139128.29386118
Agencia de Quinielas 21/007;Obligado 880;094632252;Horario de atención del local;Recarga;576735.467232185;6136095.22218252
Agencia de Quinielas 11/019;Garay 4714;097229435;Horario de atención del local;Recarga;578087.437651701;6143283.26622802
Agencia de Quinielas 37/007;Pajas Blancas, Camino 7810;23140730;Horario de atención del local;Recarga;561719.66841675;6141828.86085493
Agencia de Quinielas 91/020;Buyo, Dr. Jose Maria 4084;095005408;Horario de atención del local;Recarga;578696.226003256;6146550.88761239
Agencia de Quinielas 58/011;Acevedo, Eduardo 1442;092213435;Horario de atención del local;Recarga;575317.138893634;6137389.75440157
Agencia de Quinielas 20/009;Ellauri, Jose L. 980;094019594;Horario de atención del local;Recarga;577330.221031807;6136346.62797848
Agencia de Quinielas 67/006;Veracierto 2750;25256132;Horario de atención del local;Recarga;580422.814113516;6141378.65634205
Agencia de Quinielas 80/001;Bastida, Pilar 4411;23133505;Horario de atención del local;Recarga;566486.125822144;6140494.95150987
Agencia de Quinielas 45/005;Londres 3648;22159907;Horario de atención del local;Recarga;576906.137652564;6142994.14212591
Agencia de Quinielas 68/032;Bogota 4216;23147892;Horario de atención del local;Recarga;568153.369134483;6140442.99105444
Agencia de Quinielas 68/034;Casavalle, Cno. 5384;095328011;Horario de atención del local;Recarga;571399.84819055;6147410.95196065
Agencia de Quinielas 26/043;Tapes 951;095893367;Horario de atención del local;Recarga;573293.197259545;6139974.31349613
Agencia de Quinielas 94/012;De Las Instrucciones, Av. 1629;094821031;Horario de atención del local;Recarga;574134.430289152;6145177.8441087
Agencia de Quinielas 42/018;Tangerinos, Cno. De Los 3918;22277601;Horario de atención del local;Recarga;579365.975590942;6149161.82234085
Agencia de Quinielas 83/006;Av. 8 De Octubre 2953;24801614;Horario de atención del local;Recarga;577087.642730305;6139402.37309145
Agencia de Quinielas 09/018;Pan De Azucar 2750;25060835;Horario de atención del local;Recarga;578749.715111663;6141131.23227445
Agencia de Quinielas 88/007;Herrera Y Obes, Manuel 4698;23039855;Horario de atención del local;Recarga;569990.156806792;6142953.08138062
Agencia de Quinielas 70/017;Colonia 1310;29034111;Horario de atención del local;Recarga;574193.913629551;6137216.60469385
Agencia de Quinielas 55/030;Del Fuerte, Cno. 5152;25136922;Horario de atención del local;Recarga;580534.582516537;6142696.46717313
Agencia de Quinielas 73/006;Susviela Guarch, Alberto 3559 Bis;096517436;Horario de atención del local;Recarga;578340.649235597;6143898.51831724
Agencia de Quinielas 70/050;Cibils, Jaime 2812;24872453;Horario de atención del local;Recarga;577169.588434214;6139257.83730487
Agencia de Quinielas 20/028;Monte Caseros 2639;091208741;Horario de atención del local;Recarga;576349.763924804;6139139.0558552
Agencia de Quinielas 15/001;Ameghino 5192;23070680;Horario de atención del local;Recarga;569048.368573519;6143177.26289863
Agencia de Quinielas 26/044;28 De Febrero 1071;23079309;Horario de atención del local;Recarga;571487.441598823;6145270.50167032
Agencia de Quinielas 17/027;Jenner 1397;23570266;Horario de atención del local;Recarga;573794.660423034;6144592.23727719
Agencia de Quinielas 69/024;Yrigoyen, Hipolito 1706;26142786;Horario de atención del local;Recarga;581381.163058756;6138890.52433833
Agencia de Quinielas 30/021;Rancagua 3915;22113276;Horario de atención del local;Recarga;575690.435356117;6144064.95865303
Agencia de Quinielas 85/025;Perez, Silvestre 2628;25085983;Horario de atención del local;Recarga;578858.779150263;6140888.8505829
Agencia de Quinielas 48/028;Guaviyu 2983;22007228;Horario de atención del local;Recarga;575170.254831147;6140676.65254013
Agencia de Quinielas 20/031;Acevedo, Eduardo 1001;096419049;Horario de atención del local;Recarga;575456.598459531;6136507.56737304
Agencia de Quinielas 94/019;Fernandez Crespo, Av. Daniel 2096;099246911;Horario de atención del local;Recarga;574602.175776822;6138364.04119029
Agencia de Quinielas 13/012;Carabelas 3250;091470840;Horario de atención del local;Recarga;574782.185158385;6141541.11920155
Agencia de Quinielas 94/021;Yaguaron 1851;29250676;Horario de atención del local;Recarga;574206.540530055;6138142.56366913
Agencia de Quinielas 39/021;Chicago 5281;098319146;Horario de atención del local;Recarga;575718.929642329;6146320.52615493
Agencia de Quinielas 36/021;Sierra, Santiago 0;22161627;Horario de atención del local;Recarga;576630.974307729;6142866.0222394
Agencia de Quinielas 51/015;Acosta Y Lara, Arq. Horacio 6915;26008021;Horario de atención del local;Recarga;586190.074411829;6141003.79270995
Agencia de Quinielas 40/010;Gaboto 1557;096251289;Horario de atención del local;Recarga;574930.169969594;6137643.4685377
Agencia de Quinielas 94/020;Nicaragua 2102;092030303;Horario de atención del local;Recarga;575456.796644162;6138680.65691651
Agencia de Quinielas 25/032;Lamas, Jose Benito 2795;098141758;Horario de atención del local;Recarga;577069.408899298;6136370.34571069
Agencia de Quinielas 35/002;21 De Setiembre 3131;27121266;Horario de atención del local;Recarga;577675.104763807;6135465.32216004
Agencia de Quinielas 36/022;Ariel, Cno. 4697;23583514;Horario de atención del local;Recarga;571847.17726233;6144965.36746652
Agencia de Quinielas 94/018;Ramirez, Av. Dr. C. Ma. 1001;095182133;Horario de atención del local;Recarga;569655.656856072;6141355.73614147
Agencia de Quinielas 53/045;Rossi, Av. Dr. Santin C. 4755;095009788;Horario de atención del local;Recarga;568290.892279597;6141677.20730199
Agencia de Quinielas 91/044;Colonia 1566;099245287;Horario de atención del local;Recarga;574676.240870905;6137351.31192581
Agencia de Quinielas 44/007;Mitre, Bartolito 2706;097347686;Horario de atención del local;Recarga;577214.493508497;6136922.98961102
Agencia de Quinielas 79/007;Pasaje Acacias 3600;096786173;Horario de atención del local;Recarga;583087.670360285;6148965.65122003
Agencia de Quinielas 20/018;Terra, Dr. Duvimioso 1862;24069368;Horario de atención del local;Recarga;576173.363536024;6138543.18609623
Agencia de Quinielas 27/014;Blanco, Juan Benito 972 Bis;099224748;Horario de atención del local;Recarga;577755.903311511;6136201.05747127
Agencia de Quinielas 27/015;Graseras, Roque 827;094530727;Horario de atención del local;Recarga;577536.17286502;6135929.87064199
Agencia de Quinielas 80/039;Rio De Janeiro 3412;23110925;Horario de atención del local;Recarga;568310.893670333;6138845.02822202
Agencia de Quinielas 68/017;Mercedes 1889;24007579;Horario de atención del local;Recarga;575233.604788586;6137742.45708278
Agencia de Quinielas 58/012;Ruta 1 Manuel Oribe 0;23121066;Horario de atención del local;Recarga;559933.262868082;6146891.02326878
Agencia de Quinielas 42/022;Rinaldi, Cno. Tte. 3845;22280320;Horario de atención del local;Recarga;578977.200146078;6146147.77166534
Agencia de Quinielas 12/002;Alzaibar 1316;092273643;Horario de atención del local;Recarga;572387.727597619;6136770.37678117
Agencia de Quinielas 44/009;Buxareo 1270;099473727;Horario de atención del local;Recarga;578192.198860324;6137095.35067117
Agencia de Quinielas 51/001;Yrigoyen, Hipolito 1610;26139445;Horario de atención del local;Recarga;581414.418889249;6138725.19801048
Agencia de Quinielas 37/004;Rosell Y Rius, Alejo 1644;097230297;Horario de atención del local;Recarga;577957.564973015;6137995.47618173
Agencia de Quinielas 85/040;Moreno, Mariano 2349;098211213;Horario de atención del local;Recarga;576592.195338017;6140109.23203828
Agencia de Quinielas 94/022;Pedralbes, Ing. Arq. Ignacio 1430;095261209;Horario de atención del local;Recarga;574433.966104117;6144429.25299796
Agencia de Quinielas 32/025;Flores, Av. Gral. 2124;099742275;Horario de atención del local;Recarga;574369.531449276;6138983.01277982
Agencia de Quinielas 57/010;Galeano, Cno. Tte. Alberto 4814;093413832;Horario de atención del local;Recarga;576995.04634162;6145569.06040958
Agencia de Quinielas 51/007;De La Quintana, Cnel. Hilarion 3732;092314483;Horario de atención del local;Recarga;579766.287466849;6139865.30667329
Agencia de Quinielas 51/007;De La Quintana, Cnel. Hilarion 3732;092314483;Horario de atención del local;Recarga;579766.287466849;6139865.30667329
Agencia de Quinielas 36/020;Cambay 2504;25251384;Horario de atención del local;Recarga;581221.569159691;6140988.31336114
Agencia de Quinielas 49/005;Salto 960;24106563;Horario de atención del local;Recarga;574765.495579353;6136388.69632068
Agencia de Quinielas 03/012;Holanda 1783;23113864;Horario de atención del local;Recarga;568446.731151162;6139437.68057359
Agencia de Quinielas 45/008;Pla, Francisco 4373;22165122;Horario de atención del local;Recarga;574498.549446464;6143836.27630384
Agencia de Quinielas 16/017;Chacarita De Los Padres 3207;25121001;Horario de atención del local;Recarga;582189.65376966;6144606.78681183
Agencia de Quinielas 81/001;Garzon, Av. Gral. Eugenio 1452;094867823;Horario de atención del local;Recarga;571343.851521535;6146679.09388846
Agencia de Quinielas 73/007;De La Sota, Juan M. 4503;22113655;Horario de atención del local;Recarga;577633.847973643;6145787.26115862
Agencia de Quinielas 51/019;Cochabamba 3054;093378880;Horario de atención del local;Recarga;580681.310506986;6143214.99622626
Agencia de Quinielas 83/013;Av. 8 De Octubre 3094;24801907;Horario de atención del local;Recarga;577402.850107339;6139662.45003769
Agencia de Quinielas 60/015;Servidumbre S/09;23240692;Horario de atención del local;Recarga;570102.631762952;6147502.6868398
Agencia de Quinielas 65/003;Pasaje Diagonal 06;097496928;Horario de atención del local;Recarga;576909.468601054;6145342.42292401
Agencia de Quinielas 01/027;Carrasco, Camino 5157;25220302;Horario de atención del local;Recarga;581687.865912769;6140981.61540129
Agencia de Quinielas 23/004;Bolivia, Av. 2551;25265980;Horario de atención del local;Recarga;582826.398637899;6140351.63715016
Agencia de Quinielas 20/014;De Herrera, Av. Dr. L. A. 1290;26227598;Horario de atención del local;Recarga;578971.534692287;6137293.83337907
Agencia de Quinielas 20/015;Anzani 1501;26284631;Horario de atención del local;Recarga;579097.616080328;6138064.43543039
Agencia de Quinielas 38/018;Turubi 246;095690566;Horario de atención del local;Recarga;569043.4868921;6143548.71420376
Agencia de Quinielas 68/004;Saravia, Bvar. Aparicio 2116;25130367;Horario de atención del local;Recarga;580939.817808286;6145933.58650005
Agencia de Quinielas 33/031;25 De Mayo 175;29166838;Horario de atención del local;Recarga;571980.250138807;6136885.71786248
Agencia de Quinielas 10/032;Flores, Av. Gral. 2332;22034854;Horario de atención del local;Recarga;574596.830851374;6139457.27996934
Agencia de Quinielas 20/022;Anador, Av. Ramon 3701;097438592;Horario de atención del local;Recarga;579022.194911024;6138398.91705705
Agencia de Quinielas 68/018;Arocena, Ing. Carlos A. 2318;093577981;Horario de atención del local;Recarga;566455.38011974;6145242.79933458
Agencia de Quinielas 52/004;Cadiz 2814;24805885;Horario de atención del local;Recarga;576571.682643749;6139995.17055228
Agencia de Quinielas 20/023;Rivera, Av. 3179;26231930;Horario de atención del local;Recarga;577959.177016872;6137401.88974512
Agencia de Quinielas 75/018;Haedo, Eduardo Victor 2292;24066798;Horario de atención del local;Recarga;576027.92556355;6138152.01012811
Agencia de Quinielas 47/044;Masini, Ramon 3279;096423466;Horario de atención del local;Recarga;577687.594686024;6136548.33287204
Agencia de Quinielas 39/020;Asilo 3322;24876755;Horario de atención del local;Recarga;577782.849698979;6139779.78439391
Agencia de Quinielas 17/002;Batlle Y Ordoñez, Br. Jose 5317;23588296;Horario de atención del local;Recarga;573444.505388228;6144222.96490915
Agencia de Quinielas 37/005;Galeano, Cno. Tte. Alberto 4982;22115761;Horario de atención del local;Recarga;576854.224962906;6145570.57408258
Agencia de Quinielas 37/022;Agraciada, Av. 4273;23039918;Horario de atención del local;Recarga;571176.176774736;6142693.52621635
Agencia de Quinielas 43/007;Salvo, Angel 149;23000002;Horario de atención del local;Recarga;571584.03585926;6141831.95216372
Agencia de Quinielas 51/006;Solano Riestra 0;091027699;Horario de atención del local;Recarga;585778.857623488;6150954.76136228
Agencia de Quinielas 13/004;Luna, Gral. 1299;22038012;Horario de atención del local;Recarga;574033.895883844;6139731.01697498
Agencia de Quinielas 52/036;Artilleros Orientales 4546;22270124;Horario de atención del local;Recarga;577642.23467672;6147091.87830527
Agencia de Quinielas 73/027;Arenal Grande 2601;095299127;Horario de atención del local;Recarga;575184.748051718;6139825.88897291
Agencia de Quinielas 36/019;Ruta 8 J.A.Lavalleja 8760;22280227;Horario de atención del local;Recarga;585173.245956036;6149610.76753799
Agencia de Quinielas 22/001;Rousseau, Juan Jacobo 3727;25068986;Horario de atención del local;Recarga;578376.550357591;6140613.72800347
Agencia de Quinielas 16/005;San Martin, Av. Gral. 3621 Bis;092227571;Horario de atención del local;Recarga;575279.34695217;6142373.49380114
Agencia de Quinielas 37/018;Minas 1592;097121698;Horario de atención del local;Recarga;574761.560238636;6137583.84983075
Agencia de Quinielas 10/004;Roldos Y Pons, Jaime 4310;22115283;Horario de atención del local;Recarga;577461.623927492;6142733.0500134
Agencia de Quinielas 39/031;Fulton 1508;098378421;Horario de atención del local;Recarga;572360.674388502;6146118.61027551
Agencia de Quinielas 94/023;Emancipacion 5528 Bis;23044832;Horario de atención del local;Recarga;569298.86063603;6144627.31568192
Agencia de Quinielas 93/032;Dario, Ruben 3360;094826775;Horario de atención del local;Recarga;579838.228133408;6143254.54166396
Agencia de Quinielas 39/049;Batlle, Gral. 3318;098001489;Horario de atención del local;Recarga;573036.076277007;6141253.99058313
Agencia de Quinielas 71/015;Cooper 2117;099623399;Horario de atención del local;Recarga;585253.503793951;6139845.24490277
Agencia de Quinielas 31/009;Saravia, Bvar. Aparicio 4971;22155306;Horario de atención del local;Recarga;575406.316673147;6144817.45987847
Agencia de Quinielas 36/008;Fernandez Crespo, Av. Daniel 2197;29242625;Horario de atención del local;Recarga;574497.15772728;6138473.25146251
Agencia de Quinielas 15/020;Ramirez, Av. Dr. C. Ma. 678;092191211;Horario de atención del local;Recarga;570119.970195625;6141841.27884283
Agencia de Quinielas 43/044;Labandera, Cnel. Santiago 667  Bis;23043750;Horario de atención del local;Recarga;571465.786187913;6141004.86517869
Agencia de Quinielas 64/011;De La Sota, Juan M. 4654;22157284;Horario de atención del local;Recarga;577351.820638514;6145756.37204327
Agencia de Quinielas 35/015;26 De Marzo 955;098166032;Horario de atención del local;Recarga;577346.572671124;6136303.23605513
Agencia de Quinielas 46/007;Tula, Cno. Cap. 4842;22219645;Horario de atención del local;Recarga;576972.604149955;6146382.18251061
Agencia de Quinielas 21/028;Brasil, Av. 2954;27076461;Horario de atención del local;Recarga;577494.782570222;6136435.73481427
Agencia de Quinielas 17/023;Lacosta, Cno. Cap. Coralio 5149;097547205;Horario de atención del local;Recarga;575867.188283361;6147161.95415638
Agencia de Quinielas 26/007;Quesada, Cnel. Juan Jose 3599;22050104;Horario de atención del local;Recarga;575737.102986292;6141746.10116222
Agencia de Quinielas 15/031;Ramirez, Av. Dr. C. Ma. 509;23202978;Horario de atención del local;Recarga;570379.701114372;6142059.54198122
Agencia de Quinielas 64/027;Itacumbu 4048;22188282;Horario de atención del local;Recarga;576981.726569925;6144352.7641201
Agencia de Quinielas 54/016;Stagnero De Munar, Maria 2371;096487661;Horario de atención del local;Recarga;578332.712133658;6139869.92115261
Agencia de Quinielas 05/007;Chuy 3390;095611309;Horario de atención del local;Recarga;574000.001768279;6141530.94647576
Volpe, Av. Gustavo 4896;Volpe, Av. Gustavo 4896;97126905;Horario de atención del local;Recarga;575321.712321751;6144904.10630777
Agencia de Quinielas 31/003;Volpe, Av. Gustavo 4896;97126905;Horario de atención del local;Recarga;575321.712321751;6144904.10630777
Agencia de Quinielas 45/006;Castro, Gral. Enrique 4121;096237476;Horario de atención del local;Recarga;577143.234745402;6144812.55093522
Agencia de Quinielas 75/027;Melilla, Cno. 9491;099694938;Horario de atención del local;Recarga;566327.795669633;6154349.9395714
Agencia de Quinielas 47/000;Guayaqui 3370;27071244;Horario de atención del local;Recarga;577883.853647478;6136453.61266619
Agencia de Quinielas 31/020;Irureta Goyena, Dr. Jose 3353;29245056;Horario de atención del local;Recarga;577862.052208693;6142162.4838493
Agencia de Quinielas 79/004;Rivera, Av. 2013;097688675;Horario de atención del local;Recarga;575546.977708585;6137494.99433121
Agencia de Quinielas 38/001;España, Bvar. 2188;24132797;Horario de atención del local;Recarga;575932.600553229;6136707.69491655
Agencia de Quinielas 80/010;Bogota 3391;098600919;Horario de atención del local;Recarga;568424.945576163;6138785.0645517
Agencia de Quinielas 77/015;Ecuador 1799;23152868;Horario de atención del local;Recarga;568476.309962326;6139335.87163752
Agencia de Quinielas 29/004;Colombo 5319;22225263;Horario de atención del local;Recarga;575540.978018808;6146012.56934037
Agencia de Quinielas 16/001;Cantu, Luis Pedro 3484;091222030;Horario de atención del local;Recarga;583598.76350166;6148950.80935716
Agencia de Quinielas 33/023;Orticochea, Maria 4302;095595340;Horario de atención del local;Recarga;572567.813148947;6143587.14593993
Agencia de Quinielas 64/004;Garcia, Martin 2024;22020262;Horario de atención del local;Recarga;575344.347256153;6139085.28014188
Agencia de Quinielas 56/009;De Pena, Carlos Maria 5756;095378270;Horario de atención del local;Recarga;569688.477944375;6144795.26457375
Agencia de Quinielas 73/043;Morales, Ing. Carlos Ma. 920;099236877;Horario de atención del local;Recarga;574688.291492931;6136264.89076016
Agencia de Quinielas 22/044;Gomez, Gral. Leandro 5173;096512805;Horario de atención del local;Recarga;575979.612484911;6145153.53854998
Agencia de Quinielas 07/015;Santa Maria 1657;23227284;Horario de atención del local;Recarga;568570.879341167;6148587.56942867
Agencia de Quinielas 61/004;Maldonado 1293;29043922;Horario de atención del local;Recarga;574191.42629438;6136707.23511364
Agencia de Quinielas 56/013;Eulogio Caballero 5027 Bis;23588436;Horario de atención del local;Recarga;569074.657819744;6143050.52429598
Agencia de Quinielas 58/031;Guayabo 1548;24029575;Horario de atención del local;Recarga;574719.126018579;6137142.90247894
Agencia de Quinielas 50/026;Nueva Palmira 1952;094316336;Horario de atención del local;Recarga;575530.006810009;6138981.27304814
Agencia de Quinielas 03/015;Haedo, Eduardo Victor 2292;24066798;Horario de atención del local;Recarga;576065.33639727;6138167.55876563
Agencia de Quinielas 37/002;Dulcinea 2851;099145729;Horario de atención del local;Recarga;576256.645271316;6140544.01070115
Agencia de Quinielas 05/002;Fiol De Pereda, Dr. A. 1251;093732797;Horario de atención del local;Recarga;573831.033476773;6140482.37331886
Agencia de Quinielas 94/009;Badaracco, Dr. Enrique 1292;23217198;Horario de atención del local;Recarga;570267.022615797;6147063.69644807
Agencia de Quinielas 85/021;Molinos De La Union 4088;095330157;Horario de atención del local;Recarga;579428.251476197;6140575.05434088
Agencia de Quinielas 70/022;Maldonado 1376;097057959;Horario de atención del local;Recarga;574396.258552345;6136707.23474154
Agencia de Quinielas 89/031;Tosti 4631;23546364;Horario de atención del local;Recarga;572658.372833028;6145554.53000548
Agencia de Quinielas 18/037;Abipones 6295;25111526;Horario de atención del local;Recarga;581205.397000382;6145323.13958229
Agencia de Quinielas 45/007;Minuanes 3389;22168216;Horario de atención del local;Recarga;577721.077378287;6143023.64445936
Agencia de Quinielas 21/003;Ellauri, Jose L. 405;099617791;Horario de atención del local;Recarga;576802.018254816;6135208.74080077
Agencia de Quinielas 93/033;Ramirez, Dr. Jose Pedro 5077;25115986;Horario de atención del local;Recarga;578403.65364622;6143920.60449067
Agencia de Quinielas 85/031;Cruz, Osvaldo 4762;099390688;Horario de atención del local;Recarga;578831.061602769;6142926.10483224
Agencia de Quinielas 08/029;Espronceda 2103;25068538;Horario de atención del local;Recarga;579784.067565457;6140227.59548165
Agencia de Quinielas 32/004;Sosa, Cnel. Marcelino 2703;092246420;Horario de atención del local;Recarga;574806.616155769;6140212.49719843
Agencia de Quinielas 56/036;Yuqueri 0088;23120567;Horario de atención del local;Recarga;559318.211900405;6150191.40327612
Agencia de Quinielas 30/023;Belloni, Av. Jose 6222;099640696;Horario de atención del local;Recarga;579081.464934227;6150396.32075043
Agencia de Quinielas 62/013;Rossi, Romulo 5830;23560391;Horario de atención del local;Recarga;569681.857623712;6146499.89263574
Agencia de Quinielas 05/013;Caceres, Ramon D. 550;23037056;Horario de atención del local;Recarga;572939.986672177;6142847.34418521
Agencia de Quinielas 69/046;Michigan 1544;26193788;Horario de atención del local;Recarga;582279.258198434;6138418.01202921
Agencia de Quinielas 26/001;Chimborazo 0;22157942;Horario de atención del local;Recarga;576588.612361689;6143310.66330616
Agencia de Quinielas 22/022;Av. 18 De Julio 2133;095493941;Horario de atención del local;Recarga;575904.18778512;6137819.87575269
Agencia de Quinielas 46/018;Flores, Av. Gral. 5153;22165558;Horario de atención del local;Recarga;577930.067272043;6144754.32713905
Agencia de Quinielas 88/020;Millan, Av. 3715;23364246;Horario de atención del local;Recarga;573534.536370248;6142235.94495477
Agencia de Quinielas 13/007;Rancagua 4070;22151068;Horario de atención del local;Recarga;576552.069738221;6143861.50240629
Agencia de Quinielas 35/011;Salcedo, Marcos 5328;25131115;Horario de atención del local;Recarga;580517.855665368;6143144.34431056
Agencia de Quinielas 59/006;Italia, Av. 0    Bis;091040823;Horario de atención del local;Recarga;581302.237506545;6139099.84292702
Agencia de Quinielas 85/033;Saravia, Bvar. Aparicio 3610;096712231;Horario de atención del local;Recarga;576827.637565102;6144983.99799927
Agencia de Quinielas 01/007;Timon 7092;22223326;Horario de atención del local;Recarga;582990.229555157;6146566.84502155
Agencia de Quinielas 51/011;Lamas, Luis 3250;26224980;Horario de atención del local;Recarga;578189.837329574;6137022.17231262
Agencia de Quinielas 16/019;Fernandez, Dionisio 3187;097307927;Horario de atención del local;Recarga;583830.337890746;6147991.23974486
Agencia de Quinielas 89/032;Lezica, Av. 6053;094353881;Horario de atención del local;Recarga;569776.426849977;6148665.9892642
Agencia de Quinielas 94/010;Calle 5 744;096273532;Horario de atención del local;Recarga;568780.773513345;6142970.66625157
Agencia de Quinielas 78/036;Charrua 2720;27080341;Horario de atención del local;Recarga;577216.573758423;6137169.4064794
Agencia de Quinielas 27/025;San Martin, Av. Gral. 5612;091405215;Horario de atención del local;Recarga;576020.74091507;6146629.67246115
Agencia de Quinielas 41/032;Darwin 3450;096729789;Horario de atención del local;Recarga;574723.039934253;6142112.31908123
Agencia de Quinielas 17/016;Cam. A La Cuchilla Pereira 3004;23213953;Horario de atención del local;Recarga;571134.289400041;6151600.69915316
Agencia de Quinielas 45/016;Londres 3648;097430446;Horario de atención del local;Recarga;576919.469872744;6142992.25575181
Agencia de Quinielas 94/025;Miguelete 1611;094128182;Horario de atención del local;Recarga;574696.51946417;6138178.83552541
Agencia de Quinielas 08/011;Paysandu 1142;092377703;Horario de atención del local;Recarga;573801.082846138;6137493.94096097
Agencia de Quinielas 19/042;Smidel 3122;099236256;Horario de atención del local;Recarga;578720.342358707;6142542.54506369
Agencia de Quinielas 01/011;Mora, Domingo 7931;22229892;Horario de atención del local;Recarga;583625.749126258;6149302.13770723
Agencia de Quinielas 67/013;Requena, Dr. Joaquin 2447;22033604;Horario de atención del local;Recarga;575579.975466413;6139709.51096262
Agencia de Quinielas 26/039;Millan, Av. 4187 Bis;23093960;Horario de atención del local;Recarga;573181.230500426;6143531.91873331
Agencia de Quinielas 30/000;Guadalupe 2155;22003483;Horario de atención del local;Recarga;575706.32286625;6139946.91414034
Agencia de Quinielas 26/040;Molinos De Raffo 976;23594947;Horario de atención del local;Recarga;572346.419686239;6144566.62504763
Agencia de Quinielas 60/018;Quijano Carlos 1241;29090901;Horario de atención del local;Recarga;574093.69352274;6136868.06431639
Agencia de Quinielas 27/019;Corrales, Cno. 3121;25069834;Horario de atención del local;Recarga;578330.994309801;6142191.31493086
REDPAGOS BDF Y ASOCIADOS;Av. Brasil 2401 Esq. Araucho;27068289;Consultar en: https://www.redpagos.com.uy/buscador-de-locales-18 ;Recarga;576517.694284801;6137036.64660343
Agencia de Quinielas 41/022;San Martin, Av. Gral. 2793;094108101;Horario de atenciÃ³n del local;Recarga;574528.552835373;6140578.75561335
Agencia de Quinielas 16/009;Velazco, Joaquin 3162;097205050;Horario de atención del local;Recarga;577865.561274812;6139425.28999613
Agencia de Quinielas 60/025;Senda 4 5954;23217812;Horario de atención del local;Recarga;569962.970784464;6148860.42356824
Local Pruebas De La Banca;Lima 1582;29290081;Horario de atención del local;Recarga;571784.500274643;6142100.10241377
Agencia de Quinielas 26/029;De La Vega, Carlos 4813;23055507;Horario de atención del local;Recarga;569949.360902501;6143237.74919826
Agencia de Quinielas 16/025;Comercio 2178;25088647;Horario de atención del local;Recarga;578968.537882441;6139699.7625095
Agencia de Quinielas 70/014;Iris 1997;099481059;Horario de atención del local;Recarga;571313.585142268;6148434.14823343
Agencia de Quinielas 42/029;Lopez, Cno. Carlos A. 4071;22275213;Horario de atención del local;Recarga;579008.672862138;6148210.34211107
Agencia de Quinielas 61/032;Acevedo, Eduardo 901;24101535;Horario de atención del local;Recarga;575468.074451039;6136337.23173606
Agencia de Quinielas 19/045;Agraciada, Av. 2678;098763491;Horario de atención del local;Recarga;573597.14895802;6139698.49434931
Agencia de Quinielas 05/032;De Pena, Carlos Maria 4740;098792374;Horario de atención del local;Recarga;571225.972145744;6143795.74441861
Agencia de Quinielas 23/010;Acosta Y Lara, Arq. Horacio 7139;094594999;Horario de atención del local;Recarga;586498.435812993;6140911.27118534
Agencia de Quinielas 93/000;Belloni, Av. Jose 3342;25117849;Horario de atención del local;Recarga;579087.280701938;6143673.17914413
Agencia de Quinielas 77/027;Vizcaya 3537;094627498;Horario de atención del local;Recarga;568158.085658388;6139063.31676711
Agencia de Quinielas 26/050;Checoeslovaquia 5356;096305645;Horario de atención del local;Recarga;571088.099613308;6147478.13916492
Agencia de Quinielas 10/046;Callao 3423;094563848;Horario de atención del local;Recarga;577530.599207068;6142770.50738542
Agencia de Quinielas 36/000;21 De Setiembre 2696;27110693;Horario de atención del local;Recarga;576862.91284025;6135889.19625616
Agencia de Quinielas 26/041;Añaquito 4554;25053163;Horario de atención del local;Recarga;578386.027292064;6142437.05575309
Agencia de Quinielas 26/038;Calderon De La Barca 1923;23249463;Horario de atención del local;Recarga;570615.105865888;6148308.68160509
REDPAGOS DISCO 20;20 De Setiembre 1521, Local 2;2707 0552;Consultar en: https://www.redpagos.com.uy/buscador-de-locales-18 ;Recarga;576480.339899015;6137683.09914626
CAMBIO MATRIZ PLAZA MATRIZ;Sarandi 556 Esq. Ituzaingó;29150800;Consultar en: https://www.redpagos.com.uy/buscador-de-locales-18 ;Recarga;572746.176770832;6136958.95512873
GALES SERVICIOS FINANCIEROS - ZONAMERICA;Ruta 8 Km17.500 Edif. Biotec Plaza 1 L. 007;25184861;Consultar en: https://www.redpagos.com.uy/buscador-de-locales-18 ;Recarga;585009.387332952;6150016.87422245
REDPAGOS TALA;Luis A De Herrera S/N Esq. Ildefonso De León;4315 3508;Consultar en: https://www.redpagos.com.uy/buscador-de-locales-18 ;Recarga;614013.120736416;6198855.43483887
REDPAGOS SUPER BAMBU;Ricardo Mackinon 5065;2215 5022;Consultar en: https://www.redpagos.com.uy/buscador-de-locales-18 ;Recarga;575886.187559838;6145257.00989085
REDPAGOS RED RODO;José Enrique Rodó 1801 Esq. Gaboto;2402 2447;Consultar en: https://www.redpagos.com.uy/buscador-de-locales-18 ;Recarga;575146.498832178;6137227.34975868
CAMBIO IBERIA;Francisco Soca 1420 Esq. Rivera;27076699;Consultar en: https://www.redpagos.com.uy/buscador-de-locales-18 ;Recarga;577108.442825109;6137402.66779497
REDPAGOS DISCO SCOSERÍA;Scosería 2628;2716 1545;Consultar en: https://www.redpagos.com.uy/buscador-de-locales-18 ;Recarga;577109.22188862;6136032.18829775
REDPAGOS VALENTIA;Av. Millán 4499 Esq. Molinos De Raffo;23074408;Consultar en: https://www.redpagos.com.uy/buscador-de-locales-18 ;Recarga;572345.98326234;6144152.06974929
CAMBIO SIR - AGRACIADA;Av. Agraciada 4176;23095202;Consultar en: https://www.redpagos.com.uy/buscador-de-locales-18 ;Recarga;571353.038729662;6142571.48737892
REDPAGOS LA TEJA;Manuel Herrera Y Obes 4289;099 021 518;Consultar en: https://www.redpagos.com.uy/buscador-de-locales-18 ;Recarga;570763.84021641;6142405.26456531
Agencia de Quinielas 03/016;Lecocq, Cno. Fco. 459;23582956;Horario de atención del local;Recarga;568510.909220043;6145517.68550144
Agencia de Quinielas 56/031;Llupes, Jose 4566;099145477;Horario de atención del local;Recarga;570539.404815907;6143188.3111626
Agencia de Quinielas 27/036;De Mendoza, Av Pedro 4203;22111042;Horario de atención del local;Recarga;577534.830181252;6145076.30851531
Agencia de Quinielas 43/022;Conciliacion 3948;093560645;Horario de atención del local;Recarga;571208.330502319;6141713.88389713
Agencia de Quinielas 67/011;Garcia, Martin 2024;22020262;Horario de atención del local;Recarga;575349.193097847;6139085.57296753
Agencia de Quinielas 54/013;Mariscala 2012;26137084;Horario de atención del local;Recarga;580496.104493784;6139317.69181598
Agencia de Quinielas 17/017;Saravia, Bvar. Aparicio 5302;091467309;Horario de atención del local;Recarga;571224.062418094;6147235.98186021
REDPAGOS SODIMAC AL TOQUE;Camino Ariel 4620;2355 4237;Consultar en: https://www.redpagos.com.uy/buscador-de-locales-18 ;Recarga;572199.51448095;6144884.96775153
REDPAGOS BARRACA INTER;Ruta Interbalnearia Km51;4375 0454;Consultar en: https://www.redpagos.com.uy/buscador-de-locales-18 ;Recarga;618252.082127088;6153948.14549994
REDPAGOS RED RIVERA;Av. Rivera 3240;2628 4950;Consultar en: https://www.redpagos.com.uy/buscador-de-locales-18 ;Recarga;578073.913283662;6137388.37874369
CAMBIO IBERIA - 21 DE SEPTIEMBRE;21 De Setiembre 2737 Local 2;27111088;Consultar en: https://www.redpagos.com.uy/buscador-de-locales-18 ;Recarga;576921.750631641;6135846.44598613
VARLIX SERVICIOS FINANCIEROS SHOPPING CENTER;Montevideo Shopping Cent.L. 148;26224666;Consultar en: https://www.redpagos.com.uy/buscador-de-locales-18 ;Recarga;578855.231942862;6137422.15800179
GALES EXPRESS MAPI;25 De Mayo 266;2622 1218;Consultar en: https://www.redpagos.com.uy/buscador-de-locales-18 ;Recarga;572149.665227096;6136935.73203169
VARLIX SERVICIOS FINANCIEROS- MISIONES;Misiones 1428 Esq. Rincón;29170015;Consultar en: https://www.redpagos.com.uy/buscador-de-locales-18 ;Recarga;572507.51403484;6137002.32878444
CAMBIO 18 - CORDON;Av. 18 De Julio 1701 Esq. Magallanes;24089229;Consultar en: https://www.redpagos.com.uy/buscador-de-locales-18 ;Recarga;574959.983487894;6137390.24814453
CAMBIO MATRIZ 18 DE JULIO;Av. 18 De Julio 1581 Esq. Roxlo;24011646;Consultar en: https://www.redpagos.com.uy/buscador-de-locales-18 ;Recarga;574735.379191559;6137287.05813346
REDPAGOS SHANGRILA;Rambla Costanera Km 19;26824794;Consultar en: https://www.redpagos.com.uy/buscador-de-locales-18 ;Recarga;591781.151414574;6141999.13048747
Agencia de Quinielas 05/033;De Herrera, Cayetano 1083;23072476;Horario de atención del local;Recarga;570470.350655706;6144528.66674114
CAMBIO REGUL - 18 DE JULIO;Av. 18 De Julio 1126 Esq. Paraguay;29083346;Consultar en: https://www.redpagos.com.uy/buscador-de-locales-18 ;Recarga;573816.638079348;6137077.80890071
REDPAGOS CERRITO;Av. Gral. Flores 4051 Esq. León Pérez;22112329;Consultar en: https://www.redpagos.com.uy/buscador-de-locales-18 ;Recarga;576545.655773685;6142710.35862163
REDPAGOS MULTIAHORRO;Cno. Carrasco 4656 Esq. Veracierto;25257089;Consultar en: https://www.redpagos.com.uy/buscador-de-locales-18 ;Recarga;580647.314428932;6140796.97161232
IBERIA UNION;Av. 8 De Octubre 3742 Esq. José Serrato;25080349;Consultar en: https://www.redpagos.com.uy/buscador-de-locales-18 ;Recarga;578520.829714403;6140438.03623922
CAMBIO SIR POCITOS;Av. Brasil 2954;27076461;Consultar en: https://www.redpagos.com.uy/buscador-de-locales-18 ;Recarga;577492.988593893;6136428.87379674
CAMBIO VELSO - MILLAN 3794 BIS;Millán 3794 Bis Esq. L. A. De Herrera;23365636;Consultar en: https://www.redpagos.com.uy/buscador-de-locales-18 ;Recarga;573508.335203492;6142365.69174309
REDPAGOS MARESCA;Francisco Simón 2148/50 Esq.  Juan José Ortíz;24814101;Consultar en: https://www.redpagos.com.uy/buscador-de-locales-18 ;Recarga;578099.267025188;6139181.52291293
REDPAGOS MILLAN Y CASTRO;Av. Millan 4146 Bis;2308 8838;Consultar en: https://www.redpagos.com.uy/buscador-de-locales-18 ;Recarga;573297.240114085;6143335.80021389
REDPAGOS CENTRO LIBERTADOR;Avda. Libertador 1879 Bis;29247805;Consultar en: https://www.redpagos.com.uy/buscador-de-locales-18 ;Recarga;574041.645167646;6138147.2266594
CAMBIO OBELISCO II;Av. San Martín 3699 Esq.  José Batlle Y Ordoñez;22153496;Consultar en: https://www.redpagos.com.uy/buscador-de-locales-18 ;Recarga;575361.101977985;6142487.94127081
REDPAGOS PITÁGORAS;Zum Felde 2057 Bis;25256954;Consultar en: https://www.redpagos.com.uy/buscador-de-locales-18 ;Recarga;582195.333731851;6140021.93883514
Agencia de Quinielas 64/032;Guarapiru 3929;22113429;Horario de atención del local;Recarga;577515.964355814;6144661.90372328
Agencia de Quinielas 02/004;Igua 4498;098828054;Horario de atención del local;Recarga;581162.634561031;6139753.43951444
Agencia de Quinielas 26/030;Lourdes 2504;092408860;Horario de atención del local;Recarga;581396.72367772;6153376.86913078
Agencia de Quinielas 55/016;Rbla. Costanera De La Cañada J 5468;097434796;Horario de atención del local;Recarga;568668.443196915;6143767.57039837
Agencia de Quinielas 27/016;Bertani, Orsini 5290;096174291;Horario de atención del local;Recarga;576049.679958794;6145486.78138293
Agencia de Quinielas 27/020;Coronilla 615;23053023;Horario de atención del local;Recarga;570978.676069153;6144424.9328807
Agencia de Quinielas 56/011;Garre, Carlos Angel 956;097057113;Horario de atención del local;Recarga;569834.282654535;6144657.52276035
REDPAGOS DEVOTO 26 DE MARZO;26 De Marzo 1366;27088184;Consultar en: https://www.redpagos.com.uy/buscador-de-locales-18 ;Recarga;578020.372838674;6136853.04467978
REDPAGOS PINAR NORTE;Av. Perez Buttler, M94, S19;098 100 202;Consultar en: https://www.redpagos.com.uy/buscador-de-locales-18 ;Recarga;597347.104321356;6148911.51989536
REDPAGOS NARVAL;Luis A De Herrera 4125;2205 1258;Consultar en: https://www.redpagos.com.uy/buscador-de-locales-18 ;Recarga;574342.04642688;6142059.18964908
REDPAGOS MARYMAR;Jose Belloni 4208 Esq.  Teniente Galeano;25142869;Consultar en: https://www.redpagos.com.uy/buscador-de-locales-18 ;Recarga;578587.264747031;6145810.52920338
REDPAGOS FLOR DE SOLYMAR;Eduardo Marquez Castro S/N Esq Gianattasio M42 S9;26961115;Consultar en: https://www.redpagos.com.uy/buscador-de-locales-18 ;Recarga;595276.877018008;6146209.80966725
REDPAGOS CLINICAS;Av. Italia 2905;098336356;Consultar en: https://www.redpagos.com.uy/buscador-de-locales-18 ;Recarga;577500.536947283;6138810.7424717
CAMBIO SIR AROCENA;Arocena 1649 L.3;26016572;Consultar en: https://www.redpagos.com.uy/buscador-de-locales-18 ;Recarga;586210.475908641;6138714.99178653
REDPAGOS SUPERCOSTO2;Av. Garzón 223;23564435;Consultar en: https://www.redpagos.com.uy/buscador-de-locales-18 ;Recarga;570948.550328597;6143344.29988686
REDPAGOS MV;Canelones 2000 Esq. Blanes;24089937;Consultar en: https://www.redpagos.com.uy/buscador-de-locales-18 ;Recarga;575630.34736064;6136903.17610865
REDPAGOS PLAZA ITALIA SHOPPING;Av. Italia 4250 Local L09b;26135696;Consultar en: https://www.redpagos.com.uy/buscador-de-locales-18 ;Recarga;580431.664462868;6139098.10738648
REDPAGOS SUPER HALO;Minas 1118;24184580;Consultar en: https://www.redpagos.com.uy/buscador-de-locales-18 ;Recarga;574968.408869345;6136690.36290842
INDUMEX TRES CRUCES;Shopping Tres Cruces;24084060;Consultar en: https://www.redpagos.com.uy/buscador-de-locales-18 ;Recarga;576168.326766591;6138410.14079637
INDUMEX NUEVO CENTRO SHOPPING;Luis A. De Herrera 3365 Local 122 Nivel 1;22013233;Consultar en: https://www.redpagos.com.uy/buscador-de-locales-18 ;Recarga;575950.859386328;6141188.02971792
CAMBIO VELSO CIUDAD VIEJA;Misiones 1418;29163270;Consultar en: https://www.redpagos.com.uy/buscador-de-locales-18 ;Recarga;572496.623490764;6137080.71415282
REDPAGOS BALBIANI;Av. Artigas 1468;22942600;Consultar en: https://www.redpagos.com.uy/buscador-de-locales-18 ;Recarga;585787.62508918;6165388.6338086
REDPAGOS HIPER VITAL;Camino Carrasco 149;2600 1656;Consultar en: https://www.redpagos.com.uy/buscador-de-locales-18 ;Recarga;587476.084170524;6142658.01096697
REDPAGOS ORE 21;Grecia 3561;2315 7920;Consultar en: https://www.redpagos.com.uy/buscador-de-locales-18 ;Recarga;568641.045915405;6139209.64933352
REDPAGOS SANTA INES;José Vasconcellos 3294 Esq. Sainz Rosas;25140039;Consultar en: https://www.redpagos.com.uy/buscador-de-locales-18 ;Recarga;578456.246279257;6143025.3657742
REDPAGOS CALUFE;Agraciada 4273;23039918;Consultar en: https://www.redpagos.com.uy/buscador-de-locales-18 ;Recarga;571134.109026295;6142738.76890704
REDPAGOS TORRE 3;Dr. Enrique Pouey 2532;27008791;Consultar en: https://www.redpagos.com.uy/buscador-de-locales-18 ;Recarga;576745.271752236;6137688.42215223
REDPAGOS SUPER EXPRESS;Martín Berinduague 870 Esq. José Castro;23091727;Consultar en: https://www.redpagos.com.uy/buscador-de-locales-18 ;Recarga;570201.180419995;6141190.09551446
REDPAGOS DONATO;Mesa Y Castro 7995;091392319;Consultar en: https://www.redpagos.com.uy/buscador-de-locales-18 ;Recarga;560848.030016813;6141379.88568098
CAMBIO VELSO PEÑAROL;Aparicio Saravia 4659 A;2303 8188;Consultar en: https://www.redpagos.com.uy/buscador-de-locales-18 ;Recarga;573024.639381844;6145843.2985918
REDPAGOS ESTACION AMEZAGA;Amézaga 2052;22027682;Consultar en: https://www.redpagos.com.uy/buscador-de-locales-18 ;Recarga;575485.375045109;6139397.98122327
REDPAGOS GREEN BOUTIQUE TORRE DE LOS CAUDILLOS;Av. Rivera 2348 Local 39 Esq, Bv. Gral. Artigas;24087143;Consultar en: https://www.redpagos.com.uy/buscador-de-locales-18 ;Recarga;576343.18155126;6137473.96653891
VARLIX SERVICIOS FINANCIEROS TRES CRUCES;Bvar. Artigas 1825 Local 123;24003177;Consultar en: https://www.redpagos.com.uy/buscador-de-locales-18 ;Recarga;576207.097480431;6138424.23578345
REDPAGOS LA PAZ;Batlle Y Ordoñez 202 Esq. Conrado Muller;23626455;Consultar en: https://www.redpagos.com.uy/buscador-de-locales-18 ;Recarga;570938.027179853;6152979.62082315
CAMBIO MATRIZ BENITO BLANCO;Benito Blanco 898 Esq. Bvar. España;27115194;Consultar en: https://www.redpagos.com.uy/buscador-de-locales-18 ;Recarga;577683.79004072;6136025.21754307
Agencia de Quinielas 71/000;Arocena, Dr. Alfredo 1571;26011163;Horario de atención del local;Recarga;586218.655194681;6138642.26915304
REDPAGOS DAN CRI;Av. Gral Flores 4735 Bis. Esq Carreras Nacionales;2219 3290;Consultar en: https://www.redpagos.com.uy/buscador-de-locales-18 ;Recarga;577368.152924033;6143898.459143
REDPAGOS TEJA CENTER;Carlos M. Ramírez 1094;2303 8624;Consultar en: https://www.redpagos.com.uy/buscador-de-locales-18 ;Recarga;569543.315257502;6141258.99459503
REDPAGOS PAGOL;Gral. San Martin 3382;2205 9727;Consultar en: https://www.redpagos.com.uy/buscador-de-locales-18 ;Recarga;575040.043917289;6141796.7540442
Agencia de Quinielas 16/024;Ayui 3451;24817425;Horario de atención del local;Recarga;578524.265899092;6139314.85642688
REDPAGOS SUPER PARADA 2;Yegros 2062 Esq. Andrés Giot;23206142;Consultar en: https://www.redpagos.com.uy/buscador-de-locales-18 ;Recarga;570557.228908185;6148800.31451934
CAMBIO VELSO MAM;José L. Terra 2220;22014678;Consultar en: https://www.redpagos.com.uy/buscador-de-locales-18 ;Recarga;574634.983993838;6139204.88097799
Agencia de Quinielas 24/016;Heras, Gral. Las 0;094970249;Horario de atenciÃ³n del local;Recarga;577703.109633473;6138644.11482926
Agencia de Quinielas 17/003;Duran, Cno. 6146 Bis;23206456;Horario de atenciÃ³n del local;Recarga;570272.075354839;6149265.51914173
Agencia de Quinielas 30/036;Alfonso X El Sabio 5857;23125829;Horario de atenciÃ³n del local;Recarga;566250.860751114;6143400.97362171
Agencia de Quinielas 71/009;Villa De Masnou 5865;099981247;Horario de atenciÃ³n del local;Recarga;583672.307013006;6140220.83850217
Agencia de Quinielas 51/008;May, Dr. Jose 5504;092768084;Horario de atención del local;Recarga;575326.699585958;6145377.73909495
Agencia de Quinielas 73/022;Flores, Av. Gral. 5311;22166372;Horario de atención del local;Recarga;578236.939197398;6145192.56383632
Agencia de Quinielas 35/020;Nery, Av. Dr. Carlos 3362;093376566;Horario de atención del local;Recarga;579730.278100231;6144298.443745
Agencia de Quinielas 05/009;Grecia 3696;23137871;Horario de atención del local;Recarga;568629.913226835;6139431.20744936
Agencia de Quinielas 44/037;Manrupe, Maestra Maria 3125;25130484;Horario de atención del local;Recarga;580252.552991236;6142676.87094469
Agencia de Quinielas 12/006;Ejido 1077;093525498;Horario de atención del local;Recarga;574325.949497995;6136543.444065
Agencia de Quinielas 48/003;Acosta, Juan 4781;095626495;Horario de atención del local;Recarga;576491.984240197;6144517.45346386
Agencia de Quinielas 69/043;Aconcagua 4855;096526249;Horario de atención del local;Recarga;581860.282844843;6138265.61135435
Agencia de Quinielas 39/013;Gonzalez, Meliton 1200;26280986;Horario de atención del local;Recarga;579345.39603324;6137344.1662857
Agencia de Quinielas 31/014;Varela, Av. Jose P. 3420;099174398;Horario de atención del local;Recarga;576809.887264526;6141371.73496936
Agencia de Quinielas 27/028;Batlle Y Ordoñez, Br. Jose 2102;092721190;Horario de atención del local;Recarga;579080.075011995;6138921.3430913
Agencia de Quinielas 57/001;Brandzen, Cnel. 2040;24008438;Horario de atención del local;Recarga;575740.476213494;6137668.84765972
CAMBIO SIR COSTA URBANA II;Avda. Giannattasio Km 20.500;2681 3339;Consultar en: https://www.redpagos.com.uy/buscador-de-locales-18 ;Recarga;592025.676203118;6144118.28723795
REDPAGOS SHOP CELESTE;Arenal Grande 1360 Bis;24069487;Consultar en: https://www.redpagos.com.uy/buscador-de-locales-18 ;Recarga;575527.126847681;6137425.73109301
Agencia de Quinielas 59/015;Italia, Av. 3953;095902506;Horario de atención del local;Recarga;579881.963286127;6139181.11088844
REDPAGOS VERTICE;Av. Gral. Flores 2595 Esq. Rivadavia;22037060;Consultar en: https://www.redpagos.com.uy/buscador-de-locales-18 ;Recarga;574803.728753464;6139959.76753061
REDPAGOS CERRO;Bogotá 4283 Esq. Carlos Ma. Ramírez;23132076;Consultar en: https://www.redpagos.com.uy/buscador-de-locales-18 ;Recarga;568137.748136888;6140566.87543322
REDPAGOS FLOR DE MAROÑAS;Del Fuerte 5302;25119254;Consultar en: https://www.redpagos.com.uy/buscador-de-locales-18 ;Recarga;580675.942413667;6143020.62408506
REDPAGOS PUERTO PALERMO;Carlos Ma. Morales 902 Esq. Cebollatí;24104808;Consultar en: https://www.redpagos.com.uy/buscador-de-locales-18 ;Recarga;574646.131847537;6136293.07240362
REDPAGOS INGLES DISCO 2;Av. Agraciada 2986;22005953;Consultar en: https://www.redpagos.com.uy/buscador-de-locales-18 ;Recarga;573264.255130025;6140412.06480003
GALES SERVICIOS FINANCIEROS CIUDAD VIEJA;Rincón 483 Esq. Treinta Y Tres;29153310;Consultar en: https://www.redpagos.com.uy/buscador-de-locales-18 ;Recarga;572558.283721086;6137010.24405908
BACACAY SERVICIOS FINANCIEROS - 18 DE JULIO;Av. 18 De Julio 853 Esq. Andes;29024044;Consultar en: https://www.redpagos.com.uy/buscador-de-locales-18 ;Recarga;573283.72488515;6137057.25135952
CAMBIO IBERIA 18 DE JULIO;Av. 18 De Julio 1118 Esq. Paraguay;29081248;Consultar en: https://www.redpagos.com.uy/buscador-de-locales-18 ;Recarga;573801.82807947;6137076.70844957
CAMBIO ASPEN - 21 DE SETIEMBRE;21 De Setiembre 2859 Esq. Ellauri;27119131;Consultar en: https://www.redpagos.com.uy/buscador-de-locales-18 ;Recarga;577172.807259633;6135610.3170043
INDUMEX RINCON;Rincón 477 Y Treinta Y Tres;29151615;Consultar en: https://www.redpagos.com.uy/buscador-de-locales-18 ;Recarga;572541.248894211;6137005.05573132
CAMBIO SUIZO;21 De Setiembre 3001 Esq. Roque Graseras;27116747;Consultar en: https://www.redpagos.com.uy/buscador-de-locales-18 ;Recarga;577461.670599208;6135525.2483874
REDPAGOS GOÑI;Jose Belloni 5493 Esq. Camino Petrosi;22273207;Consultar en: https://www.redpagos.com.uy/buscador-de-locales-18 ;Recarga;578957.548228206;6148456.32614431
ALTERCAMBIO;Av. Italia 3794 Esq. Comercio;25086041;Consultar en: https://www.redpagos.com.uy/buscador-de-locales-18 ;Recarga;579472.444076849;6139137.87296985
REDPAGOS TORRE PATRIA;Patria 553 Esq.  García De Zuñiga;27122224;Consultar en: https://www.redpagos.com.uy/buscador-de-locales-18 ;Recarga;576286.104558751;6135670.32868976
Agencia de Quinielas 40/009;Alvarez, Dr. Valentin 5917;23203283;Horario de atenciÃ³n del local;Recarga;569968.409221403;6148013.53043382
Agencia de Quinielas 48/001;Cesar, Clemente 2301;091355332;Horario de atenciÃ³n del local;Recarga;574210.632305179;6139548.8104925
Agencia de Quinielas 01/002;Lacosta, Cno. Cap. Coralio 4042;097980652;Horario de atenciÃ³n del local;Recarga;579126.988743246;6147630.72985195
Agencia de Quinielas 80/046;Congreso De Avalos 5339;23115256;Horario de atención del local;Recarga;567027.514326859;6142874.75033216
Agencia de Quinielas 27/018;Isidora Chans 5072;25120044;Horario de atención del local;Recarga;576267.258097297;6146644.26252263
Agencia de Quinielas 78/048;Pereira, Gabriel Antonio 2953 Bis;27098250;Horario de atención del local;Recarga;577509.111315995;6137102.38459222
Agencia de Quinielas 41/025;Darwin 3450;093609184;Horario de atención del local;Recarga;574687.731702199;6142087.20973877
Agencia de Quinielas 01/004;Calle 7 2675;097402557;Horario de atención del local;Recarga;581716.147070337;6146843.12434425
Agencia de Quinielas 25/002;Vazquez Cores, Fco. 3003;25074673;Horario de atención del local;Recarga;578556.272214427;6141533.26514114
Agencia de Quinielas 77/018;Portugal 3466;094541808;Horario de atención del local;Recarga;568495.951045302;6138993.03236624
CAMBIO VELSO;Salvador Ferrer Serra 2350;24095599;Consultar en: https://www.redpagos.com.uy/buscador-de-locales-18 ;Recarga;576171.334493839;6138299.43153118
Agencia de Quinielas 69/016;Paullier, Juan 1028;24186173;Horario de atención del local;Recarga;574604.627289143;6138395.74019363
REDPAGOS FINACAM;Constituyente 1477 Esq. 18 De Julio;24023013;Consultar en: https://www.redpagos.com.uy/buscador-de-locales-18 ;Recarga;574551.401333554;6137123.30986701
Agencia de Quinielas 02/001;D'Azeglio 2078;092811657;Horario de atención del local;Recarga;577961.170442982;6138955.00917851
Agencia de Quinielas 77/043;Mexico 1855;097953936;Horario de atención del local;Recarga;568455.150335324;6138425.17782743
Agencia de Quinielas 27/021;Scoseria, Dr. Jose 2553;095848357;Horario de atención del local;Recarga;576977.677313665;6136033.07488445
REDPAGOS PLANETA;Av. José Belloni 4575;2512 6072;Consultar en: https://www.redpagos.com.uy/buscador-de-locales-18 ;Recarga;578666.792421104;6146744.89179422
CAMBIO SUIZO MALVIN;Orinoco 5009 Esq. Amazonas;26141157;Consultar en: https://www.redpagos.com.uy/buscador-de-locales-18 ;Recarga;582162.732398864;6138151.77081294
CAMBIO SUIZO - GALICIA;Galicia 1200 Esq. Cuareim;29020961;Consultar en: https://www.redpagos.com.uy/buscador-de-locales-18 ;Recarga;573915.984266205;6137715.04604709
REDPAGOS PROGRESO;Av. Artigas S/N;23690758;Consultar en: https://www.redpagos.com.uy/buscador-de-locales-18 ;Recarga;571533.310432202;6163714.0278446
REDPAGOS PASO DE LA ARENA;Luis Batlle Berres 6645;23112247;Consultar en: https://www.redpagos.com.uy/buscador-de-locales-18 ;Recarga;566345.61401614;6144934.84259882
REDPAGOS ECO MARKET 3;Santa Ana 4108 Esq. Burgues;22113948;Consultar en: https://www.redpagos.com.uy/buscador-de-locales-18 ;Recarga;575012.271578555;6143217.11992085
REDPAGOS TATA 13;Cno. Maldonado 5757 Esq. Libia;25115270;Consultar en: https://www.redpagos.com.uy/buscador-de-locales-18 ;Recarga;580116.261862376;6144258.81284226
REDPAGOS FAVISI;Ideario Artiguista 2016;23116716;Consultar en: https://www.redpagos.com.uy/buscador-de-locales-18 ;Recarga;565274.441376195;6146407.87372423
REDPAGOS POSADA;Gral. Flores 2935 Esq. Gustavo Gallinal;2208 4909;Consultar en: https://www.redpagos.com.uy/buscador-de-locales-18 ;Recarga;575234.243330076;6140710.95135634
REDPAGOS TALITA;Ejido 1202;29046645;Consultar en: https://www.redpagos.com.uy/buscador-de-locales-18 ;Recarga;574320.653715142;6136847.36887671
AVENIDA SERV. FIN. T.I. PROPIOS;Bvar. Batlle Y Ordoñez 3770;2216 1688;Consultar en: https://www.redpagos.com.uy/buscador-de-locales-18 ;Recarga;576374.158295595;6141516.22850086
REDPAGOS FERALNIC;Carlos De La Vega 5201;2306 0377;Consultar en: https://www.redpagos.com.uy/buscador-de-locales-18 ;Recarga;569148.748102852;6143758.41482642
GALES SERVICIOS FINANCIEROS CENTRO;Av. 18 De Julio 1046 Esq. Río Negro;29020229;Consultar en: https://www.redpagos.com.uy/buscador-de-locales-18 ;Recarga;573667.245845662;6137065.15013962
GALES SERVICIOS FINANCIEROS WTC;Av. Luis A. De Herrera 1248 Esq. Luis Lamas;26221218;Consultar en: https://www.redpagos.com.uy/buscador-de-locales-18 ;Recarga;578830.23219214;6137224.84801907
REDPAGOS CGUIR;Av. 18 De Julio 959 Local 001esq. Río Branco;29084763;Consultar en: https://www.redpagos.com.uy/buscador-de-locales-18 ;Recarga;573487.502444431;6137072.91764485
CAMBIO IBERIA POCITOS;Ellauri 453;27096125;Consultar en: https://www.redpagos.com.uy/buscador-de-locales-18 ;Recarga;577688.04332007;6136106.4761608
MONEX SERVICIOS FINANCIEROS - 18 DE JULIO 949;Av. 18 De Julio 949 Esq. Rio Branco;29023637;Consultar en: https://www.redpagos.com.uy/buscador-de-locales-18 ;Recarga;573457.074590413;6137072.49663036
VARLIX SERVICIOS FINANCIEROS- PTA. CARRETAS SHOPPI;Shopping Punta Carretas Local 143b;27113296;Consultar en: https://www.redpagos.com.uy/buscador-de-locales-18 ;Recarga;576867.138917804;6135066.34363658
VARLIX SERVICIOS FINANCIEROS- AROCENA;Av. Arocena 1565 Esq. Federico Saez;26018381;Consultar en: https://www.redpagos.com.uy/buscador-de-locales-18 ;Recarga;586225.510273766;6138690.89374507
TRADELIX CASA CAMBIARIA;Av. Gianattasio Km. 21,500;26828938;Consultar en: https://www.redpagos.com.uy/buscador-de-locales-18 ;Recarga;593098.236264615;6144761.27821348
REDPAGOS-SANTA LUCIA;Vicente Grucci 33;43348906;Consultar en: https://www.redpagos.com.uy/buscador-de-locales-18 ;Recarga;556187.541189283;6187182.81142255
REDPAGOS DOCTOR POUEY;Dr. Pouey 627 Esq. Gral. Flores;23654850;Consultar en: https://www.redpagos.com.uy/buscador-de-locales-18 ;Recarga;571073.239905593;6156788.27421454
INMOBILIARIA MERIDA;Treinta Y Tres 630 Esq. Tomás Berreta;43322659;Consultar en: https://www.redpagos.com.uy/buscador-de-locales-18 ;Recarga;565985.675881677;6179585.54573247
CAMBIO IBERIA - PANDO;Av. Artigas 1038 Esq. Zorilla De San Martín;22922546;Consultar en: https://www.redpagos.com.uy/buscador-de-locales-18 ;Recarga;595179.789845872;6157483.96679238
REDPAGOS MANILA;Ruta 1 Vieja Km 31,800;23479128;Consultar en: https://www.redpagos.com.uy/buscador-de-locales-18 ;Recarga;551104.718028081;6155932.2287283
CAMBIO 18 ATLANTIDA;Calle 11 Esq. Montevideo;43722672;Consultar en: https://www.redpagos.com.uy/buscador-de-locales-18 ;Recarga;613352.981100925;6151301.42495016
CAMBIO VAL;Misiones 1434 Esq. 25 De Mayo;29162240;Consultar en: https://www.redpagos.com.uy/buscador-de-locales-18 ;Recarga;572498.740269891;6137025.02298673
CAMBIO ASPEN 2;18 De Julio 843;2902 6034;Consultar en: https://www.redpagos.com.uy/buscador-de-locales-18 ;Recarga;573235.115841849;6137056.86435511
INVESTA;Misiones 1544/46 Esq. Piedras;29165555;Consultar en: https://www.redpagos.com.uy/buscador-de-locales-18 ;Recarga;572415.638505684;6137237.73189376
REDPAGOS SAN JACINTO;Av. Artigas Esq. Ruta 11;43993626;Consultar en: https://www.redpagos.com.uy/buscador-de-locales-18 ;Recarga;603419.89978138;6176592.71991877
REDPAGOS INDEPENDENCIA;Juncal 1301 Local 002;2915 0346;Consultar en: https://www.redpagos.com.uy/buscador-de-locales-18 ;Recarga;573000.520679944;6136968.90640776
CAMBIO VELSO INSTRUCCIONES;Av. Instrucciones 1386;2354 7623;Consultar en: https://www.redpagos.com.uy/buscador-de-locales-18 ;Recarga;573768.737835841;6144666.19719248
REDPAGOS LA TUNA II;Charrúa S/N Esq. Calle 13;4378 5008;Consultar en: https://www.redpagos.com.uy/buscador-de-locales-18 ;Recarga;631700.362525911;6150411.0070197
REDPAGOS SUPER MC PATO;Cayetano Gonzalez S/N Esq. Maria Vera;4399 2294;Consultar en: https://www.redpagos.com.uy/buscador-de-locales-18 ;Recarga;603566.909063398;6176920.81244186
REDPAGOS DON JULIO;Av. Bolivia 1408;2604 9869;Consultar en: https://www.redpagos.com.uy/buscador-de-locales-18 ;Recarga;585358.449461353;6138416.86938854
REDPAGOS SUPER EDISON;Cno Edison 5168;2359 4656;Consultar en: https://www.redpagos.com.uy/buscador-de-locales-18 ;Recarga;571525.820671792;6146557.1254205
Agencia de Quinielas 59/013;Yrigoyen, Hipolito 1945;261347991;Horario de atención del local;Recarga;581230.178610099;6139383.0750299
Agencia de Quinielas 83/033;Tuyuti 2752;24870224;Horario de atención del local;Recarga;577172.789990123;6138878.84371771
Agencia de Quinielas 56/018;Cordobes 162;23050178;Horario de atención del local;Recarga;569003.821179864;6143210.53662533
REDPAGOS RAFAEL;Rafael 3782;25143091;Consultar en: https://www.redpagos.com.uy/buscador-de-locales-18 ;Recarga;580143.209834809;6144883.53407336
Agencia de Quinielas 69/003;Yugoeslavia 383;23570659;Horario de atención del local;Recarga;568973.512622364;6143884.72267912
Agencia de Quinielas 73/047;Artilleros Orientales;22202631;Horario de atención del local;Recarga;577932.890268908;6147099.83980364
Agencia de Quinielas 39/048;Cabral, Mateo 3770;094017332;Horario de atención del local;Recarga;579256.151155628;6139858.09186855
Agencia de Quinielas 23/014;Cambara 1604;26040590;Horario de atención del local;Recarga;586131.939948308;6138866.56781975
Agencia de Quinielas 06/010;Pacheco De B.Y Ordoñez, Matild 4341;094363228;Horario de atención del local;Recarga;578002.241471568;6146230.64094194
CAMBIO IBERIA EL DORADO LAS PIEDRAS;Av. Instrucciones Del Año Xiii N° 609. Entre River;23629438;Consultar en: https://www.redpagos.com.uy/buscador-de-locales-18 ;Recarga;571735.818017125;6156994.51517669
REDPAGOS PROVITODO;Colonia S/N M 53 Solar 19;2698 6796;Consultar en: https://www.redpagos.com.uy/buscador-de-locales-18 ;Recarga;598652.897062811;6150208.01139679
Agencia de Quinielas 69/000;Divina Comedia 1622;26017059;Horario de atención del local;Recarga;573025.06182428;6137181.87050147
Agencia de Quinielas 59/017;Yrigoyen, Hipolito 1788;099404503;Horario de atención del local;Recarga;581332.1423143;6139091.92462301
Agencia de Quinielas 35/013;Laguna, Julian 5703;097555856;Horario de atención del local;Recarga;568687.019959069;6144331.15067005
Agencia de Quinielas 39/047;Berges, Cno. Benito 4085;096984613;Horario de atención del local;Recarga;579061.437873465;6149664.07653806
REDPAGOS Agencia 16 (EX 60);Dr. Pouey 627 Esq. Gral. Flores;099685543;Consultar en: https://www.redpagos.com.uy/buscador-de-locales-18 ;Recarga;571073.239905593;6156788.27421454
Agencia de Quinielas 43/001;Charcas 1784;092874444;Horario de atención del local;Recarga;568456.305586626;6139557.05214992
Agencia de Quinielas 37/024;Soriano 1162;093797999;Horario de atención del local;Recarga;573928.903534189;6136871.6159401
Agencia de Quinielas 09/008;Av. Del Parque 9979;096103116;Horario de atención del local;Recarga;585875.984049003;6150146.11729837
Agencia de Quinielas 83/091;25 De Mayo 233;095806379;Horario de atención del local;Recarga;572964.913871343;6137361.46248528
Agencia de Quinielas 26/006;Silva, Dr. Jose Ma. 4435;097910518;Horario de atención del local;Recarga;573466.898168259;6144883.7744635
REDPAGOS PARODI;Maciel 103 Km 15.500 Paso Carrasco;94324893;Consultar en: https://www.redpagos.com.uy/buscador-de-locales-18 ;Recarga;586628.697352918;6142284.5344422
REDPAGOS ANCAP LOS CERRILLOS;Redpagos Ancap Los Cerrillos;43362049;Consultar en: https://www.redpagos.com.uy/buscador-de-locales-18 ;Recarga;558951.162434655;6170286.65559151
REDPAGOS EL ALBA;Paysandu 1338;29038327;Consultar en: https://www.redpagos.com.uy/buscador-de-locales-18 ;Recarga;574225.90964187;6137538.58137199
REDPAGOS SALINAS NORTE;Ruta 87 Y Yamandú;4376 3912;Consultar en: https://www.redpagos.com.uy/buscador-de-locales-18 ;Recarga;606068.716902947;6151643.25786408
AVENIDA SERV. FIN. T.I. ATLANTIDA;Ruta Gral L.Seregni Km 45;43719640;Consultar en: https://www.redpagos.com.uy/buscador-de-locales-18 ;Recarga;612752.284422364;6152007.70647541
CAMBIO VELSO GARZON;Av. Garzón 1927 Bis Esq. Eduardo Raíz;23202854;Consultar en: https://www.redpagos.com.uy/buscador-de-locales-18 ;Recarga;571106.153178059;6148238.34992922
DOTTI LAS PIEDRAS;Pilar Cabrera 589 Esq. Avda. Artigas;23645524;Consultar en: https://www.redpagos.com.uy/buscador-de-locales-18 ;Recarga;571468.066292673;6156955.67366313
CAMBIO PERNAS;Av. 8 De Octubre 3602 Esq. Pernas;25073170;Consultar en: https://www.redpagos.com.uy/buscador-de-locales-18 ;Recarga;578236.036850093;6140246.60958837
REDPAGOS SUPERMERCADO LA CHACRA;Av. José Belloni 6389;22201909;Consultar en: https://www.redpagos.com.uy/buscador-de-locales-18 ;Recarga;579008.608957278;6150776.79678368
CAMBIO FEDERAL;General Artigas S/N Entre 22 Y 24;43720435;Consultar en: https://www.redpagos.com.uy/buscador-de-locales-18 ;Recarga;613382.640559098;6151620.94679354
REDPAGOS SUPER KIKO;Ruta 74 Km. 24.200;2288 4749;Consultar en: https://www.redpagos.com.uy/buscador-de-locales-18 ;Recarga;589927.382380602;6152993.74503923
AVENIDA SERVICIOS FINANCIEROS T.I PQUE. POSADAS;Luis A De Herrera 4462;23374755;Consultar en: https://www.redpagos.com.uy/buscador-de-locales-18 ;Recarga;573562.183127467;6142514.09352619
Agencia de Quinielas 32/013;Grecia 3251;23156518;Horario de atención del local;Recarga;568741.495134138;6138591.4941803
Agencia de Quinielas 88/048;Lezica, Av. 5818;095181410;Horario de atención del local;Recarga;570574.599255087;6148489.43176764
REDPAGOS LA CURVA;Ocho De Octubre 4822;2511 2411;Consultar en: https://www.redpagos.com.uy/buscador-de-locales-18 ;Recarga;579310.538556339;6142550.8755404
Agencia de Quinielas 68/011;Saravia, Bvar. Aparicio 2116;092828551;Horario de atención del local;Recarga;580732.174867927;6145825.28626371
REDPAGOS ARIEL;Camino Ariel 4919.;092181253;Consultar en: https://www.redpagos.com.uy/buscador-de-locales-18 ;Recarga;571629.933344468;6145132.42406747
REDPAGOS BOCCHI;Gaboto 1481;24034281;Consultar en: https://www.redpagos.com.uy/buscador-de-locales-18 ;Recarga;574968.473558755;6137562.18240672
Agencia de Quinielas 53/013;Zanja Reyuna 1920 Bis;23125678;Horario de atención del local;Recarga;565370.395220345;6146769.72785212
REDPAGOS CUTCSA;Av. José Pedro Varela 3385;2216 2299;Consultar en: https://www.redpagos.com.uy/buscador-de-locales-18 ;Recarga;576539.814764644;6141321.87002069
Agencia de Quinielas 26/037;Edison, Cno. 4680 Bis;094820444;Horario de atención del local;Recarga;572498.834492101;6145848.91085872
Agencia de Quinielas 89/009;Sayago, Av. 1146;23545325;Horario de atención del local;Recarga;571851.48179576;6145386.43474961
REDPAGOS CASABO LAFAMILIA;Charcas 2674;23150791;Consultar en: https://www.redpagos.com.uy/buscador-de-locales-18 ;Recarga;566763.119020358;6139337.76985615
REDPAGOS GREEN BOUTIQUE T.I GARIBALDI;Av. Gral. José Garibaldi 2484;24837175;Consultar en: https://www.redpagos.com.uy/buscador-de-locales-18 ;Recarga;576312.788024452;6139439.37506849
Agencia de Quinielas 16/027;Nuñez De Arce 4794;094800719;Horario de atención del local;Recarga;580704.206290283;6141216.25356286
REDPAGOS ESSO EL MOLINO;Enrique Pouey S/N;23663352;Consultar en: https://www.redpagos.com.uy/buscador-de-locales-18 ;Recarga;571090.832962841;6156114.18991672
Agencia de Quinielas 83/019;Colon 1250;091839069;Horario de atención del local;Recarga;572345.904147779;6136611.22607929
Agencia de Quinielas 44/012;Italia, Av. 4096;095161627;Horario de atención del local;Recarga;580131.091219742;6139108.50725101
Agencia de Quinielas 46/048;Melendez, Manuel 4325;22165713;Horario de atención del local;Recarga;576538.300444109;6143252.74736618
Agencia de Quinielas 17/035;Pasaje E 1249;095750062;Horario de atención del local;Recarga;570081.017091744;6147427.10533998
Agencia de Quinielas 17/004;Cont. Bvar. Aparicio Saravia 1745;095692363;Horario de atención del local;Recarga;570348.461452857;6147808.33936713
REDPAGOS INGLES DISCO 11;Av. 8 De Octubre 2681 Esq. Garibaldi;24818790;Consultar en: https://www.redpagos.com.uy/buscador-de-locales-18 ;Recarga;576712.484185107;6138878.27726146
REDPAGOS MULTIAHORRO 25;Gral. Flores 5499 Bis;22114261;Consultar en: https://www.redpagos.com.uy/buscador-de-locales-18 ;Recarga;578524.139401286;6145626.30113035
REDPAGOS CAMBIO IBERIA;Treinta Y Tres 550;43326314;Consultar en: https://www.redpagos.com.uy/buscador-de-locales-18 ;Recarga;565967.006193972;6179373.75571987
GALES SERVICIOS FINANCIEROS 21 DE SET.;21 De Setiembre 2850 Esq. Ellauri;27116680;Consultar en: https://www.redpagos.com.uy/buscador-de-locales-18 ;Recarga;577080.392401159;6135614.20203613
REDPAGOS BOHEMIOS;Gabriel Pereira Esq. Libertad;27096220;Consultar en: https://www.redpagos.com.uy/buscador-de-locales-18 ;Recarga;577631.307228433;6136977.79821551
VARLIX SERVICIOS FINANCIEROS DISCO 27;Av Italia 3428;24817921;Consultar en: https://www.redpagos.com.uy/buscador-de-locales-18 ;Recarga;578524.969189638;6139141.17061
CAMBIO MISIONES;25 De Mayo 452;2917 2917;Consultar en: https://www.redpagos.com.uy/buscador-de-locales-18 ;Recarga;572493.942390815;6137065.20868176
REDPAGOS MATREX;Molinos De Raffo 976 Esquina Ariel;2359 4947;Consultar en: https://www.redpagos.com.uy/buscador-de-locales-18 ;Recarga;572359.611454993;6144546.55826274
REDPAGOS LOS KABE;Perez Buttler Esq. Giannattasio;2695 4090;Consultar en: https://www.redpagos.com.uy/buscador-de-locales-18 ;Recarga;598692.787636485;6148521.49664971
Agencia de Quinielas 26/034;Rinaldi, Cno. Tte. 4193;00000;Horario de atención del local;Recarga;578329.963844672;6146084.11544984
INDUMEX PORTONES SHOPPING;Shopping Portones;26017832;Consultar en: https://www.redpagos.com.uy/buscador-de-locales-18 ;Recarga;584003.981116115;6139770.84116492
REDPAGOS FEOLA;Av. Rivera 2094 Esq. J. De Salterain;24026877;Consultar en: https://www.redpagos.com.uy/buscador-de-locales-18 ;Recarga;575799.764655107;6137468.94752394
REDPAGOS SUPERMERCADO EL MORRO;Cno. Cibils 4484;23110929;Consultar en: https://www.redpagos.com.uy/buscador-de-locales-18 ;Recarga;566985.143194204;6140955.99824802
CAMBIO SIR LA ESPAÑOLA;Palmar 2311;24016923;Consultar en: https://www.redpagos.com.uy/buscador-de-locales-18 ;Recarga;576293.30361547;6137628.54229253
CAMBIO IBERIA SHOPPING LAS PIEDRAS;Av. Del Bicentenario 318 Local 046;2362 8536;Consultar en: https://www.redpagos.com.uy/buscador-de-locales-18 ;Recarga;572929.257472384;6157110.68021354
Agencia de Quinielas 27/024;Roletti, Gral. Julio Amadeo 3254;092951838;Horario de atención del local;Recarga;577203.136250895;6140201.69830302
Agencia de Quinielas 71/006;Regules, Elias 5932;094234454;Horario de atención del local;Recarga;583332.066360006;6140777.7049266
CAMBIO SIR COSTA URBANA;Avda. Giannatasio Km 20.500 Centro Civico L 133a;26826606;Consultar en: https://www.redpagos.com.uy/buscador-de-locales-18 ;Recarga;591833.531090347;6144130.31775501
REDPAGOS AGENCIA 427;Libertad 2675 Esq. Cavia;27070409;Consultar en: https://www.redpagos.com.uy/buscador-de-locales-18 ;Recarga;577118.652055147;6136695.44154835
REDPAGOS ANCAP AV. DEL LIBERTADOR;Av. Del Libertador 1572;29083519;Consultar en: https://www.redpagos.com.uy/buscador-de-locales-18 ;Recarga;573808.698898434;6137520.60773275
REDPAGOS SAN LUIS;Juan Caruso Esquina Honduras;4378 4908;Consultar en: https://www.redpagos.com.uy/buscador-de-locales-18 ;Recarga;629045.526745783;6151967.91466477
CAMBIO SIR RADISSON (Dentro del Casino);Colonia 759 (Dentro Del Casino);29081608;Consultar en: https://www.redpagos.com.uy/buscador-de-locales-18 ;Recarga;573121.730497356;6137148.04844809
REDPAGOS ALQUIMIA;Juan Antonio Lavalleja 8760 (Ruta 8) Esq. Ruta 102;22228741;Consultar en: https://www.redpagos.com.uy/buscador-de-locales-18 ;Recarga;585228.887513087;6149562.89408141
ALTERCAMBIO;Misiones 1375 L. 001;2916 7777;Consultar en: https://www.redpagos.com.uy/buscador-de-locales-18 ;Recarga;572514.450595431;6136932.29262751
CAMBIO VAL DEVOTO SUÁREZ;Joaquín Suarez 3458;2336 8182;Consultar en: https://www.redpagos.com.uy/buscador-de-locales-18 ;Recarga;573502.531775141;6141699.31244063
REDPAGOS SABBATELLA;Gral. Artigas S/N;4315 4100;Consultar en: https://www.redpagos.com.uy/buscador-de-locales-18 ;Recarga;613940.370534691;6199181.09007628
CAMBIO VAL CNEL. MORA;Cnel. Mora 596 Esq. Francisco Ros;27120254;Consultar en: https://www.redpagos.com.uy/buscador-de-locales-18 ;Recarga;576953.823401871;6135586.87616979
GALES SERVICIOS FINANCIEROS;Juan Carlos Patrón 1804 Bis;2204 6250;Consultar en: https://www.redpagos.com.uy/buscador-de-locales-18 ;Recarga;575010.563024058;6139269.40772966
REDPAGOS LA RANITA;Domingo Arena 4470;25139544;Consultar en: https://www.redpagos.com.uy/buscador-de-locales-18 ;Recarga;577824.459299268;6146857.43411747
REDPAGOS MELEK;Carlos Maria Ramirez 579;23579223;Consultar en: https://www.redpagos.com.uy/buscador-de-locales-18 ;Recarga;570295.353494329;6141979.67345382
ALTERCAMBIO CARRASCO;Alfredo Arocena 2005;26003914;Consultar en: https://www.redpagos.com.uy/buscador-de-locales-18 ;Recarga;585738.981990515;6139771.23819642
CAMBIO IBERIA;Chucarro 1320 Esq. Pagola;27079262;Consultar en: https://www.redpagos.com.uy/buscador-de-locales-18 ;Recarga;578059.131472719;6136619.92038126
CAMBIO OBELISCO;Av. 18 De Julio 2063 Esq. Martin C. Martínez;24009882;Consultar en: https://www.redpagos.com.uy/buscador-de-locales-18 ;Recarga;575768.383181888;6137761.77763565
VARLIX SERVICIOS FINANCIEROS- JOSE MARTI;José Marti 3407 Esq. Benito Blanco;27077653;Consultar en: https://www.redpagos.com.uy/buscador-de-locales-18 ;Recarga;577815.127779182;6136246.91275401
IBERIA LAS PIEDRAS;Rivera 603 Esq. Avda. Artigas;2364 3535;Consultar en: https://www.redpagos.com.uy/buscador-de-locales-18 ;Recarga;571799.17911773;6156911.73140302
REDPAGOS NICOMAR;W. Ferreira Aldunate 875;22945348;Consultar en: https://www.redpagos.com.uy/buscador-de-locales-18 ;Recarga;595174.075606972;6157817.19758286
CAMBIO 18;Av. 18 De Julio 1302 Esq. Yaguaron;29013872;Consultar en: https://www.redpagos.com.uy/buscador-de-locales-18 ;Recarga;574192.023538587;6137107.48887531
REDPAGOS MV;Br. Artigas 2151 Esq. Nueva Palmira;24084011;Consultar en: https://www.redpagos.com.uy/buscador-de-locales-18 ;Recarga;576209.035718802;6139063.03813176
REDPAGOS PUNTA GORDA;Av. Gral. Paz 1445 Esq. Caramburú;26017923;Consultar en: https://www.redpagos.com.uy/buscador-de-locales-18 ;Recarga;584042.490007307;6138430.60258299
REDPAGOS PUNTA RIELES;Cno. Guerra 6770 Esq. Camino Maldonado;25138936;Consultar en: https://www.redpagos.com.uy/buscador-de-locales-18 ;Recarga;582228.044162569;6146135.18200853
REDPAGOS TOLEDO;Ruta 6 Km 22.500;22966133;Consultar en: https://www.redpagos.com.uy/buscador-de-locales-18 ;Recarga;582653.562506718;6155316.92991954
RYNDER CASA CAMBIARIA;Echevarriarza 3263 Bis;26289400;Consultar en: https://www.redpagos.com.uy/buscador-de-locales-18 ;Recarga;578294.034428012;6136792.03632417
REDPAGOS SUPER TOTIS;Cno. Durán 5986 Esq. Juan Bonmesadri Padre;23208549;Consultar en: https://www.redpagos.com.uy/buscador-de-locales-18 ;Recarga;570392.646301432;6149181.08620295
REDPAGOS LAN CAM ANCAP;Av. Garzón 1599 Esq. Aparicio Saravia;23201837;Consultar en: https://www.redpagos.com.uy/buscador-de-locales-18 ;Recarga;571273.508119585;6147148.76087315
REDPAGOS URUGUAYANA;Angel Salvo 149 Esq. Uruguayana;2300 0002;Consultar en: https://www.redpagos.com.uy/buscador-de-locales-18 ;Recarga;571600.445619156;6141826.27872132
REDPAGOS LOS PARAISOS;Pedro De Mendoza 5398 Esq. Cmno. Pettirosi;2222 6268;Consultar en: https://www.redpagos.com.uy/buscador-de-locales-18 ;Recarga;576734.831422269;6148124.04748748
REDPAGOS PIZZORNO;Ruta 32 Km 23;23657247;Consultar en: https://www.redpagos.com.uy/buscador-de-locales-18 ;Recarga;575998.653140045;6158349.04144165
REDPAGOS NATIVO;Ruta 74 Km 27.500;22970588;Consultar en: https://www.redpagos.com.uy/buscador-de-locales-18 ;Recarga;588736.051080776;6155832.90552532
REDPAGOS LUCIAN;Av. San Martín 2952 Esq. Antonio Machado;22033607;Consultar en: https://www.redpagos.com.uy/buscador-de-locales-18 ;Recarga;574718.683050063;6140861.01265652
REDPAGOS SEPIR;Garibaldi 2550 Esq. Monte Caseros;24809182;Consultar en: https://www.redpagos.com.uy/buscador-de-locales-18 ;Recarga;576397.920303594;6139258.98700939
REDPAGOS BACHINO;Av. Treinta Y Tres Esq. Mackinon;4373 8128;Consultar en: https://www.redpagos.com.uy/buscador-de-locales-18 ;Recarga;621103.581978346;6152856.51883969
CAMBIO 18 VILLA MUÑOZ;Justicia 2398;22001080;Consultar en: https://www.redpagos.com.uy/buscador-de-locales-18 ;Recarga;574984.8670672;6139289.74762058
REDPAGOS INGLES DISCO 4;Legrand 5085 Esq. Retamosa;26137706;Consultar en: https://www.redpagos.com.uy/buscador-de-locales-18 ;Recarga;582357.770033481;6138825.8907506
REDPAGOS SAN RAMÓN;Batlle Y Ordóñez 1552 Esq. Masaguez;43122093;Consultar en: https://www.redpagos.com.uy/buscador-de-locales-18 ;Recarga;595920.852750494;6204064.90733691
REDPAGOS EL MASTIL;Av. Artigas Esq. Republica Argentina;23651368;Consultar en: https://www.redpagos.com.uy/buscador-de-locales-18 ;Recarga;571726.740504143;6158097.50048993
FINACAM EL PINAR;Av. Naciones Unidas M70 S12;26831188;Consultar en: https://www.redpagos.com.uy/buscador-de-locales-18 ;Recarga;599849.05716239;6148070.33577132
REDPAGOS CASMU;8 De Octubre 3310 Entre Propios Y Abreu;24800040;Consultar en: https://www.redpagos.com.uy/buscador-de-locales-18 ;Recarga;577755.297760944;6139893.14285158
REDPAGOS FINACAM CIUDAD VIEJA;Misiones 1484;098884415;Consultar en: https://www.redpagos.com.uy/buscador-de-locales-18 ;Recarga;572452.802004342;6137142.61372671
CAMBIO 18;26 De Marzo 3508;26281220;Consultar en: https://www.redpagos.com.uy/buscador-de-locales-18 ;Recarga;578844.08145088;6137061.36252466
REDPAGOS MULTIAHORRO 29;Miguelete 2224;24028569;Consultar en: https://www.redpagos.com.uy/buscador-de-locales-18 ;Recarga;575756.749409857;6138574.92546157
REDPAGOS MORALES - VILLALBA;José Belloni 4355;22278090;Consultar en: https://www.redpagos.com.uy/buscador-de-locales-18 ;Recarga;578569.400828694;6146159.36915552
CAMBIO IBERIA;Av. 8 De Octubre 3117;24875097;Consultar en: https://www.redpagos.com.uy/buscador-de-locales-18 ;Recarga;577405.35372749;6139699.13882202
REDPAGOS CASA ANA M. SILVA;Ruta 5 Vieja Km 24.600,  Vista Linda;23655719;Consultar en: https://www.redpagos.com.uy/buscador-de-locales-18 ;Recarga;571843.009196158;6160243.31033765
REDPAGOS SUR;Dr. Luis Correch Y Timoteo Aparicio;22929855;Consultar en: https://www.redpagos.com.uy/buscador-de-locales-18 ;Recarga;595744.034302255;6157091.70899108
REDPAGOS MARYLEO;Pedro Maraboto S/N;4313 7089;Consultar en: https://www.redpagos.com.uy/buscador-de-locales-18 ;Recarga;595582.612383285;6188524.97677796
VARLIX PUNTA CARRETAS II;Victor Soliño Esq. García Cortinas;27145495;Consultar en: https://www.redpagos.com.uy/buscador-de-locales-18 ;Recarga;576882.166096632;6134930.68911547
AVENIDA SERV. FIN. T.I. AV. ITALIA;Av. Italia 5820;2603 0208;Consultar en: https://www.redpagos.com.uy/buscador-de-locales-18 ;Recarga;583924.699408571;6139517.03366451
REDPAGOS VERACIERTO;Veracierto 3125;25092875;Consultar en: https://www.redpagos.com.uy/buscador-de-locales-18 ;Recarga;579947.904074827;6142202.19205086
AVENIDA SERVICIOS FINANCIEROS T.I UNIÓN;8 De Octubre 4086;2508 9914;Consultar en: https://www.redpagos.com.uy/buscador-de-locales-18 ;Recarga;579071.259888293;6140937.70282379
REDPAGOS LA CANASTA;Batlle Y Ordoñez 852 Y Teresa Cabana;4333 6086;Consultar en: https://www.redpagos.com.uy/buscador-de-locales-18 ;Recarga;565934.799488247;6180020.8423568
INVESTA PARQUE AGROALIMENTARIO;Luis Eduardo Perez 6651 Local C-19;23110100;Consultar en: https://www.redpagos.com.uy/buscador-de-locales-18 ;Recarga;567046.064948307;6146788.35753693
REDPAGOS DEL SUR;Ruta 101 Km 19,950 Local Pbsc 022, Aeropuerto Inte;094279119;Consultar en: https://www.redpagos.com.uy/buscador-de-locales-18 ;Recarga;589914.591604533;6144597.2681208
CAMBIO 18 - CAMINO CARRASCO;Camino Carrasco 6955;091518518;Consultar en: https://www.redpagos.com.uy/buscador-de-locales-18 ;Recarga;584827.797414821;6141110.22881111
REDPAGOS COFAS;Acevedo Diaz 1663 Esq. Eduardo V. Haedo;2409 6421;Consultar en: https://www.redpagos.com.uy/buscador-de-locales-18 ;Recarga;576078.638391348;6138074.95252743
Agencia de Quinielas 71/008;Beranger Juan 7235;094539000;Horario de atención del local;Recarga;585358.815716741;6140857.63646949
Agencia de Quinielas 80/040;Sierra Leona 242;23116180;Horario de atención del local;Recarga;566477.825582568;6139163.17762501
REDPAGOS SATURNO PREMIUM;Ruta 8 Km. 37.900;2295 6494;Consultar en: https://www.redpagos.com.uy/buscador-de-locales-18 ;Recarga;601397.438505623;6159455.39053944
Agencia de Quinielas 39/000;Blanco, Juan Benito 745;29290081;Horario de atención del local;Recarga;577571.33907951;6135670.82654993
Agencia de Quinielas 01/008;Tres Gracias, Las 2688;093946566;Horario de atención del local;Recarga;579432.198700961;6145461.10740219
Agencia de Quinielas 80/041;Patagonia 3773;23115579;Horario de atención del local;Recarga;567586.513604607;6139463.14770812
Agencia de Quinielas 10/047;Zubiria, Alberto 945;23558411;Horario de atención del local;Recarga;573527.529189049;6143709.92159107
CAMBIO MAIORANO;Av. Brasil 2557;2706 4202;Consultar en: https://www.redpagos.com.uy/buscador-de-locales-18 ;Recarga;576844.628859625;6136898.71071057
Agencia de Quinielas 80/023;Filipinas 4414;23113036;Horario de atención del local;Recarga;567479.912224592;6140846.01007076
CAMBIO SUIZO BUCEO;Av. Rivera 4260 Esq. Solano López;26199945;Consultar en: https://www.redpagos.com.uy/buscador-de-locales-18 ;Recarga;580250.285630544;6138142.23686388
Agencia de Quinielas 69/091;Pagola, Manuel Vicente 3163;27055899;Horario de atención del local;Recarga;584775.551784583;6138025.56702282
REDPAGOS IMPERIO;Interbalnearia Km 36.900;43729796;Consultar en: https://www.redpagos.com.uy/buscador-de-locales-18 ;Recarga;604556.469734074;6150964.37227637
REDPAGOS LIBRA;Omar Paitta 801;096589155;Consultar en: https://www.redpagos.com.uy/buscador-de-locales-18 ;Recarga;577822.724199648;6146868.53934514
REDPAGOS SERVICENTRO SAYAGO;Av. Garzon 1028;2359 9247;Consultar en: https://www.redpagos.com.uy/buscador-de-locales-18 ;Recarga;571298.792145519;6145470.93084982
Agencia de Quinielas 71/012;Areguati 3283;22279490;Horario de atención del local;Recarga;579877.849371185;6142975.04501505
Agencia de Quinielas 44/019;España, Bvar. 2592;097434008;Horario de atención del local;Recarga;576917.534997755;6136300.97692095
Agencia de Quinielas 39/038;De Valdivia, Pedro 5454;23219481;Horario de atención del local;Recarga;570933.29110661;6147129.10521063
Local Pruebas 184;Lima 1582;29290081;Horario de atención del local;Recarga;571784.500274643;6142100.10241377
Agencia de Quinielas 14/006;Genova 3562;099561089;Horario de atención del local;Recarga;580627.824794913;6145138.58520119
Agencia de Quinielas 65/032;Maldonado, Cno. 6677;092171610;Horario de atención del local;Recarga;581883.401596483;6145906.58059019
Agencia de Quinielas 22/010;Rodo, Jose Enrique 1914;096110400;Horario de atención del local;Recarga;575365.968370685;6137305.72913668
CAMBIO 18 UNION;Av. 8 De Octubre 3839 Esq. Larravide;25093252;Consultar en: https://www.redpagos.com.uy/buscador-de-locales-18 ;Recarga;578665.925088261;6140570.76591089
CAMBIO VELSO HIPOTECARIO (ex CAMBIO ASPEN III);Av. 18 De Julio 1923 Esq. Fernández Crespo;24094199;Consultar en: https://www.redpagos.com.uy/buscador-de-locales-18 ;Recarga;575414.737840907;6137591.35366504
REDPAGOS UNICENTRO;Av. Lezica 6406 Esq. Veraguas;23228329;Consultar en: https://www.redpagos.com.uy/buscador-de-locales-18 ;Recarga;568663.161443716;6149453.69034253
REDPAGOS PARQUE POSADAS;Parque Posadas Local 13;23360257;Consultar en: https://www.redpagos.com.uy/buscador-de-locales-18 ;Recarga;573609.34129661;6142648.9074821
CAMBIO FORTEX;Misiones 1385 Esq. Rincón;2915 5553;Consultar en: https://www.redpagos.com.uy/buscador-de-locales-18 ;Recarga;572536.588971941;6136935.88785578
REDPAGOS TATA CERRO;Carlos Ma. Ramirez 1490 Esq. Vigo;23146634;Consultar en: https://www.redpagos.com.uy/buscador-de-locales-18 ;Recarga;568833.502979945;6140741.44660066
CAMBIO REGUL UNION;Av. 8 De Octubre 3671 Esq. Comercio;25081515;Consultar en: https://www.redpagos.com.uy/buscador-de-locales-18 ;Recarga;578366.994841898;6140362.27413497
REDPAGOS SALINAS;Julieta Esq. Nutria;43763493;Consultar en: https://www.redpagos.com.uy/buscador-de-locales-18 ;Recarga;606145.253880232;6151177.75197064
REDPAGOS JIMBO;Av. San Martín 2366 Esq. Marcelino Berthelot;2209 4331;Consultar en: https://www.redpagos.com.uy/buscador-de-locales-18 ;Recarga;574339.578079323;6139626.95062804
REDPAGOS DEL PARQUE;Bvr. Artigas 1149;24015423;Consultar en: https://www.redpagos.com.uy/buscador-de-locales-18 ;Recarga;576394.367985067;6136863.66543138
Agencia de Quinielas 90/003;Bado, Jose Luis 3160 Bis;093662528;Horario de atención del local;Recarga;577939.726676947;6137564.09022977
REDPAGOS DELTA DEL TIGRE;Las Perlas S/N M62  S2, Esq. La Goleta;23473549;Consultar en: https://www.redpagos.com.uy/buscador-de-locales-18 ;Recarga;556255.811176849;6153029.8174313
GALES SERVICIOS FINANCIEROS CARRASCO;Arocena 1625;26004444;Consultar en: https://www.redpagos.com.uy/buscador-de-locales-18 ;Recarga;586101.971669449;6138935.28078123
CAMBIO BRIMAR;Misiones 1476;29160506;Consultar en: https://www.redpagos.com.uy/buscador-de-locales-18 ;Recarga;572462.848004576;6137119.02225805
CAMBIO VELSO BULEVAR;Bvr. Artigas 1777;24003161;Consultar en: https://www.redpagos.com.uy/buscador-de-locales-18 ;Recarga;576285.925538637;6138234.04047865
ANCAP EL COLORADO;Ruta 36 Y Ruta 48 Paraje El Colorado;2367 7663;Consultar en: https://www.redpagos.com.uy/buscador-de-locales-18 ;Recarga;563887.887240635;6162038.88545988
CAMBIO VAL DEVOTO MALVIN;Almería  4704;2614 0845;Consultar en: https://www.redpagos.com.uy/buscador-de-locales-18 ;Recarga;581537.690901477;6138273.37154817
VARLIX SERVICIOS FINANCIEROS;Rivera 6660;26049037;Consultar en: https://www.redpagos.com.uy/buscador-de-locales-18 ;Recarga;586064.797686882;6139170.75785341
REDPAGOS VITER;Orticochea, Maria 5641;23054067;Consultar en: https://www.redpagos.com.uy/buscador-de-locales-18 ;Recarga;570285.977453373;6145216.24002361
REDPAGOS LARA;César Mayo Gutiérrez 2416;2321 1533;Consultar en: https://www.redpagos.com.uy/buscador-de-locales-18 ;Recarga;570991.755644386;6149793.53686652
REDPAGOS SAG 501 EL DORADO;Río De La Plata Y Acuña De Figueroa (Super El Dora;2347 8020;Consultar en: https://www.redpagos.com.uy/buscador-de-locales-18 ;Recarga;550359.769018438;6155490.75227483
REDPAGOS DEL PLATA;Ruta 1 (Vieja) Km 27.600;2347 3667;Consultar en: https://www.redpagos.com.uy/buscador-de-locales-18 ;Recarga;553705.685937539;6154125.99498483
REDPAGOS CENTENARIO;Dámaso A Larrañaga 3648;2505 7380;Consultar en: https://www.redpagos.com.uy/buscador-de-locales-18 ;Recarga;577514.519023453;6141248.23885825
REDPAGOS AL TOQUE;Millán 2764 Y Vilardebó;22007247;Consultar en: https://www.redpagos.com.uy/buscador-de-locales-18 ;Recarga;574241.996313696;6140441.34288462
REDPAGOS SUPERCOCO;Cesar Mayo Gutierrez S/N;2361 9865;Consultar en: https://www.redpagos.com.uy/buscador-de-locales-18 ;Recarga;570649.569889462;6152887.13129705
REDPAGOS LA SIN RIVAL;Soriano 929;2900 1634;Consultar en: https://www.redpagos.com.uy/buscador-de-locales-18 ;Recarga;573442.715454132;6136854.46091956
REDPAGOS PERIMETRAL;Av. Pedro De Mendoza 6049;2222 6524;Consultar en: https://www.redpagos.com.uy/buscador-de-locales-18 ;Recarga;576340.139732091;6149513.86406787
AVENIDA SERV. FIN. T.I. MONTEVIDEO SHOPPING;Luis A. De Herrera 1290;2628 4023;Consultar en: https://www.redpagos.com.uy/buscador-de-locales-18 ;Recarga;578919.217343658;6137414.61906884
REDPAGOS LA ONCE;Ruta 8 Km. 26 Esq. Tacuarembó;2288 1111;Consultar en: https://www.redpagos.com.uy/buscador-de-locales-18 ;Recarga;591588.523787206;6154047.61944311
AVENIDA SERV. FIN. T.I. LAGOMAR;Av. Giannattasio Km. 21.800;2681 0514;Consultar en: https://www.redpagos.com.uy/buscador-de-locales-18 ;Recarga;593245.268724361;6144831.54365491
REDPAGOS OLIMACK;Rio Branco 1685;2903 7606;Consultar en: https://www.redpagos.com.uy/buscador-de-locales-18 ;Recarga;573357.301810644;6137710.22680364
Agencia de Quinielas 27/029;San Cono 3708 Bis;094974720;Horario de atención del local;Recarga;579484.669250483;6146873.1488092
Agencia de Quinielas 06/012;Charrua 2649;094206661;Horario de atención del local;Recarga;577029.540178976;6137168.7653295
Creditel - Montevideo Shopping;Local 358 ;26289524 ;Horario de atención del local;Solicitud de POSPAGO;578848.910711535;6137346.01935134
Creditel - Pando;Av.Gral Artigas 1079 ;22922973, 22928197 - 22928907 ;Horario de atención del local;Solicitud de POSPAGO;595184.889037779;6157410.27024737
Plaza Italiza;Av Italia 4250 Plaza Italia Local 008;26186670;L a S de 11:00 a 21:00;Solicitud de POSPAGO;580565.001646855;6139088.06212484
Creditel - Mini-Sucursal Pocitos;Benito Blanco 908;27082866;Horario de atención del local;Solicitud de POSPAGO;577694.15235056;6136083.57743445
Creditel - Sucursal Libertad;25 De Agosto 1120;43453102;Horario de atención del local;Solicitud de POSPAGO;534742.990609894;6167237.87845729
Creditel - Casa Central;Av. 18 De Julio Y Yaguaron;290800000;Horario de atención del local;Solicitud de POSPAGO;574213.016501593;6137115.02653101
CREDITEL -ISLA MERCADO AGRICOLA;Jose L.Terra 2220  Local 68;26283401;HORARIO DE ATENCIÓN DEL LOCAL;Solicitud de POSPAGO;574578.184257168;6139210.1129134
Creditel - Nuevo Centro Shopping;Nivel 1, Locales 141 Y 142 ;22013001 ;Horario de atención del local;Solicitud de POSPAGO;575987.511288219;6141143.6962294
Creditel - Mini-Sucursal Cerro;Carlos María Ramírez 1663 Esquina Grecia;23154800;Horario de atención del local;Solicitud de POSPAGO;568434.610067729;6140640.40875124
Oca - Casa Central;Colonia 1426 -1432 ;29018839 int 1018 y 1016;L. a V. de 10:00 a 19:00 Hs. - S. de 09:00 a 13:00 Hs.;Solicitud de POSPAGO;574394.3579339556;6137237.379667645
Oca - Montevideo Shopping;Av Dr Luis Alberto De Herrera 1329 Local 502;29018839 int 1018 y 1016;L. a D. de 10:00 a 22:00 Hs.;Solicitud de POSPAGO;578756.8534956755;6137382.857239338
Oca - Portones Shopping;Av Italia 5775 Local 106;29018839 int 1018 y 1016;L. a D. de 10:00 a 22:00 Hs.;Solicitud de POSPAGO;583974.7765961877;6139705.673239849
Oca - Centro;Av 18 De Julio 1100  ;29018839 int 1018 y 1016;L. a V. de 10:00 a 18:00 Hs. - S. de 09:00 a 13:00 Hs.;Solicitud de POSPAGO;573757.8647248963;6137066.074562285
Oca - Ciudad Vieja ;Sarandí 552  ;29018839 int 1018 y 1016;L. a V. de 10:00 a 18:00 Hs. - S. de 09:00 a 13:00 Hs.;Solicitud de POSPAGO;572733.8284985821;6136957.168011321
Oca - Colon;Av. Garzón 1928  ;29018839 int 1018 y 1016;L. a V. de 10:00 a 18:00 Hs. - S. de 09:00 a 13:00 Hs.;Solicitud de POSPAGO;571126.4259874986;6148233.8677462675
Oca - Cordon: Universidad;Av 18 De Julio 1799  ;29018839 int 1018 y 1016;L. a V. de 10:00 a 18:00 Hs. - S. de 09:00 a 13:00 Hs.;Solicitud de POSPAGO;575166.2020560297;6137468.0755559355
Oca - Paso Molino;Av Agraciada 4182  ;29018839 int 1018 y 1016;L. a V. de 10:00 a 18:00 Hs. - S. de 09:00 a 13:00 Hs.;Solicitud de POSPAGO;571369.9152388193;6142531.652417857
Oca - Pocitos;Av. Brasil 3128  ;29018839 int 1018 y 1016;L. a V. de 10:00 a 18:00 Hs. - S. de 09:00 a 13:00 Hs.;Solicitud de POSPAGO;577740.6757616368;6136086.287463985
Oca - Punta Carretas Shopping;Jose Ellauri 350 Loc 14,15,16 Nivel 3;29018839 int 1018 y 1016;L. a D. de 10:00 a 22:00 Hs.;Solicitud de POSPAGO;576755.3884424008;6135127.505158087
Oca - Shopping Tres Cruces;Bv Gral Artigas 1825 Loc 68/69;29018839 int 1018 y 1016;L. a D. de 10:00 a 22:00 Hs.;Solicitud de POSPAGO;576281.5155480948;6138560.030244519
Oca - Union;Av 8 De Octubre 3620  ;29018839 int 1018 y 1016;L. a V. de 10:00 a 18:00 Hs. - S. de 09:00 a 13:00 Hs.;Solicitud de POSPAGO;578252.5338741717;6140273.30802443
Creditel - Fama Electrodomésticos;L. Batlle Berres 6562 Esq Tomkinson ;(+598) 2313 3135;Horario de atención del local;Solicitud de POSPAGO;566525.692553258;6144867.28509115
Creditel - Unión;Av 8 De Octubre 3820 ;25080223, 25081367, 25081382 ;Horario de atención del local;Solicitud de POSPAGO;578650.92579209;6140548.38073975
Creditel - Paso Molino;Av Agraciada 4195 ;23061010 ;Horario de atención del local;Solicitud de POSPAGO;571341.89913618;6142561.4818578
Creditel - Portones Shopping;Loc. 287 Nivel 2 ;26060090 ;Horario de atención del local;Solicitud de POSPAGO;583833.257600766;6139641.42339181
Creditel - Shopping Tres Cruces;Local 116 ;24087073, 24026246, 24034855, 24024174 ;Horario de atención del local;Solicitud de POSPAGO;576220.770153487;6138420.12929083
Creditel - Las Piedras;Avenida Artigas 753 Esq 25 De Mayo ;23659150 ;Horario de atención del local;Solicitud de POSPAGO;571276.949168545;6156935.65127527
Creditel - Cordón;Av 18 De Julio 1787 ;24025122, 24027648;Horario de atención del local;Solicitud de POSPAGO;575127.745756321;6137458.18805636
Creditel - Colón;Avda. Garzón 1935 ;23238476, 23239900 ;Horario de atención del local;Solicitud de POSPAGO;571106.245512099;6148285.70474386
Creditel - Entrevero;Av 18 De Julio 1020 Loc. 46 Y 47 ;29011214, 29024166 ;Horario de atención del local;Solicitud de POSPAGO;573622.42257477;6137069.72544679
Oca - Nuevo Centro Shopping;Av Dr Luis Alberto De Herrera Esq. Bv Gral Artigas;29018839 int 1018 y 1016;L. a D. de 10:00 a 22:00 Hs.;Solicitud de POSPAGO;576096.7622396844;6141069.1479687225
Creditel - Lucian;San Martín 2952 Esquina Antonio Machado. Reducto;(+598) 2209 0763 | 2203 3607;Horario de atención del local;Solicitud de POSPAGO;574697.297449992;6140857.98194876
CENTRO DE GESTION STM - UNIDAD DE GESTION ECONOMICA;Soriano 1426 Esq. Santiago De Chile;1950 int. 9279;LUNES A VIERNES DE 1015 A 1545BRCONTACTO.STM@IMM.GUB.UY;Atención de reclamos por problemas con la tarjeta;574453.143139942;6136919.63421135
Agencia de Quinielas 35/017;Garcia Peña, Enrique S/N;94707966;Horario de atención del local;Edenred;574245.333628936;6141258.90777123
Agencia de Quinielas 45/012;Bisio, Agustin 4805 Bis;93599226;Horario de atención del local;Edenred;580922.789418857;6148130.67555703
Agencia de Quinielas 81/002;Volta 5176;97121004;Horario de atención del local;Edenred;571726.059862671;6146550.01718156
